method,eps,n_particles,seed,log_likelihood,grad_1,grad_2,seconds_per_run
multinomial,,25,0,-320.5038808535121,-91.51702923069416,-9.511146918082462,0.0019319300004281103
multinomial,,25,1,-345.54798380668376,-60.41458889192215,-13.395560642430828,0.0019319300004281103
multinomial,,25,2,-320.0120738654533,-4.382955724575318,4.308268683260784,0.0019319300004281103
multinomial,,25,3,-329.4804580903585,-77.47366695385877,16.742527665391457,0.0019319300004281103
multinomial,,25,4,-316.2302944427005,-64.36035696436522,-20.850613053820034,0.0019319300004281103
multinomial,,25,5,-328.6348544552699,-23.977113968916846,-27.68856299785668,0.0019319300004281103
multinomial,,25,6,-342.22162871992913,-57.793265970730104,-6.620699937768624,0.0019319300004281103
multinomial,,25,7,-335.974378832366,-45.11308162781842,-1.0535085058425149,0.0019319300004281103
multinomial,,25,8,-330.9955050732493,41.950984964814175,-23.60380761172077,0.0019319300004281103
multinomial,,25,9,-331.8291791099611,-57.51676029670729,-23.443190655225553,0.0019319300004281103
multinomial,,25,10,-348.41088790356986,-108.05639510200363,-25.343135097965543,0.0019319300004281103
multinomial,,25,11,-333.79170745199826,-12.376198193064365,12.47534550618749,0.0019319300004281103
multinomial,,25,12,-332.8851533063705,-57.34854968956853,-2.0032935848342106,0.0019319300004281103
multinomial,,25,13,-347.77112758650895,-16.8247818423234,-34.12054558707796,0.0019319300004281103
multinomial,,25,14,-341.2799926295864,-59.59830064241389,18.86734790961393,0.0019319300004281103
multinomial,,25,15,-333.5763276228009,43.548146100227086,3.2468609985833288,0.0019319300004281103
multinomial,,25,16,-344.14684327480586,-115.54538337422058,-27.305414221777447,0.0019319300004281103
multinomial,,25,17,-326.69949528268063,55.00286325559851,-2.639275243320064,0.0019319300004281103
multinomial,,25,18,-340.0430666344905,-68.1681871439407,3.988169178666577,0.0019319300004281103
multinomial,,25,19,-351.5197480385732,-25.59979534326841,-59.066520682814854,0.0019319300004281103
multinomial,,25,20,-332.95568416601725,3.4460469263856455,3.961617281990554,0.0019319300004281103
multinomial,,25,21,-343.25029744148014,-150.75523035945886,16.530057117525022,0.0019319300004281103
multinomial,,25,22,-325.9658382885216,-145.57529382029432,-25.829262448565473,0.0019319300004281103
multinomial,,25,23,-349.6926847442181,-48.990882608010125,6.115563429447083,0.0019319300004281103
multinomial,,25,24,-327.54264611991596,-42.26588008224577,7.0832770648877545,0.0019319300004281103
multinomial,,25,25,-328.61833919839717,-6.785298450445907,-2.2250141675369357,0.0019319300004281103
multinomial,,25,26,-324.4599206742249,15.649611512775788,-35.08003291419563,0.0019319300004281103
multinomial,,25,27,-344.295321510906,30.2512848429697,-11.160233261727312,0.0019319300004281103
multinomial,,25,28,-344.4608077421249,-249.4813961070268,-1.4627097950439736,0.0019319300004281103
multinomial,,25,29,-333.61466717147283,-104.00946365036418,-4.476978839101768,0.0019319300004281103
multinomial,,25,30,-327.5992709882391,-3.8168878130424897,3.9608579958387935,0.0019319300004281103
multinomial,,25,31,-330.7636960067848,9.026374020361148,-32.35271008967449,0.0019319300004281103
multinomial,,25,32,-326.6570612373677,-84.1481256863883,1.4257450433535426,0.0019319300004281103
multinomial,,25,33,-324.75572367561335,-53.777157613761936,-4.481219687479353,0.0019319300004281103
multinomial,,25,34,-330.31404153763447,-26.263134254038853,-13.220493698113815,0.0019319300004281103
multinomial,,25,35,-327.34941433889685,-14.928906659271906,-23.595839429913976,0.0019319300004281103
multinomial,,25,36,-345.5769386321063,-139.83031864075215,-9.923375837315241,0.0019319300004281103
multinomial,,25,37,-320.93356174999576,-38.583563848348604,-18.985297648583504,0.0019319300004281103
multinomial,,25,38,-341.2449698103496,-132.67755759898355,28.706370461136608,0.0019319300004281103
multinomial,,25,39,-336.31188096507947,-190.0140043515413,-44.01058550777475,0.0019319300004281103
multinomial,,25,40,-340.3489860267745,-172.65232320425048,-23.208460526657024,0.0019319300004281103
multinomial,,25,41,-337.1206775211861,-39.916561943949866,-20.274841462563348,0.0019319300004281103
multinomial,,25,42,-318.88114796849817,-49.833270049506936,-20.13676208728495,0.0019319300004281103
multinomial,,25,43,-340.81219673293134,-43.031656068870234,-10.497053138321558,0.0019319300004281103
multinomial,,25,44,-333.1038736923458,-125.09860745682859,-13.495949565754788,0.0019319300004281103
multinomial,,25,45,-329.3692224137402,9.826587710889541,11.551175701647523,0.0019319300004281103
multinomial,,25,46,-326.80477288842224,-54.39111013959648,-15.446045283244386,0.0019319300004281103
multinomial,,25,47,-341.43499247670525,6.560287671466391,-7.0588261666386884,0.0019319300004281103
multinomial,,25,48,-334.58965792600736,52.71879312248771,33.33230527828078,0.0019319300004281103
multinomial,,25,49,-340.13824971880007,-92.31719547546055,7.924255489623857,0.0019319300004281103
multinomial,,25,50,-331.1246365701034,-130.2221001444536,-21.12096498525511,0.003702839179895818
multinomial,,25,51,-328.2671121103478,-83.9917283776317,-17.741551800869452,0.003702839179895818
multinomial,,25,52,-331.10859645087174,-55.300577022633924,-12.336282188734915,0.003702839179895818
multinomial,,25,53,-343.13219484467135,0.015282975648201665,5.618521886925056,0.003702839179895818
multinomial,,25,54,-343.7219104925614,-17.15832545959386,-19.616251783297784,0.003702839179895818
multinomial,,25,55,-324.4439296383661,-132.99168879075071,-26.419527220967314,0.003702839179895818
multinomial,,25,56,-323.4950319676987,-24.614349568782945,3.3941890894319555,0.003702839179895818
multinomial,,25,57,-352.8337412377488,-100.33903597488592,-15.374907478271059,0.003702839179895818
multinomial,,25,58,-324.537321243086,54.668594930012674,-7.623969969478998,0.003702839179895818
multinomial,,25,59,-327.09017094710265,-72.2438485891589,0.9327425420517903,0.003702839179895818
multinomial,,25,60,-343.8371409745526,-55.463430971212816,-28.505647324881757,0.003702839179895818
multinomial,,25,61,-339.42407364059744,-114.92997746519654,-24.32918588558437,0.003702839179895818
multinomial,,25,62,-320.583661834688,-73.59783156488672,0.7433809458031748,0.003702839179895818
multinomial,,25,63,-332.1056925075109,-38.25057262104502,-18.748483103311344,0.003702839179895818
multinomial,,25,64,-328.2877837966339,-29.355398736386025,8.185195773360997,0.003702839179895818
multinomial,,25,65,-318.6518649296169,13.56697250219088,-16.090518117127893,0.003702839179895818
multinomial,,25,66,-331.15277769207614,-46.75212387771487,-2.7371966982410965,0.003702839179895818
multinomial,,25,67,-322.6469525996776,11.645281118030837,2.778864734144924,0.003702839179895818
multinomial,,25,68,-331.08992432707765,-31.280388435040102,7.02342304205572,0.003702839179895818
multinomial,,25,69,-340.36436644607085,61.146391958609904,-10.871069586360926,0.003702839179895818
multinomial,,25,70,-334.6465130402681,-53.047097817314814,5.9965225757855505,0.003702839179895818
multinomial,,25,71,-337.2240212717051,7.381649777794792,-23.896048054568237,0.003702839179895818
multinomial,,25,72,-333.7304243544229,-135.01773446019925,5.442035419168673,0.003702839179895818
multinomial,,25,73,-343.6057898387825,39.96268271967833,-40.968405300470806,0.003702839179895818
multinomial,,25,74,-328.5266051049511,-65.56487932661327,-21.65837046922988,0.003702839179895818
multinomial,,25,75,-319.32741775948784,12.42424131455681,-17.67402493112525,0.003702839179895818
multinomial,,25,76,-339.17191487542124,-107.36133568472974,12.703691018774848,0.003702839179895818
multinomial,,25,77,-349.19063204987447,-156.7158975192001,-16.76300681761831,0.003702839179895818
multinomial,,25,78,-328.7817871787909,-15.50955227166689,2.573392335655309,0.003702839179895818
multinomial,,25,79,-323.1131869422919,-1.4404403874870937,-2.859600335844735,0.003702839179895818
multinomial,,25,80,-337.6115084025193,6.25085826403149,-29.256893622979597,0.003702839179895818
multinomial,,25,81,-336.9279745614476,-56.33888645271822,-31.645578086333664,0.003702839179895818
multinomial,,25,82,-342.91784199389406,-52.526901309596106,-4.287994596731108,0.003702839179895818
multinomial,,25,83,-319.99954449788623,-72.79717179152237,-9.90303102590073,0.003702839179895818
multinomial,,25,84,-329.6710695687929,-101.45321732937064,-23.74587857027655,0.003702839179895818
multinomial,,25,85,-342.9064176346605,-88.16871002507035,-19.42728547215242,0.003702839179895818
multinomial,,25,86,-338.44981298599043,-176.0404746053374,-15.403700681564006,0.003702839179895818
multinomial,,25,87,-319.67982120317475,-1.9462462915814474,-23.166997226473537,0.003702839179895818
multinomial,,25,88,-323.9743760398883,12.889278919856258,-20.559185644816612,0.003702839179895818
multinomial,,25,89,-326.04916202232386,-32.217059841864845,-33.00303803601947,0.003702839179895818
multinomial,,25,90,-314.61292653537527,-77.82909733217248,20.785410030692574,0.003702839179895818
multinomial,,25,91,-320.9448092582691,-58.65151650800737,-13.35315298294888,0.003702839179895818
multinomial,,25,92,-324.760295398611,21.1747846503139,-14.530311213317718,0.003702839179895818
multinomial,,25,93,-324.17371672897843,-69.04213888529053,-23.269135161152356,0.003702839179895818
multinomial,,25,94,-330.6423861578173,-53.45064067547132,-13.948890841723028,0.003702839179895818
multinomial,,25,95,-322.05027497875597,-33.96284579085502,-13.259403003702344,0.003702839179895818
multinomial,,25,96,-325.6816364758254,20.04930935590499,-25.835084292679102,0.003702839179895818
multinomial,,25,97,-319.56941204449356,-93.59461897285449,1.3678672600071202,0.003702839179895818
multinomial,,25,98,-332.14959659890206,-105.74506907340034,3.105431550694836,0.003702839179895818
multinomial,,25,99,-334.83008962284634,-63.11806780375243,-11.897947276439762,0.003702839179895818
soft,,25,0,-334.49292075186383,22.62509023099208,-13.890507711011788,0.003949691660236568
soft,,25,1,-361.09547594383235,-119.9418832647503,-13.661358312199491,0.003949691660236568
soft,,25,2,-346.1295053190884,-130.68623708837856,-2.6206795066131945,0.003949691660236568
soft,,25,3,-347.0236113504825,-4.0860733335134745,17.18936730203753,0.003949691660236568
soft,,25,4,-331.295871049563,-155.2074485561886,-39.14338287560967,0.003949691660236568
soft,,25,5,-338.249395633563,16.76366721357653,-32.05683356982966,0.003949691660236568
soft,,25,6,-353.07487804053113,-73.57717078786466,-8.482185217020486,0.003949691660236568
soft,,25,7,-355.9442843572303,29.390631524189885,-7.560763137259862,0.003949691660236568
soft,,25,8,-346.33090371833316,15.653393239213205,-22.15328547261851,0.003949691660236568
soft,,25,9,-357.21202320329445,-143.86930570063726,-11.047761576353667,0.003949691660236568
soft,,25,10,-359.25815221175696,10.913030847447965,-2.152418503933501,0.003949691660236568
soft,,25,11,-357.72899712919906,-62.832598405417,2.526874130680849,0.003949691660236568
soft,,25,12,-377.52427100371415,-115.30566077853771,-34.16246983645571,0.003949691660236568
soft,,25,13,-355.3772430654406,91.52108897266585,-38.08473321822642,0.003949691660236568
soft,,25,14,-372.45409782569743,-103.00180022657663,5.002949123689078,0.003949691660236568
soft,,25,15,-337.5365454559089,-97.71558174683571,5.281697113048622,0.003949691660236568
soft,,25,16,-361.43067901045384,-189.143859284371,-12.324396120708853,0.003949691660236568
soft,,25,17,-360.06433177822396,49.159362737124376,-49.32358883559292,0.003949691660236568
soft,,25,18,-350.97572232439035,-4.693798484015564,4.74014454557209,0.003949691660236568
soft,,25,19,-356.168557095453,25.996767169484226,-74.30937751357702,0.003949691660236568
soft,,25,20,-350.8891826861022,-49.36980478381278,-14.369976591343306,0.003949691660236568
soft,,25,21,-349.3280160349681,-62.67573654739857,-8.267654162478618,0.003949691660236568
soft,,25,22,-360.9027877214961,-144.36294644002652,-60.8908165651024,0.003949691660236568
soft,,25,23,-361.6194198434871,8.678935986416963,7.144384813672312,0.003949691660236568
soft,,25,24,-340.36365051435456,-81.70227242422813,-6.391692000211037,0.003949691660236568
soft,,25,25,-358.11164556895983,36.641964518535815,-11.872937919741366,0.003949691660236568
soft,,25,26,-345.48717019687996,-13.472105307195696,-9.465983873040763,0.003949691660236568
soft,,25,27,-370.29150911347233,-64.18940838649996,24.97860092515794,0.003949691660236568
soft,,25,28,-352.8440468999675,-152.78539068931133,15.786958571098614,0.003949691660236568
soft,,25,29,-341.6029991489746,-82.22143256131949,-1.838224677166546,0.003949691660236568
soft,,25,30,-347.4123890946127,-112.76881780598224,-17.033796323697686,0.003949691660236568
soft,,25,31,-353.85444395625353,43.97885465998541,-14.399423073868846,0.003949691660236568
soft,,25,32,-341.54382656500104,-65.41311954657844,-6.231112019819131,0.003949691660236568
soft,,25,33,-348.80865396740035,-65.63799724057215,-53.30092162444375,0.003949691660236568
soft,,25,34,-349.8359863983762,-4.2451601255491935,-21.52715639498703,0.003949691660236568
soft,,25,35,-347.6519731269288,-163.8913689312219,-61.83826429745507,0.003949691660236568
soft,,25,36,-334.7236755910673,-136.62407757064508,23.387290229275035,0.003949691660236568
soft,,25,37,-345.20230238280675,32.34040719528954,-9.301391887271286,0.003949691660236568
soft,,25,38,-360.1018715844047,-197.20256506356245,15.862128497797126,0.003949691660236568
soft,,25,39,-328.50756735251593,-130.8212005148782,-33.32512308536719,0.003949691660236568
soft,,25,40,-349.28776951642544,-62.2103858814262,-34.47705013826748,0.003949691660236568
soft,,25,41,-342.8052414829285,8.264332479911484,-42.229271843609766,0.003949691660236568
soft,,25,42,-343.5221631019701,-140.08516564375435,-13.538080923858924,0.003949691660236568
soft,,25,43,-371.4003998991104,-42.518677258129664,-28.48425478876091,0.003949691660236568
soft,,25,44,-350.5688420229782,-224.35255502537373,-13.773426412418202,0.003949691660236568
soft,,25,45,-367.5982921696844,26.36767848493564,10.677902724721173,0.003949691660236568
soft,,25,46,-347.98830894922463,-92.1980401977942,24.415714543668283,0.003949691660236568
soft,,25,47,-346.05705347380473,-9.963138816058521,-33.55689996460827,0.003949691660236568
soft,,25,48,-361.75479298063897,68.38232595781281,24.912874434635604,0.003949691660236568
soft,,25,49,-375.96941083387964,-100.29032235620782,-4.710194270807023,0.003949691660236568
soft,,25,50,-342.67998403936247,-85.02363476844738,-4.723738957740718,0.003647570819593966
soft,,25,51,-352.51378359282495,-134.03639281213623,-40.015911852313806,0.003647570819593966
soft,,25,52,-362.51557308166576,-103.93505012522256,-59.02472134120128,0.003647570819593966
soft,,25,53,-372.22575053163496,-201.60889986185535,33.15170898019487,0.003647570819593966
soft,,25,54,-365.83927460928317,-97.09163321383518,-16.136531926505768,0.003647570819593966
soft,,25,55,-344.3839355990014,-61.21323092079979,-23.094619162340756,0.003647570819593966
soft,,25,56,-338.9971770282377,-94.90535394679928,-47.72089076916362,0.003647570819593966
soft,,25,57,-362.49981968646654,-69.63482591531849,-16.03405907796279,0.003647570819593966
soft,,25,58,-359.14255909320633,-60.75495870212804,-0.03171598320796054,0.003647570819593966
soft,,25,59,-339.1558455180814,-30.7609108958713,-22.341293393983253,0.003647570819593966
soft,,25,60,-350.6786146466312,-167.7199017635683,-10.695084266036641,0.003647570819593966
soft,,25,61,-361.85279013193974,-58.62449960805785,5.433990941818041,0.003647570819593966
soft,,25,62,-371.75313014210997,-176.1069270599798,-27.172130391335084,0.003647570819593966
soft,,25,63,-340.263671045736,36.82355938460441,-4.678092424164076,0.003647570819593966
soft,,25,64,-339.20255058277013,-73.11594117958688,-26.185681191212847,0.003647570819593966
soft,,25,65,-360.66535505113046,30.857424977176148,-51.865879136741114,0.003647570819593966
soft,,25,66,-341.52985049834524,28.69393927584894,-1.8299360594604754,0.003647570819593966
soft,,25,67,-341.7702219916918,-82.09794929417012,-6.034008763455558,0.003647570819593966
soft,,25,68,-350.335049753341,-154.0205900019798,11.603198465896,0.003647570819593966
soft,,25,69,-349.3262414255065,0.17394534540173023,-36.27607712782209,0.003647570819593966
soft,,25,70,-348.56648160398885,-34.224699133272246,-9.192315731151128,0.003647570819593966
soft,,25,71,-345.971528084598,39.25971372838766,12.788006538199426,0.003647570819593966
soft,,25,72,-352.1507961595838,-184.4506416951098,-4.372585566434819,0.003647570819593966
soft,,25,73,-359.49330159840474,-126.77506680884166,-30.00704880405163,0.003647570819593966
soft,,25,74,-339.9067373155896,-88.06256970313478,-34.98273837169848,0.003647570819593966
soft,,25,75,-354.38145812287576,-24.461470498515386,-11.933800117134878,0.003647570819593966
soft,,25,76,-362.22772196050715,-111.43439726835216,-9.61433216453644,0.003647570819593966
soft,,25,77,-384.32336130027835,-281.70473305754683,-25.243534656649377,0.003647570819593966
soft,,25,78,-340.24871835759564,-115.4440850747498,-21.98673788064541,0.003647570819593966
soft,,25,79,-329.1463960347524,-57.4556325711997,-5.300031275321346,0.003647570819593966
soft,,25,80,-362.5540255722893,-185.06959368224693,-35.03860843827588,0.003647570819593966
soft,,25,81,-351.4846430294878,-26.547724079076044,-50.358391909097925,0.003647570819593966
soft,,25,82,-362.43748769821184,-173.7061528063331,-46.38044583009854,0.003647570819593966
soft,,25,83,-346.5882426677647,-11.36442944223692,-12.004876299343453,0.003647570819593966
soft,,25,84,-355.3588203895858,45.4056505311435,-18.96910236730205,0.003647570819593966
soft,,25,85,-357.53948407067634,-226.95851657313506,-12.258838366561895,0.003647570819593966
soft,,25,86,-353.47877090939437,-110.05806128888943,-41.86222035271046,0.003647570819593966
soft,,25,87,-332.11173329668355,-45.79935832389741,15.147068879434956,0.003647570819593966
soft,,25,88,-373.25965088726207,-35.211427331329844,-22.916098138043896,0.003647570819593966
soft,,25,89,-345.8126604396875,-5.9238312879243615,-42.735426148192865,0.003647570819593966
soft,,25,90,-347.5768013152897,-17.28809098145271,29.919805513623764,0.003647570819593966
soft,,25,91,-363.8598349638979,-95.10384221682385,-14.373560041131963,0.003647570819593966
soft,,25,92,-334.599194961604,-43.20161132107063,6.785524591698778,0.003647570819593966
soft,,25,93,-359.1068178605997,72.01096347240475,-53.383477379781006,0.003647570819593966
soft,,25,94,-355.9342474403264,26.07641444460822,27.378128327124994,0.003647570819593966
soft,,25,95,-342.15651156257513,23.015612499190464,-21.198307858978204,0.003647570819593966
soft,,25,96,-352.6406770125383,-38.513748306823146,-5.241128424323943,0.003647570819593966
soft,,25,97,-313.0988400067834,-83.60144764630273,-21.312281688848397,0.003647570819593966
soft,,25,98,-381.6431141015269,-86.72495076998752,-13.017422468451475,0.003647570819593966
soft,,25,99,-348.98070753296145,-7.049169769396138,-35.89815673733393,0.003647570819593966
ot,0.25,25,0,-331.1414417962696,19.426528134892493,-21.731306687441858,0.801777633340098
ot,0.25,25,1,-335.6824995227108,-59.950000162114264,-11.758457462334583,0.801777633340098
ot,0.25,25,2,-337.29568298356344,-112.90333260138587,18.404656659003557,0.801777633340098
ot,0.25,25,3,-355.6692677751592,-67.95893592576886,3.7465664144269466,0.801777633340098
ot,0.25,25,4,-328.5603840911118,-128.75857605600166,3.2771678370383537,0.801777633340098
ot,0.25,25,5,-332.0865035563569,-23.30765223826499,-29.797083197270393,0.801777633340098
ot,0.25,25,6,-324.3818855683534,-143.3439495409647,-73.27503275237262,0.801777633340098
ot,0.25,25,7,-324.89620101371054,-117.3314998813116,-14.622946005178427,0.801777633340098
ot,0.25,25,8,-350.2595933948735,12.250169061339697,-6.094732456597475,0.801777633340098
ot,0.25,25,9,-325.21352895847286,-39.76302458663229,-36.593009113099896,0.801777633340098
ot,0.25,25,10,-318.2359310072842,-22.749111616571945,4.437673342889781,0.801777633340098
ot,0.25,25,11,-334.21445294025597,-51.81041856412633,-15.155806805463193,0.801777633340098
ot,0.25,25,12,-342.99524376557343,-46.835556722506524,-1.8706640647509478,0.801777633340098
ot,0.25,25,13,-332.60863273471057,-25.967198575021968,-26.804676385563077,0.801777633340098
ot,0.25,25,14,-335.16067252267885,-30.30228903333809,-5.933187571107414,0.801777633340098
ot,0.25,25,15,-341.3677728910105,6.516806924254124,-14.190509188131674,0.801777633340098
ot,0.25,25,16,-339.09220140468824,-26.012977403258315,9.11642461654332,0.801777633340098
ot,0.25,25,17,-344.5081638629753,-68.11437097135298,-51.51366471482695,0.801777633340098
ot,0.25,25,18,-345.4954045140097,-117.55599884845918,112.58781641918394,0.801777633340098
ot,0.25,25,19,-327.78637277248816,-59.97747702559112,-66.50473938941262,0.801777633340098
ot,0.25,25,20,-335.05255575889237,-62.60671816626629,17.444387041392332,0.801777633340098
ot,0.25,25,21,-324.1363439138436,-116.79976176425049,-406.0848022131062,0.801777633340098
ot,0.25,25,22,-341.3359955550066,-55.21551875025737,-4.547103936292632,0.801777633340098
ot,0.25,25,23,-327.0302700879127,-71.46840894540271,5.1880491249802985,0.801777633340098
ot,0.25,25,24,-345.9585650782317,-101.25701297879246,28.134075191565955,0.801777633340098
ot,0.25,25,25,-349.05483273010583,-6.554764970481247,3.1058763231775313,0.801777633340098
ot,0.25,25,26,-348.4474979059636,43.76650784190376,34.759305417366434,0.801777633340098
ot,0.25,25,27,-327.63456985862274,-35.78057804595086,1.0494094710069835,0.801777633340098
ot,0.25,25,28,-337.4492617067478,42.354167379727635,107.03792338886383,0.801777633340098
ot,0.25,25,29,-315.11880074487715,-36.29044954084708,4.770138349912034,0.801777633340098
ot,0.25,25,30,-335.77585135031245,-12.814346818453831,-14.4349624918658,0.801777633340098
ot,0.25,25,31,-333.8358686847877,4.476844862370726,-11.431337260789862,0.801777633340098
ot,0.25,25,32,-319.859393939759,-53.30608356469079,-16.532794108030515,0.801777633340098
ot,0.25,25,33,-338.94445145136365,34.60776942057463,-49.69825515849258,0.801777633340098
ot,0.25,25,34,-344.2974931749799,-74.26396120732961,-35.11186242705388,0.801777633340098
ot,0.25,25,35,-319.93016673905777,-30.096377087491163,-40.83588397852337,0.801777633340098
ot,0.25,25,36,-336.07861544397156,-25.73196569279551,-29.9254915154702,0.801777633340098
ot,0.25,25,37,-339.7226164528268,-66.96897310676356,-17.52969281214593,0.801777633340098
ot,0.25,25,38,-331.925063962308,-104.82790738791998,13.213796440071834,0.801777633340098
ot,0.25,25,39,-333.83199478375286,-36.688308885822664,-7.824605155609746,0.801777633340098
ot,0.25,25,40,-332.36025979610145,195.5221578890973,-36.879767513988725,0.801777633340098
ot,0.25,25,41,-327.05755402136583,-67.47417352003534,2.60748191278189,0.801777633340098
ot,0.25,25,42,-339.02736549234544,2.2067433281658744,9.911177948460605,0.801777633340098
ot,0.25,25,43,-321.34490269499844,30.675272688615074,-80.47344278116712,0.801777633340098
ot,0.25,25,44,-338.7610254212308,-61.563031115723994,139.4365422924959,0.801777633340098
ot,0.25,25,45,-316.1965855593308,-5.141544450030708,-19.56454595860586,0.801777633340098
ot,0.25,25,46,-333.2162371083507,7.993543276148849,5.832036896656518,0.801777633340098
ot,0.25,25,47,-319.2594319752029,-33.713827543531494,-22.448767475280217,0.801777633340098
ot,0.25,25,48,-341.35742744469366,-23.912293452996558,0.23833392074640747,0.801777633340098
ot,0.25,25,49,-336.39223785266904,34.22278504283895,132.3789759594062,0.801777633340098
ot,0.25,25,50,-315.7680240694847,-116.93986522034258,8.115519623622431,0.8248888675001217
ot,0.25,25,51,-341.31991249811267,66.08359928621427,-61.9851020126888,0.8248888675001217
ot,0.25,25,52,-341.49393022521633,-6.4053366881349785,-6.849528343732482,0.8248888675001217
ot,0.25,25,53,-345.6531944106608,-51.912680754780254,4.432670662665836,0.8248888675001217
ot,0.25,25,54,-323.17446329845194,-63.25016191684605,-0.8059776025326386,0.8248888675001217
ot,0.25,25,55,-322.67351415760265,-6.002856294516776,-18.519032591204454,0.8248888675001217
ot,0.25,25,56,-342.8400947675717,-63.73925149256693,13.29091844302233,0.8248888675001217
ot,0.25,25,57,-336.52699609938196,-70.21763845519207,-2.2435309729357935,0.8248888675001217
ot,0.25,25,58,-327.03395900489693,-26.41971829166095,-49.42334282544363,0.8248888675001217
ot,0.25,25,59,-326.89815731146945,-12.079847136744984,-14.821627752388785,0.8248888675001217
ot,0.25,25,60,-323.23313794161317,-26.75284226352426,-36.60297438298297,0.8248888675001217
ot,0.25,25,61,-335.18039919799327,-49.703538227818626,-6.2439642370476385,0.8248888675001217
ot,0.25,25,62,-340.5181811699213,-18.150725396203292,-33.84047015010491,0.8248888675001217
ot,0.25,25,63,-333.37866554304424,12.606984695420321,8.745539767211449,0.8248888675001217
ot,0.25,25,64,-314.4245817040079,-75.3713016177364,-29.600220181444598,0.8248888675001217
ot,0.25,25,65,-330.5898342834474,-63.70338338863032,-51.73258304332992,0.8248888675001217
ot,0.25,25,66,-336.43926238271564,46.993008451066906,-19.20475466843158,0.8248888675001217
ot,0.25,25,67,-343.43499861899505,-6.5475767041282555,-49.53312555661825,0.8248888675001217
ot,0.25,25,68,-332.463176131311,19.122005210371597,-15.674210234877886,0.8248888675001217
ot,0.25,25,69,-339.3735732126516,-53.484579629140164,-9.298511976338055,0.8248888675001217
ot,0.25,25,70,-339.9905082624639,107.50035725486988,-81.96863397458411,0.8248888675001217
ot,0.25,25,71,-334.30314481670877,-74.9248950208675,4.418050761018729,0.8248888675001217
ot,0.25,25,72,-336.99386293974584,-27.71437104919278,-18.990822468463865,0.8248888675001217
ot,0.25,25,73,-342.2211287191711,-13.474983800575007,-30.636582888702414,0.8248888675001217
ot,0.25,25,74,-330.45536255948156,27.135081486366413,2.297039364026076,0.8248888675001217
ot,0.25,25,75,-329.58105230079747,59.646356698981435,-13.264114543439057,0.8248888675001217
ot,0.25,25,76,-313.67927545382935,-5.456877913445821,24.807391175303,0.8248888675001217
ot,0.25,25,77,-323.61804329379265,-27.409320102783337,-64.89513862567162,0.8248888675001217
ot,0.25,25,78,-335.4609870527341,-75.37975512290046,-12.306622148907955,0.8248888675001217
ot,0.25,25,79,-325.70130739001854,-6.182447276618757,-15.452733031057459,0.8248888675001217
ot,0.25,25,80,-338.6345059234781,74.28967358824633,-12.780088722940913,0.8248888675001217
ot,0.25,25,81,-325.6057969331492,-51.270748944268554,-39.279360078390354,0.8248888675001217
ot,0.25,25,82,-316.3059034613664,28.67076911286353,17.953322091661168,0.8248888675001217
ot,0.25,25,83,-323.52259725405617,2.199036432904035,10.64173010207912,0.8248888675001217
ot,0.25,25,84,-342.5714964994671,83.12786593262683,-30.629058761633807,0.8248888675001217
ot,0.25,25,85,-340.41138408148913,30.91923052073049,21.31736285556891,0.8248888675001217
ot,0.25,25,86,-328.42318266868733,-47.97219159647734,-22.127185562563707,0.8248888675001217
ot,0.25,25,87,-348.7374086264052,46.96931728628568,-8.610509580829746,0.8248888675001217
ot,0.25,25,88,-339.2392019554834,-83.80684962116747,-22.691917056133065,0.8248888675001217
ot,0.25,25,89,-337.94288179623726,-10.00264879012612,-33.14356518208436,0.8248888675001217
ot,0.25,25,90,-330.2893712009005,-57.40212298193213,-10.93389508968032,0.8248888675001217
ot,0.25,25,91,-334.5883120626575,132.09416432113704,-66.86227231377529,0.8248888675001217
ot,0.25,25,92,-340.0445085844357,-43.7490428329776,-17.44322642450389,0.8248888675001217
ot,0.25,25,93,-344.36411965104753,-7.565732360768297,-17.598476240769653,0.8248888675001217
ot,0.25,25,94,-331.4148377588528,-47.81110722488833,-7.97018653846603,0.8248888675001217
ot,0.25,25,95,-337.60166776098316,-18.638020817965824,-46.61895573869694,0.8248888675001217
ot,0.25,25,96,-339.5449511189828,-102.37034359157107,-10.77917583502166,0.8248888675001217
ot,0.25,25,97,-340.21150113926933,-18.122311281014163,-34.38754148443617,0.8248888675001217
ot,0.25,25,98,-331.0308238033329,-16.158058559031815,-35.86484270937471,0.8248888675001217
ot,0.25,25,99,-345.10869667016806,142.12486520114692,-17.40517104638243,0.8248888675001217
ot,0.5,25,0,-333.33019558794996,11.35885950412949,-9.344508708126432,0.3844295599998441
ot,0.5,25,1,-334.97543272251505,-5.513845043191225,12.250287835414138,0.3844295599998441
ot,0.5,25,2,-337.79335207336675,-85.87292871982848,22.47583204787531,0.3844295599998441
ot,0.5,25,3,-357.14586004872365,-100.50972439318744,-20.71054272680523,0.3844295599998441
ot,0.5,25,4,-329.292403430344,-85.27091457299414,10.162148892175484,0.3844295599998441
ot,0.5,25,5,-332.22925063171806,-58.89736897456817,-21.08739901807584,0.3844295599998441
ot,0.5,25,6,-324.08538204980744,-165.65234312118875,5.3249283278144794,0.3844295599998441
ot,0.5,25,7,-323.53255251602394,-81.66006205342993,-1.1871324568409038,0.3844295599998441
ot,0.5,25,8,-348.8823240757427,-27.1641944864253,-23.990359844421302,0.3844295599998441
ot,0.5,25,9,-324.3577978360683,-11.081030437818526,-15.44777995325733,0.3844295599998441
ot,0.5,25,10,-317.02237412073384,-7.42397845303492,7.8330661713394,0.3844295599998441
ot,0.5,25,11,-334.6698669709481,-24.6371948976161,-25.57067667142275,0.3844295599998441
ot,0.5,25,12,-343.04321529484463,-47.18415399296877,-12.641450007731917,0.3844295599998441
ot,0.5,25,13,-332.40469480109493,-40.57765504123482,-44.918351752849254,0.3844295599998441
ot,0.5,25,14,-333.68843299472087,12.303031117590818,-13.834070134488814,0.3844295599998441
ot,0.5,25,15,-342.9767014646952,5.256518511496855,-13.564911147255422,0.3844295599998441
ot,0.5,25,16,-340.0564422413846,1.6188092307289454,-5.079731812886791,0.3844295599998441
ot,0.5,25,17,-343.0116949810129,-53.10603425188279,-37.922550910348484,0.3844295599998441
ot,0.5,25,18,-345.4236333801982,-28.278607251808623,120.44776094787424,0.3844295599998441
ot,0.5,25,19,-326.6026369174174,-64.05143628378522,-40.506254306894334,0.3844295599998441
ot,0.5,25,20,-336.5378464822559,-64.48760965466397,-8.600400994181928,0.3844295599998441
ot,0.5,25,21,-325.246537273389,-30.27130932688602,11.489366985459256,0.3844295599998441
ot,0.5,25,22,-340.0138886945757,-33.85553920352796,-0.8788473895815173,0.3844295599998441
ot,0.5,25,23,-328.38674285494426,-54.1670164398956,12.730677089053176,0.3844295599998441
ot,0.5,25,24,-345.94473240759487,-95.74269215259204,-6.329160174744338,0.3844295599998441
ot,0.5,25,25,-351.1711740777761,38.422322650415744,4.916573863986822,0.3844295599998441
ot,0.5,25,26,-349.3873097616894,-26.136576087189454,-3.3373850777835736,0.3844295599998441
ot,0.5,25,27,-326.95486742424725,-30.829796339257054,-3.446605615708813,0.3844295599998441
ot,0.5,25,28,-338.30238960894417,-39.353973446740525,-1.9803335824182324,0.3844295599998441
ot,0.5,25,29,-315.18489604033226,-23.191472501549935,-0.6587765233140117,0.3844295599998441
ot,0.5,25,30,-336.57439114803714,-0.994248304233124,-21.34530559100929,0.3844295599998441
ot,0.5,25,31,-335.0486258754724,31.94819376558274,-36.21038337392904,0.3844295599998441
ot,0.5,25,32,-318.54733012254377,-40.690915383421654,-33.84247124190801,0.3844295599998441
ot,0.5,25,33,-338.06052066919887,-56.1968517064536,-24.356376969892466,0.3844295599998441
ot,0.5,25,34,-345.2592782778504,-29.394877965086923,-17.537013409290733,0.3844295599998441
ot,0.5,25,35,-319.31121183030945,-32.36423126812652,-28.067941796966966,0.3844295599998441
ot,0.5,25,36,-334.733175508938,-29.379035568831796,-13.98536295577139,0.3844295599998441
ot,0.5,25,37,-338.70257147240875,-69.27826822525336,-16.620802444764653,0.3844295599998441
ot,0.5,25,38,-332.30695594030396,-80.54463664308962,-11.775030862524664,0.3844295599998441
ot,0.5,25,39,-333.83002865480677,-5.097855559580265,-15.117429342888217,0.3844295599998441
ot,0.5,25,40,-332.0035458029919,62.87148298087694,-29.95893463124717,0.3844295599998441
ot,0.5,25,41,-325.65517811308484,-30.874031952264197,-1.6530448460371443,0.3844295599998441
ot,0.5,25,42,-339.9750375815654,7.393229722481793,-20.27139147421079,0.3844295599998441
ot,0.5,25,43,-323.82526604937243,-33.97713963123849,-2.7300740020353285,0.3844295599998441
ot,0.5,25,44,-341.0539102018753,-24.1954575780705,-26.770538477094544,0.3844295599998441
ot,0.5,25,45,-316.0408856934194,0.17505805846226197,-18.820156506298964,0.3844295599998441
ot,0.5,25,46,-332.92938959681914,3.9285801538358807,12.173723210892861,0.3844295599998441
ot,0.5,25,47,-319.27097400078844,-31.51922349621959,-35.327046435786755,0.3844295599998441
ot,0.5,25,48,-343.17807763342773,-50.27087753305254,-7.35479286342269,0.3844295599998441
ot,0.5,25,49,-336.67614529129935,-60.403817752677774,5.577468724504436,0.3844295599998441
ot,0.5,25,50,-316.98233648225386,-83.78406612757416,31.019246172897326,0.2598228208400542
ot,0.5,25,51,-342.32696257776985,9.917083327445319,-39.49816354469965,0.2598228208400542
ot,0.5,25,52,-346.5209812108898,-23.567307775934967,-3.043119939768427,0.2598228208400542
ot,0.5,25,53,-343.43271780679373,-42.22776794729468,10.48458172528784,0.2598228208400542
ot,0.5,25,54,-322.8014900800565,-46.03784038039115,-3.5139190990080715,0.2598228208400542
ot,0.5,25,55,-321.2285338336619,-53.681849428226805,7.71931449861075,0.2598228208400542
ot,0.5,25,56,-345.1784928200998,-45.74414062792978,6.398183562624374,0.2598228208400542
ot,0.5,25,57,-337.4513327135526,-63.86381940743794,-2.0634834580198635,0.2598228208400542
ot,0.5,25,58,-329.8111603333136,-21.69659595136423,-45.541598644702454,0.2598228208400542
ot,0.5,25,59,-327.30788509432006,-43.119767623062785,10.296969382683004,0.2598228208400542
ot,0.5,25,60,-323.8769499993437,-20.613611120077813,-11.576835506216952,0.2598228208400542
ot,0.5,25,61,-332.7188538464382,-61.897538562922115,10.564599237719301,0.2598228208400542
ot,0.5,25,62,-339.93335205703545,-7.488404068371707,-13.956272274842172,0.2598228208400542
ot,0.5,25,63,-333.4284209742862,5.497741800030395,-12.121037750286689,0.2598228208400542
ot,0.5,25,64,-315.7889482728224,-46.6359638373474,-35.03997722558367,0.2598228208400542
ot,0.5,25,65,-329.3745843560413,-38.65006197549661,-37.947506387842935,0.2598228208400542
ot,0.5,25,66,-337.1672895810394,-7.339071803808391,-20.570955561260025,0.2598228208400542
ot,0.5,25,67,-341.9228190230848,-29.4167644337518,-3.0068146417607973,0.2598228208400542
ot,0.5,25,68,-332.88123338300096,9.217244457349054,-7.181132048315314,0.2598228208400542
ot,0.5,25,69,-339.12328120205535,-30.870246602576042,9.936255918585557,0.2598228208400542
ot,0.5,25,70,-342.51370367092136,-50.28954891521754,-21.63057635760848,0.2598228208400542
ot,0.5,25,71,-335.9604552049513,-41.99403493268531,-18.29822252248463,0.2598228208400542
ot,0.5,25,72,-336.95717275930053,-33.931811825643905,-11.013003159929777,0.2598228208400542
ot,0.5,25,73,-341.3007291171929,10.206331239479292,-10.149289024944334,0.2598228208400542
ot,0.5,25,74,-331.2411910150206,-19.484089334563784,3.7824335935488955,0.2598228208400542
ot,0.5,25,75,-329.7964961513052,26.984498759012418,1.9378020905572577,0.2598228208400542
ot,0.5,25,76,-316.246758641646,-26.771611236986445,12.714427594388345,0.2598228208400542
ot,0.5,25,77,-325.9821893245521,-16.615676148301265,-9.67669560112585,0.2598228208400542
ot,0.5,25,78,-335.5206351785772,-16.21439571343405,-10.476776766449065,0.2598228208400542
ot,0.5,25,79,-326.37751434897547,-15.729888600428586,-1.4514505619561024,0.2598228208400542
ot,0.5,25,80,-340.4896820481565,-33.63166594180127,8.725967134490677,0.2598228208400542
ot,0.5,25,81,-325.60546366206836,-40.86413151524563,-19.16947918938855,0.2598228208400542
ot,0.5,25,82,-316.88486327255646,-3.1179984460874532,5.92040442864271,0.2598228208400542
ot,0.5,25,83,-323.22746668666747,-15.820652554781153,-0.35169401890978197,0.2598228208400542
ot,0.5,25,84,-343.0862369322482,6.737619568180831,-31.929694659631924,0.2598228208400542
ot,0.5,25,85,-338.69566954118403,4.508540238994943,-9.237057098696093,0.2598228208400542
ot,0.5,25,86,-327.5075169980455,-27.407453739127764,-26.872225351834036,0.2598228208400542
ot,0.5,25,87,-349.1926853122254,-12.97272262231085,-31.60544331877535,0.2598228208400542
ot,0.5,25,88,-340.00237071956155,-53.81712049328236,-25.19770244970218,0.2598228208400542
ot,0.5,25,89,-339.58672380696765,-31.449426294307454,-17.469049809567476,0.2598228208400542
ot,0.5,25,90,-328.97993875906,-64.18063111192987,-10.040995029270102,0.2598228208400542
ot,0.5,25,91,-334.21467330202864,89.35775639206406,-70.6973938192707,0.2598228208400542
ot,0.5,25,92,-339.1929450724832,-9.209545639636127,-28.037598709142735,0.2598228208400542
ot,0.5,25,93,-344.6204219066238,-0.6212368717180042,-12.709081116478323,0.2598228208400542
ot,0.5,25,94,-334.199039689119,-49.74432608036988,10.796631432372404,0.2598228208400542
ot,0.5,25,95,-336.0851917736637,-29.066083493683646,-29.472144464645417,0.2598228208400542
ot,0.5,25,96,-339.56134798284137,110.19182740671098,-27.01779808850305,0.2598228208400542
ot,0.5,25,97,-341.5714764869693,-4.594266307768544,-21.51781886840055,0.2598228208400542
ot,0.5,25,98,-328.96166498884656,-19.73830167640093,-14.577494336065676,0.2598228208400542
ot,0.5,25,99,-346.4262011143294,-43.57549448995978,-19.01206870464666,0.2598228208400542
ot,1.0,25,0,-334.91370927755617,15.481467453414218,-3.0984299124916603,0.12342240918020252
ot,1.0,25,1,-334.2849954615581,5.2432189927846,-7.621238216464881,0.12342240918020252
ot,1.0,25,2,-337.1638355677764,-58.523282286329234,18.39160113736008,0.12342240918020252
ot,1.0,25,3,-359.3305756729481,-73.97263100425153,-22.9581033359761,0.12342240918020252
ot,1.0,25,4,-330.8612193085067,-87.4619050673304,13.704735731739849,0.12342240918020252
ot,1.0,25,5,-333.638822805763,-37.249502266064425,-11.63431868979471,0.12342240918020252
ot,1.0,25,6,-323.357995504182,-180.64932369014292,1.4074567210859996,0.12342240918020252
ot,1.0,25,7,-322.4174024359583,-80.42180405045772,-12.221867596701587,0.12342240918020252
ot,1.0,25,8,-348.4144426569861,-17.888479705325224,-19.562558156229894,0.12342240918020252
ot,1.0,25,9,-323.67795884835334,-16.79645684769889,-18.639664611049497,0.12342240918020252
ot,1.0,25,10,-316.4419541821491,4.448969223632187,3.810153527239101,0.12342240918020252
ot,1.0,25,11,-334.52072730233294,-28.950163406711393,-24.12221204428229,0.12342240918020252
ot,1.0,25,12,-341.4525091113158,-43.46428120613972,-21.215439691399396,0.12342240918020252
ot,1.0,25,13,-332.6250949142156,-22.28672904811677,-35.08920763712079,0.12342240918020252
ot,1.0,25,14,-334.00323200382076,15.588312100336289,-6.419493168544099,0.12342240918020252
ot,1.0,25,15,-345.33275256703564,-5.341616509830837,-20.41292489836899,0.12342240918020252
ot,1.0,25,16,-342.20289948877166,29.931391417774943,-21.48542656213546,0.12342240918020252
ot,1.0,25,17,-340.7400521985483,-47.56547479785426,-25.964619797925685,0.12342240918020252
ot,1.0,25,18,-344.7295407024702,-56.01381455752711,14.788004276585202,0.12342240918020252
ot,1.0,25,19,-326.0466327264623,-56.09895332227322,-27.8154405979871,0.12342240918020252
ot,1.0,25,20,-335.75685748881773,-87.24598927844619,-15.416175747334245,0.12342240918020252
ot,1.0,25,21,-326.1988770229678,-36.24044236501881,-10.471383550707491,0.12342240918020252
ot,1.0,25,22,-339.3039348654878,-36.44409955697218,7.263290476770279,0.12342240918020252
ot,1.0,25,23,-330.992339399373,-51.14506735669992,14.761955864198018,0.12342240918020252
ot,1.0,25,24,-345.8226060424746,-99.18592334639636,-14.396707252857073,0.12342240918020252
ot,1.0,25,25,-352.21446607658845,22.148592920895275,2.149191549025498,0.12342240918020252
ot,1.0,25,26,-349.8161056585098,-29.348687813939563,-19.88858507342713,0.12342240918020252
ot,1.0,25,27,-326.18595503254556,-16.856277193783082,-21.675744937634267,0.12342240918020252
ot,1.0,25,28,-336.9241634866264,-20.75901507846322,-5.572738309538556,0.12342240918020252
ot,1.0,25,29,-314.5335630005574,-28.033220161566724,-7.107208331511405,0.12342240918020252
ot,1.0,25,30,-336.9160141686506,-37.89399479067436,-20.39635616538939,0.12342240918020252
ot,1.0,25,31,-334.553232296535,9.104176162951351,-21.100160321817757,0.12342240918020252
ot,1.0,25,32,-318.50829623961556,-21.71320932278773,-23.483534595543738,0.12342240918020252
ot,1.0,25,33,-336.9536027385904,-46.8888432280548,-27.090423398302832,0.12342240918020252
ot,1.0,25,34,-345.73713221883514,-19.710398040058454,-16.233712909994594,0.12342240918020252
ot,1.0,25,35,-318.7595604986825,-28.006727059067337,-23.064346224169352,0.12342240918020252
ot,1.0,25,36,-334.12262308537856,-11.734955760324864,-20.33174525684179,0.12342240918020252
ot,1.0,25,37,-337.70041499856114,-53.807435299761075,-19.291872757768495,0.12342240918020252
ot,1.0,25,38,-332.2242030985916,-86.62248354144027,-14.814595541993278,0.12342240918020252
ot,1.0,25,39,-333.0843252732408,-11.030036248339872,-12.642143432522976,0.12342240918020252
ot,1.0,25,40,-331.112767735144,7.551768080961639,-26.75821612264635,0.12342240918020252
ot,1.0,25,41,-326.26204517188586,-9.006061305886153,-1.5351906180051142,0.12342240918020252
ot,1.0,25,42,-340.1559277557137,-4.3318639827666985,-35.98128379218545,0.12342240918020252
ot,1.0,25,43,-327.51961433060615,-37.15731546658897,-7.514780058012484,0.12342240918020252
ot,1.0,25,44,-341.1305155252961,-37.413448707603386,-32.07798651284951,0.12342240918020252
ot,1.0,25,45,-314.834245549434,5.523648246786999,-16.32675708753679,0.12342240918020252
ot,1.0,25,46,-333.0095478190841,9.297775748221905,9.317245079827977,0.12342240918020252
ot,1.0,25,47,-318.0091365827296,-16.665968392961855,-36.78243555498624,0.12342240918020252
ot,1.0,25,48,-345.06477548880537,-37.80515064790047,-9.109136142575363,0.12342240918020252
ot,1.0,25,49,-336.36548511406164,-42.34003977939542,1.721306123023778,0.12342240918020252
ot,1.0,25,50,-318.9747329155598,-75.75274876042592,23.02608532325032,0.10530017584038433
ot,1.0,25,51,-342.7343896389824,-35.26103903461268,-27.439938557679774,0.10530017584038433
ot,1.0,25,52,-347.9341977273009,-16.414144401726084,-4.647366398082502,0.10530017584038433
ot,1.0,25,53,-341.750542456379,-65.38690668146853,6.194381951325105,0.10530017584038433
ot,1.0,25,54,-323.26751468329707,-34.1198110830019,-6.552728171007971,0.10530017584038433
ot,1.0,25,55,-321.7694989670552,-45.32333952301379,-8.743487146860852,0.10530017584038433
ot,1.0,25,56,-348.71342199914505,-48.0618653452402,9.652244453623018,0.10530017584038433
ot,1.0,25,57,-339.22368077999494,-74.41596208477895,5.362685007340232,0.10530017584038433
ot,1.0,25,58,-329.77255482497486,-16.236125842405126,-29.334487340165328,0.10530017584038433
ot,1.0,25,59,-329.42550450698417,-52.68234612392915,-5.440680991778749,0.10530017584038433
ot,1.0,25,60,-325.2274664013017,-11.987698064085212,-5.138284478566276,0.10530017584038433
ot,1.0,25,61,-330.1586058753054,-65.14226178450633,6.461576256438583,0.10530017584038433
ot,1.0,25,62,-339.0599910871155,-5.217422227614922,-16.285862203727575,0.10530017584038433
ot,1.0,25,63,-334.88868398517707,-3.093537549188471,-8.731154458362333,0.10530017584038433
ot,1.0,25,64,-317.35618845729573,-36.46769500569548,-32.36846196878271,0.10530017584038433
ot,1.0,25,65,-328.2459386551591,-66.6020923015214,-29.033105973191415,0.10530017584038433
ot,1.0,25,66,-337.9608284979184,-19.06016280864353,-20.94804480035004,0.10530017584038433
ot,1.0,25,67,-343.2667588921814,-55.82030102986169,-11.705624064667584,0.10530017584038433
ot,1.0,25,68,-334.20255746784824,-4.7219085137319,-3.6884458002566936,0.10530017584038433
ot,1.0,25,69,-340.979786016178,-38.7895579615041,12.528049629933163,0.10530017584038433
ot,1.0,25,70,-342.42473223427544,-96.67013558854961,-23.876362260108316,0.10530017584038433
ot,1.0,25,71,-334.1966037187855,-34.77108355516473,-17.458411210580994,0.10530017584038433
ot,1.0,25,72,-337.05540369595053,-27.76226196251844,-15.474050495168031,0.10530017584038433
ot,1.0,25,73,-341.49668119499273,24.196369095720932,-15.27604519451982,0.10530017584038433
ot,1.0,25,74,-332.55356034196774,-28.694636566278767,2.071777539044487,0.10530017584038433
ot,1.0,25,75,-330.9884147043012,32.224561553350604,0.5276878123325255,0.10530017584038433
ot,1.0,25,76,-318.364755904948,-21.457628628771907,6.217701570176661,0.10530017584038433
ot,1.0,25,77,-327.1193178596365,-19.591034709240443,-10.897358669041049,0.10530017584038433
ot,1.0,25,78,-336.9828721411418,-31.806106176665185,-14.98571255967004,0.10530017584038433
ot,1.0,25,79,-328.0377387709328,-25.132391531845297,-3.3598483604546283,0.10530017584038433
ot,1.0,25,80,-342.51852086276045,-43.01598377883021,0.734193519068525,0.10530017584038433
ot,1.0,25,81,-325.7261243413301,-36.33641871436957,-8.99638498141755,0.10530017584038433
ot,1.0,25,82,-317.16517864228416,-10.567492654167177,0.41342056083109147,0.10530017584038433
ot,1.0,25,83,-323.650676541638,-8.140536459305855,-7.74708978740723,0.10530017584038433
ot,1.0,25,84,-344.9193037434551,12.782611515873754,-27.2493148195945,0.10530017584038433
ot,1.0,25,85,-338.26990432035814,-19.141245677352757,-6.1052823463169945,0.10530017584038433
ot,1.0,25,86,-328.97087403319273,-17.33575922681259,-24.01851480050576,0.10530017584038433
ot,1.0,25,87,-349.7765203937362,-29.852559365272214,-30.593797357906507,0.10530017584038433
ot,1.0,25,88,-339.9562239794387,-54.11226420610013,-33.38219790456844,0.10530017584038433
ot,1.0,25,89,-340.2367916875172,-34.947396025248516,-17.58288796077975,0.10530017584038433
ot,1.0,25,90,-327.26686269365473,-37.0922617088952,-0.19768139643893834,0.10530017584038433
ot,1.0,25,91,-334.9188237591409,31.485449375883555,-44.673253450926204,0.10530017584038433
ot,1.0,25,92,-337.9245161903176,-3.873926520002568,-29.965479413535775,0.10530017584038433
ot,1.0,25,93,-342.5082144043392,24.738065950939824,-24.4390409424095,0.10530017584038433
ot,1.0,25,94,-336.6528124184692,-55.0168987894713,14.067603813077154,0.10530017584038433
ot,1.0,25,95,-336.3341985607306,-11.99218285530651,-38.74617639376014,0.10530017584038433
ot,1.0,25,96,-338.1604056161871,78.04575425785167,-14.758455696775414,0.10530017584038433
ot,1.0,25,97,-345.014265875889,-23.301120952079803,-16.702591160535693,0.10530017584038433
ot,1.0,25,98,-328.6440363144032,-8.677652848876539,-17.49191192818695,0.10530017584038433
ot,1.0,25,99,-345.1935130974352,-69.12193501176722,-13.307594858388098,0.10530017584038433
multinomial,,50,0,-310.92901296558466,-47.04783200271612,-17.68990650032271,0.0028158724994864315
multinomial,,50,1,-323.68691324355706,-132.53025856357283,-8.335535526811,0.0028158724994864315
multinomial,,50,2,-317.09410844812794,-30.4107443878516,14.103655243991163,0.0028158724994864315
multinomial,,50,3,-313.4251638392222,-27.005882469826492,-12.92719154390155,0.0028158724994864315
multinomial,,50,4,-325.39001566209714,-14.96922372478324,-4.74414068125142,0.0028158724994864315
multinomial,,50,5,-327.4210233117838,-69.73574750059493,-0.7613149762095035,0.0028158724994864315
multinomial,,50,6,-325.81060394510627,-24.610454826618486,-15.48972572328613,0.0028158724994864315
multinomial,,50,7,-324.4777162983779,-53.227052177114125,-25.114094245152057,0.0028158724994864315
multinomial,,50,8,-322.70574010814556,-54.08499954489401,-35.60988220856358,0.0028158724994864315
multinomial,,50,9,-326.1998679228738,-2.2112492866086577,-21.17311179506169,0.0028158724994864315
multinomial,,50,10,-321.43577371742623,-35.28284220767503,-28.611378259059023,0.0028158724994864315
multinomial,,50,11,-322.8763122599006,-16.518699895089973,-8.783760250205134,0.0028158724994864315
multinomial,,50,12,-321.9392624953975,-74.68949140493815,-2.22619150931504,0.0028158724994864315
multinomial,,50,13,-318.343120385696,-61.46826121260008,-21.53139362672331,0.0028158724994864315
multinomial,,50,14,-322.62627956691193,-63.68188385896048,-7.2586131529654985,0.0028158724994864315
multinomial,,50,15,-309.36873886959506,-30.69911223438374,-26.35535503671249,0.0028158724994864315
multinomial,,50,16,-325.06495047478035,-91.32863372036246,-17.19616331030111,0.0028158724994864315
multinomial,,50,17,-314.4347457154959,11.098953181407323,-6.891542184377131,0.0028158724994864315
multinomial,,50,18,-313.805259235004,-38.35214741885597,-0.9931557219352177,0.0028158724994864315
multinomial,,50,19,-320.9370593512241,-29.45549129014134,-24.353859441035794,0.0028158724994864315
multinomial,,50,20,-322.254630641676,-64.77051506363098,-28.78219971909486,0.0028158724994864315
multinomial,,50,21,-313.8446784932099,-7.7210540766282225,-1.2403198387549272,0.0028158724994864315
multinomial,,50,22,-317.6338899315617,9.85736951038367,-0.5219764336678364,0.0028158724994864315
multinomial,,50,23,-316.7785115412107,-26.77925326620956,2.6649242310234666,0.0028158724994864315
multinomial,,50,24,-328.1495566319047,-46.121486661599064,-8.479731557145733,0.0028158724994864315
multinomial,,50,25,-311.842099776308,-90.82202684420704,-28.124006369494666,0.0028158724994864315
multinomial,,50,26,-315.2844991876574,-88.57114743016776,-33.844228538992915,0.0028158724994864315
multinomial,,50,27,-337.24075443223853,-21.372137221958123,-23.590931577685243,0.0028158724994864315
multinomial,,50,28,-320.25666273318575,-95.636728577914,-26.022853190496082,0.0028158724994864315
multinomial,,50,29,-323.6388407169254,-72.44766489927548,-2.1662296978660645,0.0028158724994864315
multinomial,,50,30,-313.4995456697367,-27.8353169544733,-21.90931011401525,0.0028158724994864315
multinomial,,50,31,-315.78130733294745,-53.46181330916979,-29.76140641687218,0.0028158724994864315
multinomial,,50,32,-316.7362753380723,27.407536003174734,-10.718591984546409,0.0028158724994864315
multinomial,,50,33,-321.55612545254417,36.128693290328975,-31.03573735583562,0.0028158724994864315
multinomial,,50,34,-311.9702911700406,5.451582675117563,-27.475265575761348,0.0028158724994864315
multinomial,,50,35,-316.9032620315198,-54.99315529483666,-5.1645285958957245,0.0028158724994864315
multinomial,,50,36,-312.2209275746179,-18.56058800043988,-17.27660700752043,0.0028158724994864315
multinomial,,50,37,-312.83368799142215,-30.620069852627783,0.44321014872386544,0.0028158724994864315
multinomial,,50,38,-322.8390074215055,-80.51271044417261,-3.9956058648613615,0.0028158724994864315
multinomial,,50,39,-324.6562992462156,-45.2016361879235,-14.978155176065352,0.0028158724994864315
multinomial,,50,40,-310.5292906527252,-40.393240277085326,-18.351144322049144,0.0028158724994864315
multinomial,,50,41,-315.7725081269454,28.154755061119616,-33.61861158685582,0.0028158724994864315
multinomial,,50,42,-315.4474222834129,-3.8420452663640248,-11.515266308579157,0.0028158724994864315
multinomial,,50,43,-313.7722059872801,-4.842811417869293,5.488651111759475,0.0028158724994864315
multinomial,,50,44,-328.1358296158294,-92.95467608339234,-6.890765400824036,0.0028158724994864315
multinomial,,50,45,-307.8958806137077,-54.522066254843324,-17.653064064824065,0.0028158724994864315
multinomial,,50,46,-323.1233822920276,-85.2633224775979,-4.656626093409287,0.0028158724994864315
multinomial,,50,47,-313.43477088117504,-0.36815269665541683,-38.55418529252292,0.0028158724994864315
multinomial,,50,48,-320.2218068280345,-55.17686723870359,-12.671715193242566,0.0028158724994864315
multinomial,,50,49,-321.18804323539155,-54.86862834230677,-17.67651821256111,0.0028158724994864315
multinomial,,50,50,-314.88303282832766,-50.15773360740166,-12.264435983197103,0.004425783339538612
multinomial,,50,51,-319.39482197383376,-32.89066248026679,-12.303962011002032,0.004425783339538612
multinomial,,50,52,-315.41996374854943,-76.96266701446378,-7.20991209175437,0.004425783339538612
multinomial,,50,53,-322.59565901181963,-73.01276994735255,-16.746916105918014,0.004425783339538612
multinomial,,50,54,-313.22374213743007,-41.352335022146754,-2.4455184304433555,0.004425783339538612
multinomial,,50,55,-317.34646849296604,-62.771845082378476,-12.87903514297506,0.004425783339538612
multinomial,,50,56,-312.95505992373455,-39.83298577767607,-9.400936228778667,0.004425783339538612
multinomial,,50,57,-321.9127431931491,-107.38024301159888,-2.373727503024421,0.004425783339538612
multinomial,,50,58,-325.6379869833685,-32.48653985562999,8.674476596796252,0.004425783339538612
multinomial,,50,59,-315.2103876028005,-30.82822651485473,-9.853920289191647,0.004425783339538612
multinomial,,50,60,-329.31775891161084,32.27876402461846,-28.31053577411069,0.004425783339538612
multinomial,,50,61,-320.6838963910265,-82.16913224127994,-20.463090245576247,0.004425783339538612
multinomial,,50,62,-312.68387034700993,-21.77178874914615,-11.27462061736958,0.004425783339538612
multinomial,,50,63,-323.8104351745334,-31.0766391631737,5.6047646104978615,0.004425783339538612
multinomial,,50,64,-321.43849432542896,-14.879734712296184,-10.401402244675491,0.004425783339538612
multinomial,,50,65,-325.0633335784643,-122.01279230499365,-17.87604388777892,0.004425783339538612
multinomial,,50,66,-316.584544489083,-2.1354017351907815,-11.430363834864204,0.004425783339538612
multinomial,,50,67,-324.16923881293883,-13.253869143618616,-9.688744797426846,0.004425783339538612
multinomial,,50,68,-330.47335572264876,-42.43660769939836,-18.52751891560642,0.004425783339538612
multinomial,,50,69,-319.23434647527256,-109.10204564424326,-10.231877338814233,0.004425783339538612
multinomial,,50,70,-323.90403680839347,-22.58749954215852,-6.965964856347939,0.004425783339538612
multinomial,,50,71,-312.02576097661597,-28.53837030352369,-22.002831501696303,0.004425783339538612
multinomial,,50,72,-309.473134621811,-14.29696600751331,0.571946742134203,0.004425783339538612
multinomial,,50,73,-313.5914716181578,13.124296084473656,-10.683084132846316,0.004425783339538612
multinomial,,50,74,-325.94582669873887,-87.49786802770817,-0.08579079784953836,0.004425783339538612
multinomial,,50,75,-328.5959393341673,-83.6295259088672,-15.82880417666715,0.004425783339538612
multinomial,,50,76,-318.73997456707264,-33.14786696481498,-22.17552616436954,0.004425783339538612
multinomial,,50,77,-325.7121721675787,-42.04655084925768,-26.474087840424108,0.004425783339538612
multinomial,,50,78,-322.3728937556035,-138.0506034849762,-6.840306412591012,0.004425783339538612
multinomial,,50,79,-318.3007703824403,-46.43657240372641,-15.68126853258482,0.004425783339538612
multinomial,,50,80,-313.31718511887715,-82.61129052350547,-7.458100596933917,0.004425783339538612
multinomial,,50,81,-325.1169835228208,-3.170404454946239,-22.100897865676608,0.004425783339538612
multinomial,,50,82,-323.5926415764745,-59.68768855718851,-17.037064055019076,0.004425783339538612
multinomial,,50,83,-316.5804396709875,-4.192810920402258,-17.33663806834646,0.004425783339538612
multinomial,,50,84,-313.08581188718875,-48.17378223087853,-0.8411358624530225,0.004425783339538612
multinomial,,50,85,-322.20028501397917,-2.6850632294717034,-1.609242416401686,0.004425783339538612
multinomial,,50,86,-322.46915152567055,-20.846805239690923,-13.580310971962646,0.004425783339538612
multinomial,,50,87,-313.7104103777723,-12.906505407735416,5.040445061326599,0.004425783339538612
multinomial,,50,88,-320.22834595239385,-97.93127428495497,-9.455471032205583,0.004425783339538612
multinomial,,50,89,-329.13759876397927,-66.05090609678889,-23.20170685100172,0.004425783339538612
multinomial,,50,90,-310.54136528652754,-62.67584799110812,-10.895826032217592,0.004425783339538612
multinomial,,50,91,-320.47858479550246,-21.22199388277051,-10.532827884488496,0.004425783339538612
multinomial,,50,92,-316.0638626635042,-92.62165439504811,7.18347234579174,0.004425783339538612
multinomial,,50,93,-313.00241020051317,11.77569633123272,-6.026637864397378,0.004425783339538612
multinomial,,50,94,-312.119396965969,-28.82673891434441,-2.5044576863493044,0.004425783339538612
multinomial,,50,95,-319.95074791703894,17.769891485965083,-25.887521162487545,0.004425783339538612
multinomial,,50,96,-315.0955449091333,-14.791350399042084,-22.688478973600496,0.004425783339538612
multinomial,,50,97,-322.0858262388707,-80.15980477134111,-14.637101460570115,0.004425783339538612
multinomial,,50,98,-313.4307559093373,-78.06089486062837,-14.471735951998616,0.004425783339538612
multinomial,,50,99,-321.7407471656197,-64.84520484565608,-23.541696991296128,0.004425783339538612
soft,,50,0,-325.0254575416944,-111.5403629981387,9.910920451817846,0.007745979999890551
soft,,50,1,-332.3166500946321,-17.45907623196477,-18.08221713989057,0.007745979999890551
soft,,50,2,-318.84237380679315,22.47717840321128,1.2928523707425859,0.007745979999890551
soft,,50,3,-323.6366513413739,21.31234087928448,-15.185631647743204,0.007745979999890551
soft,,50,4,-338.28850384014703,-55.01997736645308,14.11753358588404,0.007745979999890551
soft,,50,5,-338.43752807267504,-30.423387139045456,-9.05945045441253,0.007745979999890551
soft,,50,6,-338.0640090476025,-62.84999566654789,-28.796062797374773,0.007745979999890551
soft,,50,7,-327.8978440664683,-100.28840708046509,-13.554331287251738,0.007745979999890551
soft,,50,8,-316.9456913188939,-29.51584429485545,-33.71870025036775,0.007745979999890551
soft,,50,9,-337.8522490835974,-103.61239403161403,-7.734606443757124,0.007745979999890551
soft,,50,10,-324.45042276963835,-63.69634510912549,-29.99231455021374,0.007745979999890551
soft,,50,11,-327.84012954297003,-43.20981824486068,-12.309807222878517,0.007745979999890551
soft,,50,12,-328.2287105075545,-30.141073766623233,-13.373363834642802,0.007745979999890551
soft,,50,13,-328.933996934008,-63.04324872922875,0.7340422607986504,0.007745979999890551
soft,,50,14,-331.67658521118193,11.709900968243126,-2.55988967023965,0.007745979999890551
soft,,50,15,-325.16383145738564,-8.648597618472882,-37.77702625612328,0.007745979999890551
soft,,50,16,-324.01549946296393,-31.338682966842153,-15.34185905663998,0.007745979999890551
soft,,50,17,-328.00890826547266,-44.996740707873215,-6.736521598315004,0.007745979999890551
soft,,50,18,-322.8564566426448,-16.32306824092353,0.05820823272109643,0.007745979999890551
soft,,50,19,-333.796761026057,-39.84930874891655,-18.420886596918333,0.007745979999890551
soft,,50,20,-336.9534273869781,-92.25821037856298,-27.090465389604326,0.007745979999890551
soft,,50,21,-329.66037338668764,-146.68191546963942,-4.777447605468217,0.007745979999890551
soft,,50,22,-326.2291103289543,23.96615468587983,20.510179948682417,0.007745979999890551
soft,,50,23,-320.1600164862445,-50.49481739489813,13.785287326484308,0.007745979999890551
soft,,50,24,-329.18297720566454,-39.05224778854479,-21.856784682846733,0.007745979999890551
soft,,50,25,-317.91279421051627,18.809331934747043,-20.57260885785335,0.007745979999890551
soft,,50,26,-324.01347138847757,-62.9260123066303,-27.082871461250427,0.007745979999890551
soft,,50,27,-344.6462279048545,29.868891385425215,-16.87726433212286,0.007745979999890551
soft,,50,28,-324.3482478951706,-112.1384534859974,-20.54733179425579,0.007745979999890551
soft,,50,29,-339.3098807021354,-138.20165813245853,-27.12845398126807,0.007745979999890551
soft,,50,30,-325.62864183826406,-33.52263306356241,-1.7902534801568382,0.007745979999890551
soft,,50,31,-329.9364822620035,-126.60251290557048,-14.465066999581497,0.007745979999890551
soft,,50,32,-336.67068283094994,16.785080741271155,-10.055236401481995,0.007745979999890551
soft,,50,33,-315.5314329330229,30.935456257219656,-33.72319822044676,0.007745979999890551
soft,,50,34,-319.45272610359876,56.41110029002468,-18.08966050923291,0.007745979999890551
soft,,50,35,-322.87217688433515,4.587338132924399,-18.237396747718574,0.007745979999890551
soft,,50,36,-319.77317003866136,-13.262897031427768,-25.101637660978653,0.007745979999890551
soft,,50,37,-326.4736191303797,-20.847130530635017,-30.455632247054197,0.007745979999890551
soft,,50,38,-335.3435795986279,-79.30466215416904,-4.189988567759181,0.007745979999890551
soft,,50,39,-335.648525213872,-191.9952790058473,-3.04817627951923,0.007745979999890551
soft,,50,40,-338.67176230373485,-146.60596245923958,-7.443522588910593,0.007745979999890551
soft,,50,41,-334.53979988278775,57.96266657278054,-35.11136791621713,0.007745979999890551
soft,,50,42,-333.51582213680274,-27.50864206738186,-20.609729648702938,0.007745979999890551
soft,,50,43,-315.7192642940112,40.07563946136794,-14.791977240202607,0.007745979999890551
soft,,50,44,-338.81059572268526,-104.73588029926975,7.042527980913808,0.007745979999890551
soft,,50,45,-314.45613346825803,21.94402810704534,13.894160431530265,0.007745979999890551
soft,,50,46,-320.20454526396804,-66.22864604646853,-16.111856749142696,0.007745979999890551
soft,,50,47,-323.8488193198965,34.666669217021386,-30.794143982217907,0.007745979999890551
soft,,50,48,-334.23219708183984,-40.48770977097764,-22.37918850378793,0.007745979999890551
soft,,50,49,-329.87900342172844,5.453702757692579,-32.489542419571436,0.007745979999890551
soft,,50,50,-332.2504963063006,-80.39492648372098,-24.039276820754942,0.0066347791603766386
soft,,50,51,-340.2351843721399,-106.54702380791244,-7.1495267820022725,0.0066347791603766386
soft,,50,52,-329.3301170126057,8.651171885215978,-25.080331650390473,0.0066347791603766386
soft,,50,53,-327.3555936653263,-77.18078234824819,-12.112354827393627,0.0066347791603766386
soft,,50,54,-315.86575222421266,-49.21229239479374,-1.7587335064317473,0.0066347791603766386
soft,,50,55,-331.06560565930226,-73.28338780696086,-9.357816617716875,0.0066347791603766386
soft,,50,56,-317.99228865607625,-36.0538800178796,-23.675301897872487,0.0066347791603766386
soft,,50,57,-317.29348143714617,-58.531052888623506,0.9397285083095073,0.0066347791603766386
soft,,50,58,-332.5050389682939,-17.642651274908225,-11.413570031649572,0.0066347791603766386
soft,,50,59,-328.0895570660994,-140.9780424526039,-20.730640006135136,0.0066347791603766386
soft,,50,60,-342.03115220810696,30.34237150590331,-8.117815537403752,0.0066347791603766386
soft,,50,61,-325.7893260315159,-128.35241470879419,-3.6573568812911685,0.0066347791603766386
soft,,50,62,-316.3597577620038,-9.8842577097384,-48.39406569822212,0.0066347791603766386
soft,,50,63,-333.3310335975477,-100.24083251054783,0.622938559687753,0.0066347791603766386
soft,,50,64,-338.43892458951194,-47.31548324210988,-2.8799175118171805,0.0066347791603766386
soft,,50,65,-343.98447003280313,1.8278609211635457,-20.276397676845498,0.0066347791603766386
soft,,50,66,-323.44066586358963,-114.45652900834372,-21.092302420600763,0.0066347791603766386
soft,,50,67,-326.84363014130486,-32.40334249451235,-11.018901742064987,0.0066347791603766386
soft,,50,68,-325.37421313417605,-72.8582123714822,-25.25251606033958,0.0066347791603766386
soft,,50,69,-326.1285327449636,-80.07974355616922,-5.352285077211365,0.0066347791603766386
soft,,50,70,-331.149925729778,-103.13429290373267,3.362256959315652,0.0066347791603766386
soft,,50,71,-316.78981443737183,31.237881621591505,-18.70379675175355,0.0066347791603766386
soft,,50,72,-322.9460650198177,64.47364043608019,-4.988158919674812,0.0066347791603766386
soft,,50,73,-327.4176279557872,-62.403761652138535,-10.498435653615129,0.0066347791603766386
soft,,50,74,-346.059947028605,-132.31013546739155,22.41549188471292,0.0066347791603766386
soft,,50,75,-330.44278569794284,-50.73218240370117,3.1055136107874795,0.0066347791603766386
soft,,50,76,-327.0982442138667,-23.468600345833778,-23.973247795695325,0.0066347791603766386
soft,,50,77,-332.7580086526217,-52.339806428913846,-31.033308959460705,0.0066347791603766386
soft,,50,78,-332.74431495527574,-82.56539020273989,-12.62454300974095,0.0066347791603766386
soft,,50,79,-336.97091671125537,-128.01013031540614,-29.089822486509807,0.0066347791603766386
soft,,50,80,-322.30012623227736,-89.94974164109365,-15.73107964277116,0.0066347791603766386
soft,,50,81,-330.41324739766225,-65.06241842310426,-15.627047734598435,0.0066347791603766386
soft,,50,82,-335.77088137943906,-25.11361822995958,-48.91122127711325,0.0066347791603766386
soft,,50,83,-318.0046911899774,-97.33251682149483,-22.30253915746337,0.0066347791603766386
soft,,50,84,-332.7574544946941,-33.82503392364346,-15.78282338177324,0.0066347791603766386
soft,,50,85,-324.797401781929,-37.8025135677374,-10.550198376180973,0.0066347791603766386
soft,,50,86,-332.2500892040977,-131.58749720215874,-22.92563304988011,0.0066347791603766386
soft,,50,87,-316.5896563197816,-55.794702513669314,4.414613796980102,0.0066347791603766386
soft,,50,88,-327.6117697645014,-40.00344654999278,-27.25762278208524,0.0066347791603766386
soft,,50,89,-338.7840295207472,-66.47722217358597,-37.14569838761191,0.0066347791603766386
soft,,50,90,-323.20421851420423,-10.613084372052175,2.795317334109269,0.0066347791603766386
soft,,50,91,-331.5536329897974,29.08281295229893,-40.56434877710561,0.0066347791603766386
soft,,50,92,-310.30742829289187,-21.97452284419214,2.7723714949573095,0.0066347791603766386
soft,,50,93,-317.10245684059885,41.05607835191557,19.649775732863333,0.0066347791603766386
soft,,50,94,-320.66163667199584,-66.18504590770053,-4.60958650203127,0.0066347791603766386
soft,,50,95,-329.2531843143619,1.6123740229249814,-26.6296266026732,0.0066347791603766386
soft,,50,96,-321.00947852895183,-0.9227408182876936,-4.432375389440572,0.0066347791603766386
soft,,50,97,-317.33811580332883,-21.772725598716615,-14.813335629418736,0.0066347791603766386
soft,,50,98,-316.42343659351843,-95.09052758813165,19.2147135530954,0.0066347791603766386
soft,,50,99,-330.4300418337932,-48.2966274941151,-8.501864830025733,0.0066347791603766386
ot,0.25,50,0,-327.8462273813017,48.337367054155806,-37.12729454599924,1.1299554016598268
ot,0.25,50,1,-317.66142047709906,-12.816362175486825,-1.3507723333342878,1.1299554016598268
ot,0.25,50,2,-319.8202268288317,9.350667530594237,-10.151018830301629,1.1299554016598268
ot,0.25,50,3,-318.0883122204634,-68.61055666100748,-17.9999635107809,1.1299554016598268
ot,0.25,50,4,-317.4539739282482,25.06253778758367,-21.935240599357403,1.1299554016598268
ot,0.25,50,5,-317.4919514162408,-0.8248940766209989,-31.75730146727882,1.1299554016598268
ot,0.25,50,6,-330.8280248300997,-20.05754536269109,-18.484864810927817,1.1299554016598268
ot,0.25,50,7,-316.8760526998122,-71.03032887410778,-14.043476380859577,1.1299554016598268
ot,0.25,50,8,-310.15223898589886,-35.65269752387807,0.8359645603616608,1.1299554016598268
ot,0.25,50,9,-317.0996232081592,21.441269472430083,-17.976090283007082,1.1299554016598268
ot,0.25,50,10,-315.8184598376924,14.511548310771367,-27.13635564618291,1.1299554016598268
ot,0.25,50,11,-326.8141578597568,-4.016592405582725,-1.6900050031179956,1.1299554016598268
ot,0.25,50,12,-322.30854090467756,11.993880028341529,-18.644205874820607,1.1299554016598268
ot,0.25,50,13,-317.5116255582374,97.4694779141389,-6.672910304525948,1.1299554016598268
ot,0.25,50,14,-316.2972890275004,18.273810408187746,-21.303363698096945,1.1299554016598268
ot,0.25,50,15,-319.9827999391602,-13.760312610801229,-16.88010416069774,1.1299554016598268
ot,0.25,50,16,-320.85916009760314,62.15736289270055,-17.850225563745273,1.1299554016598268
ot,0.25,50,17,-334.6352182285358,-68.88659365006875,-23.72364630768509,1.1299554016598268
ot,0.25,50,18,-322.55480219947356,1.614277366959578,-28.780074139490992,1.1299554016598268
ot,0.25,50,19,-309.8771088081358,15.220999312486526,-27.00157679133737,1.1299554016598268
ot,0.25,50,20,-320.4068062009536,2.8827102579840798,-28.506304980885997,1.1299554016598268
ot,0.25,50,21,-319.9705737787114,-18.436132557304585,-4.404744862871206,1.1299554016598268
ot,0.25,50,22,-313.4850287803328,14.792055644478662,-27.11002326052662,1.1299554016598268
ot,0.25,50,23,-312.6155963265063,-47.5420102016925,-4.252686100557023,1.1299554016598268
ot,0.25,50,24,-327.332377103346,-0.00851582406371254,-6.087564975997219,1.1299554016598268
ot,0.25,50,25,-330.9133772150344,-4.073093942404607,-21.12786144036233,1.1299554016598268
ot,0.25,50,26,-327.24437986103663,-54.92987273014598,-9.48723941939559,1.1299554016598268
ot,0.25,50,27,-319.1213407255684,4.43171440384514,-4.212402212753053,1.1299554016598268
ot,0.25,50,28,-320.25058082061184,7.747057409918639,-8.550236223774135,1.1299554016598268
ot,0.25,50,29,-329.70880134381645,-27.65293653294356,7.337468795961654,1.1299554016598268
ot,0.25,50,30,-316.6500695178722,26.008418307427334,-32.967450190999074,1.1299554016598268
ot,0.25,50,31,-311.3002716015212,-3.1181145130376366,2.995468610920286,1.1299554016598268
ot,0.25,50,32,-315.58867125925786,-23.830572656524097,-13.894283134730987,1.1299554016598268
ot,0.25,50,33,-324.79154698647676,2.904137147695508,-2.7481332576999393,1.1299554016598268
ot,0.25,50,34,-319.6443909796114,-29.860461955424828,-15.320165847906308,1.1299554016598268
ot,0.25,50,35,-318.15315586978585,7.487394521287451,-15.244545339118202,1.1299554016598268
ot,0.25,50,36,-321.75417162449855,10.056753804000182,-27.430581954393634,1.1299554016598268
ot,0.25,50,37,-308.91860017252276,-21.606768760747226,-5.9992813594886645,1.1299554016598268
ot,0.25,50,38,-315.5494303373025,-39.95387313273942,-5.008319628707085,1.1299554016598268
ot,0.25,50,39,-319.785831221945,-1.9064922164688658,-9.143881734672195,1.1299554016598268
ot,0.25,50,40,-311.6802350276474,-54.799538655766035,-3.130941322667457,1.1299554016598268
ot,0.25,50,41,-321.1384990180581,0.8003142947792665,7.617718546233021,1.1299554016598268
ot,0.25,50,42,-313.47547553367855,-22.461633450785964,-31.586326659428426,1.1299554016598268
ot,0.25,50,43,-326.4925442274773,-32.49072975871435,3.2720788320141576,1.1299554016598268
ot,0.25,50,44,-312.0166302656113,-54.04050891297069,-4.646217500894677,1.1299554016598268
ot,0.25,50,45,-310.91219291281243,0.8487645451322505,1.867894599908154,1.1299554016598268
ot,0.25,50,46,-319.53327731994966,-23.57786747019107,-22.124639613388915,1.1299554016598268
ot,0.25,50,47,-317.4016398707403,-1.2536270947176682,11.661416521029688,1.1299554016598268
ot,0.25,50,48,-317.8327043012548,-44.92639569508402,-14.210261435227363,1.1299554016598268
ot,0.25,50,49,-322.0977940060833,12.416087606182773,-1.615237444621735,1.1299554016598268
ot,0.25,50,50,-329.9339816166667,-33.1087461520791,-50.940254019635695,1.3769653941795696
ot,0.25,50,51,-330.10399720657927,-19.89016107700343,-9.361742470076297,1.3769653941795696
ot,0.25,50,52,-319.9620736313508,-38.39238663700544,-30.22439416697992,1.3769653941795696
ot,0.25,50,53,-311.86279017669983,-52.60128006176476,-10.473737547539391,1.3769653941795696
ot,0.25,50,54,-319.5492354047214,15.667581162648075,-17.222125216101524,1.3769653941795696
ot,0.25,50,55,-312.9079245978041,-19.274272437808538,-14.08326447049275,1.3769653941795696
ot,0.25,50,56,-313.6571000508929,-33.551115351035264,-6.186545505301826,1.3769653941795696
ot,0.25,50,57,-309.8462353579326,-14.330606731117946,-2.686713423124866,1.3769653941795696
ot,0.25,50,58,-327.78254665246817,-57.01905635091905,-12.659985177655848,1.3769653941795696
ot,0.25,50,59,-320.2662701344318,29.532606024636312,12.212108482862087,1.3769653941795696
ot,0.25,50,60,-315.3824120729652,22.204128297819167,-17.738062898683967,1.3769653941795696
ot,0.25,50,61,-328.6516986467324,-22.038808142452385,-11.10793467913058,1.3769653941795696
ot,0.25,50,62,-317.23204968440774,2.4524451916471057,-18.618772208298214,1.3769653941795696
ot,0.25,50,63,-325.7451167160642,-51.04883442178069,-18.49674332943359,1.3769653941795696
ot,0.25,50,64,-320.6400684364735,8.531689002146805,-12.051274441973721,1.3769653941795696
ot,0.25,50,65,-316.3549872953726,-19.82127529669073,-18.276873871607933,1.3769653941795696
ot,0.25,50,66,-304.3931148814393,-27.043776749576278,-10.875149674503206,1.3769653941795696
ot,0.25,50,67,-309.4897061837948,8.305346462497857,-15.25803490566357,1.3769653941795696
ot,0.25,50,68,-323.9962374919851,-28.966185080537283,-17.942480252478852,1.3769653941795696
ot,0.25,50,69,-313.3175433191867,-25.720667800137416,4.569175580850865,1.3769653941795696
ot,0.25,50,70,-319.4846441861637,-28.317443524116477,-12.496823363670096,1.3769653941795696
ot,0.25,50,71,-318.9722558900175,12.319504580067523,-8.813841014031192,1.3769653941795696
ot,0.25,50,72,-317.60193604841453,1.7323416072469269,-18.40887362464615,1.3769653941795696
ot,0.25,50,73,-334.3948576160508,-83.35320409607131,-11.750982229986256,1.3769653941795696
ot,0.25,50,74,-312.2614147200305,4.318453581521938,-7.84934260277239,1.3769653941795696
ot,0.25,50,75,-315.8740839879395,-12.84645780264087,16.079947221418657,1.3769653941795696
ot,0.25,50,76,-315.87577263340023,-31.10789670529498,-5.620335360678139,1.3769653941795696
ot,0.25,50,77,-312.4624003422839,21.433967362988394,-31.04789420512942,1.3769653941795696
ot,0.25,50,78,-316.4535893955986,-29.23829988022851,-19.85077256911485,1.3769653941795696
ot,0.25,50,79,-317.09555802197127,-6.761649519871008,-13.134300970976868,1.3769653941795696
ot,0.25,50,80,-319.1927832643368,-48.144469077895565,-11.406243102935273,1.3769653941795696
ot,0.25,50,81,-315.52928137001004,-35.67024968875615,-11.991672337707024,1.3769653941795696
ot,0.25,50,82,-311.02319462912925,-14.69292618529497,-13.684800324545177,1.3769653941795696
ot,0.25,50,83,-312.6099805904564,-27.34134896260479,-26.226882808571894,1.3769653941795696
ot,0.25,50,84,-312.59197431571044,-17.037126057634243,-13.58349431268336,1.3769653941795696
ot,0.25,50,85,-314.7443359094565,-46.030806096080866,-9.19536076017978,1.3769653941795696
ot,0.25,50,86,-318.7553331545386,-0.9158910672518545,-26.784324254578046,1.3769653941795696
ot,0.25,50,87,-320.5843315657313,-50.796721381885824,-3.0266406097575786,1.3769653941795696
ot,0.25,50,88,-322.3557449709795,-63.422483863474795,-3.4003286322912905,1.3769653941795696
ot,0.25,50,89,-325.72172461850755,-27.24670789513352,-24.65313862453018,1.3769653941795696
ot,0.25,50,90,-317.8265812163011,-24.550738122935993,3.335915370990084,1.3769653941795696
ot,0.25,50,91,-319.17476611730734,-31.538914057428435,-10.698614445334657,1.3769653941795696
ot,0.25,50,92,-318.9471077761457,-112.67003987081226,-30.841272811201918,1.3769653941795696
ot,0.25,50,93,-314.1173973280052,-12.709990482687077,-9.761156741413854,1.3769653941795696
ot,0.25,50,94,-312.61612927488585,4.695242391115911,-6.540252744898942,1.3769653941795696
ot,0.25,50,95,-319.7294221130311,-107.27692861049051,-16.88782772181338,1.3769653941795696
ot,0.25,50,96,-319.8215229935133,35.30830566564701,-1.0389999014788334,1.3769653941795696
ot,0.25,50,97,-318.68417341674746,-61.384746508778704,-4.416867391616633,1.3769653941795696
ot,0.25,50,98,-320.46041157453897,-28.265791648502105,3.4601825253861245,1.3769653941795696
ot,0.25,50,99,-316.5776865368497,-23.788726597247273,1.0899321987980906,1.3769653941795696
ot,0.5,50,0,-327.30432375984884,11.350327023916272,-14.718870082319237,0.5827635983400978
ot,0.5,50,1,-318.63686299232234,-19.492735848605697,-1.787025246820453,0.5827635983400978
ot,0.5,50,2,-319.7380832282054,3.4504809189749883,-13.656252649872302,0.5827635983400978
ot,0.5,50,3,-317.8309724423402,-58.736267499041475,-16.087842100396987,0.5827635983400978
ot,0.5,50,4,-317.4729653891506,7.991773752864236,-17.030684105707618,0.5827635983400978
ot,0.5,50,5,-317.44946933347376,33.11464677475803,-23.290204470903397,0.5827635983400978
ot,0.5,50,6,-331.23907566348925,-11.426607462294779,-19.952977711872965,0.5827635983400978
ot,0.5,50,7,-316.7730482505174,-51.97479962252901,-15.306652771924625,0.5827635983400978
ot,0.5,50,8,-310.17627090801204,-37.92086817868331,2.4474832225759355,0.5827635983400978
ot,0.5,50,9,-318.8058649577319,3.706807545634909,-10.311451489126206,0.5827635983400978
ot,0.5,50,10,-315.8400820021107,12.774238281167065,-25.27353766720609,0.5827635983400978
ot,0.5,50,11,-326.5733488129946,-38.370237654820315,-2.8002524092492145,0.5827635983400978
ot,0.5,50,12,-322.7976592078005,-19.419377726543114,-16.489003731310174,0.5827635983400978
ot,0.5,50,13,-318.2685990273937,20.441282425732258,-11.765620038584121,0.5827635983400978
ot,0.5,50,14,-316.91892484694114,14.239769371646066,-17.757020873570042,0.5827635983400978
ot,0.5,50,15,-319.09963765175553,-8.48567043314752,-18.14304069824596,0.5827635983400978
ot,0.5,50,16,-320.6993359287163,1.808298359727689,-21.10333801119257,0.5827635983400978
ot,0.5,50,17,-334.9453343625601,-29.0831681310468,-21.085990680050852,0.5827635983400978
ot,0.5,50,18,-321.4671177598132,8.68768312773869,-32.13969884215919,0.5827635983400978
ot,0.5,50,19,-309.46713184538544,12.101542244465529,-22.35044227425191,0.5827635983400978
ot,0.5,50,20,-319.9573306898354,11.65202606695304,-29.528221677348096,0.5827635983400978
ot,0.5,50,21,-320.3363354079642,-22.415478686744624,-5.693103045442002,0.5827635983400978
ot,0.5,50,22,-314.06216649746113,9.15687337548058,-19.7627591670212,0.5827635983400978
ot,0.5,50,23,-312.46970090860634,-43.03619139239258,-2.43865036554544,0.5827635983400978
ot,0.5,50,24,-329.1451013375807,-15.712027926425034,1.24185546002112,0.5827635983400978
ot,0.5,50,25,-330.37469126618737,-40.494422703972255,-22.720889760396787,0.5827635983400978
ot,0.5,50,26,-326.79849183024925,-46.24250073412978,-15.694381848236393,0.5827635983400978
ot,0.5,50,27,-320.19912717125993,-5.309831478268305,-2.68292043547028,0.5827635983400978
ot,0.5,50,28,-320.4839129809232,-8.956937057014352,-14.356341676698344,0.5827635983400978
ot,0.5,50,29,-328.6032041090088,-43.41407941248925,9.020984404915843,0.5827635983400978
ot,0.5,50,30,-317.64826658858954,3.374876725604519,-24.09543049416895,0.5827635983400978
ot,0.5,50,31,-311.90834219387125,-5.903325776199093,-0.2500628396729081,0.5827635983400978
ot,0.5,50,32,-316.55162826676263,-25.709964368119458,-10.833948483528387,0.5827635983400978
ot,0.5,50,33,-325.77995196176846,0.6812331229238606,-7.300874738248006,0.5827635983400978
ot,0.5,50,34,-319.4302672544477,-23.62120500086808,-16.694753197434746,0.5827635983400978
ot,0.5,50,35,-319.28274524686776,-11.346087250802979,-9.633200570534532,0.5827635983400978
ot,0.5,50,36,-322.5370923887214,-14.42525239020071,-30.17701655917104,0.5827635983400978
ot,0.5,50,37,-309.0372693846434,-12.34837899425064,-5.921057505142157,0.5827635983400978
ot,0.5,50,38,-315.7176955811521,-35.90170323123939,-3.935043911226093,0.5827635983400978
ot,0.5,50,39,-320.15386049529695,-9.369963492948159,-14.27418614605612,0.5827635983400978
ot,0.5,50,40,-311.4141973232235,-46.050614386495454,-1.5803764763363632,0.5827635983400978
ot,0.5,50,41,-320.55546931969155,-17.32523047271373,-1.5265981204723384,0.5827635983400978
ot,0.5,50,42,-312.4719838900882,-29.74612632095026,-26.825427579238692,0.5827635983400978
ot,0.5,50,43,-327.59130740050614,-23.075031369561852,5.4338500430707635,0.5827635983400978
ot,0.5,50,44,-312.8101121331304,-47.46961722488705,-1.8366455529217816,0.5827635983400978
ot,0.5,50,45,-310.8862301002057,-7.186350918865883,-1.8985255612192729,0.5827635983400978
ot,0.5,50,46,-319.199144181393,-36.1387826687834,-20.399730212081188,0.5827635983400978
ot,0.5,50,47,-317.5243373110041,-1.0818496344932216,4.513867710609652,0.5827635983400978
ot,0.5,50,48,-317.5450793703534,-38.356767026986745,-13.488711299945212,0.5827635983400978
ot,0.5,50,49,-322.54148233882495,-4.728587801348144,-10.600594366788613,0.5827635983400978
ot,0.5,50,50,-329.8330873919329,-31.080869681071597,-38.30582907166229,0.7855397258402081
ot,0.5,50,51,-330.4957579689959,-16.49666987645675,-6.68418410467517,0.7855397258402081
ot,0.5,50,52,-319.58913788073005,-32.15420661419172,-23.168881275604917,0.7855397258402081
ot,0.5,50,53,-311.0405717475315,-33.79223386452353,-16.17580542225528,0.7855397258402081
ot,0.5,50,54,-318.54929015043484,4.102676020691133,-24.065008058826184,0.7855397258402081
ot,0.5,50,55,-312.7227411422956,-23.03749995647243,-14.416449205499662,0.7855397258402081
ot,0.5,50,56,-312.8177352630581,-16.577329234131057,-2.0862826216962937,0.7855397258402081
ot,0.5,50,57,-309.2607362512705,-29.252064042453856,-9.72068470377559,0.7855397258402081
ot,0.5,50,58,-327.2366692854928,-44.811377298649994,-18.740081700429986,0.7855397258402081
ot,0.5,50,59,-319.9764647382457,29.555313250169963,-19.276672600622135,0.7855397258402081
ot,0.5,50,60,-316.7522635540729,5.676795283539886,-12.86413097080675,0.7855397258402081
ot,0.5,50,61,-328.59854919792963,-35.07160288104699,-14.898447445441843,0.7855397258402081
ot,0.5,50,62,-316.70684698625286,5.885325850214851,-24.023626946830433,0.7855397258402081
ot,0.5,50,63,-326.1266931586591,-12.111545004732493,-10.755430891640952,0.7855397258402081
ot,0.5,50,64,-320.3630764832603,-3.5945722249962206,-12.065822644893128,0.7855397258402081
ot,0.5,50,65,-316.2424210765221,-24.887344586072643,-11.737765051079528,0.7855397258402081
ot,0.5,50,66,-305.19092050635203,-19.837273329088877,-5.893542358441498,0.7855397258402081
ot,0.5,50,67,-310.09320287330746,8.106479998500646,-12.332170800185926,0.7855397258402081
ot,0.5,50,68,-324.38160786669715,-23.02478753222444,-24.761382350060945,0.7855397258402081
ot,0.5,50,69,-313.3042439973281,-22.206408858090512,-7.677479718155817,0.7855397258402081
ot,0.5,50,70,-319.05755569606265,-26.489420643051297,-10.805565980139454,0.7855397258402081
ot,0.5,50,71,-317.82567970856024,-29.717588697820776,-5.031108971843465,0.7855397258402081
ot,0.5,50,72,-318.4056341322705,-2.2600964484677855,-15.046573329615251,0.7855397258402081
ot,0.5,50,73,-333.1406029092549,-80.18599713189388,-10.579349366783024,0.7855397258402081
ot,0.5,50,74,-312.73758915087194,2.041535961513466,-15.08910499774956,0.7855397258402081
ot,0.5,50,75,-316.33841081713075,-46.58608974333657,8.448642372123931,0.7855397258402081
ot,0.5,50,76,-316.497183170962,-29.445980387545028,-5.558091677911723,0.7855397258402081
ot,0.5,50,77,-312.30689488908075,-1.6559277367948284,-25.212137632939047,0.7855397258402081
ot,0.5,50,78,-315.5941515039988,-24.52169806556332,-10.970922706091365,0.7855397258402081
ot,0.5,50,79,-317.1228025099076,1.152171232557943,-18.015829626292,0.7855397258402081
ot,0.5,50,80,-318.8382068945531,-44.6177824346947,-6.286163973479793,0.7855397258402081
ot,0.5,50,81,-315.94299135589495,-33.045027898899434,-12.456005310380297,0.7855397258402081
ot,0.5,50,82,-311.6948389975628,-14.145389447736875,-16.77303520417145,0.7855397258402081
ot,0.5,50,83,-312.1980424848278,-15.197388601246525,-18.6100731866501,0.7855397258402081
ot,0.5,50,84,-312.5526304071497,-11.098844406492915,-15.175603910353543,0.7855397258402081
ot,0.5,50,85,-314.8977823158919,-22.09080266876606,-14.070301870999563,0.7855397258402081
ot,0.5,50,86,-319.60238335224267,5.29590395520347,-22.6467475576598,0.7855397258402081
ot,0.5,50,87,-320.91246796302426,-38.6542493292528,-19.903853517708566,0.7855397258402081
ot,0.5,50,88,-321.98534778392957,-50.231956921971225,-1.4795284967118314,0.7855397258402081
ot,0.5,50,89,-327.20764916183265,-28.84062806801652,-24.086143861592564,0.7855397258402081
ot,0.5,50,90,-317.80483455398087,-34.636047762189506,0.9448089168107091,0.7855397258402081
ot,0.5,50,91,-319.41566353251636,-19.091158589950894,-8.882523057974714,0.7855397258402081
ot,0.5,50,92,-319.11672758461606,-81.7888706419484,-15.456105004756978,0.7855397258402081
ot,0.5,50,93,-314.57625871958095,-6.015978233030061,-20.27542616418492,0.7855397258402081
ot,0.5,50,94,-313.48684593606873,-13.625101854128852,-10.791953137182965,0.7855397258402081
ot,0.5,50,95,-319.6757697639395,-104.57614623111007,-13.494474306830215,0.7855397258402081
ot,0.5,50,96,-319.26242937352924,-9.911141129082159,-1.2185630691835425,0.7855397258402081
ot,0.5,50,97,-319.0340442246482,-44.839908175901606,-0.7871736272920109,0.7855397258402081
ot,0.5,50,98,-320.31750239579316,-16.932599324363686,2.647188321508097,0.7855397258402081
ot,0.5,50,99,-316.6218297312275,-11.301985050161857,0.18923981504527654,0.7855397258402081
ot,1.0,50,0,-327.8864536613404,-6.6785775307998065,-8.942381775749098,0.33751983333961105
ot,1.0,50,1,-320.42561610869234,-30.743870734318254,-5.042925443747978,0.33751983333961105
ot,1.0,50,2,-320.0333806214343,1.190244849148092,-11.705363014910741,0.33751983333961105
ot,1.0,50,3,-317.14491611572305,-46.372278299135516,-18.91864805880412,0.33751983333961105
ot,1.0,50,4,-318.10135047291595,12.76212965418225,-14.05046240161844,0.33751983333961105
ot,1.0,50,5,-318.05117469170887,16.46052559459725,-15.66517173998289,0.33751983333961105
ot,1.0,50,6,-331.4007583842612,1.2085224142946538,-20.2622567628305,0.33751983333961105
ot,1.0,50,7,-316.3766800672425,-42.771356534191575,-14.695420252052037,0.33751983333961105
ot,1.0,50,8,-309.96255390391616,-28.5007542665049,0.0676727322016839,0.33751983333961105
ot,1.0,50,9,-319.73343617736407,3.269401239066916,-7.809997148172171,0.33751983333961105
ot,1.0,50,10,-315.56968962146357,8.564514036629214,-21.59408626310964,0.33751983333961105
ot,1.0,50,11,-326.46699433735586,-23.633501745233435,-4.785748828840987,0.33751983333961105
ot,1.0,50,12,-322.1439630964758,-13.734157897681808,-15.057824600947217,0.33751983333961105
ot,1.0,50,13,-319.3706144295087,12.745956630962208,-10.567156200466634,0.33751983333961105
ot,1.0,50,14,-316.9868929108516,2.6517127825110296,-18.697743931642083,0.33751983333961105
ot,1.0,50,15,-318.88612612553413,-12.033673222606405,-14.534819311297994,0.33751983333961105
ot,1.0,50,16,-322.28638384177174,16.149261699824773,-14.771970233950103,0.33751983333961105
ot,1.0,50,17,-335.4672884545181,-38.70332835958539,-25.257050463250355,0.33751983333961105
ot,1.0,50,18,-320.89468255508723,13.021367711421007,-28.3135583120695,0.33751983333961105
ot,1.0,50,19,-308.7059660998294,11.631319106241392,-18.525460285651953,0.33751983333961105
ot,1.0,50,20,-320.7872504181613,13.55691890250002,-23.361935533210275,0.33751983333961105
ot,1.0,50,21,-319.99184475878064,-19.577892183051063,-5.926122585970658,0.33751983333961105
ot,1.0,50,22,-314.50729406393253,0.5396488341716392,-16.02826017400033,0.33751983333961105
ot,1.0,50,23,-312.33924544955715,-32.04661937717651,1.333210464137434,0.33751983333961105
ot,1.0,50,24,-331.71464639370055,-15.863916263974545,-7.967838902126302,0.33751983333961105
ot,1.0,50,25,-329.51637410699703,-37.3945394239952,-19.801830074808077,0.33751983333961105
ot,1.0,50,26,-325.43690346407317,-34.609002501555715,-18.447409055115703,0.33751983333961105
ot,1.0,50,27,-321.88664923249894,-12.354086684857464,-6.821392162864182,0.33751983333961105
ot,1.0,50,28,-319.93193598833096,-20.65275166316231,-16.370140931146583,0.33751983333961105
ot,1.0,50,29,-328.2525388190857,-43.18021824845519,11.79916439356703,0.33751983333961105
ot,1.0,50,30,-318.72807535290656,-0.29091535101932736,-23.718252582115245,0.33751983333961105
ot,1.0,50,31,-312.32909652922143,-9.710680869488266,-4.598532533499572,0.33751983333961105
ot,1.0,50,32,-317.62430990518897,-20.929100308315594,-10.33934048486874,0.33751983333961105
ot,1.0,50,33,-326.8430483432959,-8.071252905445228,-11.287409534067269,0.33751983333961105
ot,1.0,50,34,-319.0438254882402,-3.573401448372073,-14.951395117367433,0.33751983333961105
ot,1.0,50,35,-320.73376266023,-19.195085633008386,-5.065682323843709,0.33751983333961105
ot,1.0,50,36,-322.06535424829303,-22.29375173094979,-24.57836718685021,0.33751983333961105
ot,1.0,50,37,-308.8050201445538,-8.641012443555153,-5.700241719645026,0.33751983333961105
ot,1.0,50,38,-316.2162867221509,-39.19385402517947,-1.6627138759600792,0.33751983333961105
ot,1.0,50,39,-320.5746681727371,-15.073512663692853,-16.395958572023055,0.33751983333961105
ot,1.0,50,40,-311.28076888866656,-36.9803082780321,-1.9230045703635046,0.33751983333961105
ot,1.0,50,41,-319.90941476920887,-22.87781173062295,-2.602547604836434,0.33751983333961105
ot,1.0,50,42,-311.45070706436286,-28.65638526563126,-23.778279606570603,0.33751983333961105
ot,1.0,50,43,-329.74335719521144,-14.429042460533863,6.189914135269929,0.33751983333961105
ot,1.0,50,44,-313.9921800582645,-12.88089377468508,-3.666816307954451,0.33751983333961105
ot,1.0,50,45,-311.054913310177,-10.900500368063922,-4.520932603527167,0.33751983333961105
ot,1.0,50,46,-318.8394429751595,-43.23662405462969,-15.61197287243364,0.33751983333961105
ot,1.0,50,47,-316.371854504189,-3.5990230998655273,-2.4760998013566193,0.33751983333961105
ot,1.0,50,48,-317.7283129363352,-24.17713429625805,-12.273530301311988,0.33751983333961105
ot,1.0,50,49,-322.4165870044829,-30.923339586927778,-15.54697174455156,0.33751983333961105
ot,1.0,50,50,-329.246379960011,-28.548518086993205,-33.35714929200343,0.24219034416018986
ot,1.0,50,51,-330.1050128576802,-11.218168264079186,-7.2997904023515785,0.24219034416018986
ot,1.0,50,52,-320.1515590852322,-33.440704475206736,-19.862915866267777,0.24219034416018986
ot,1.0,50,53,-310.34528452431834,-26.48042341420507,-15.306506476696418,0.24219034416018986
ot,1.0,50,54,-317.4593537203086,0.08122304161422095,-26.568669411778632,0.24219034416018986
ot,1.0,50,55,-312.24960975200173,-23.65924143782709,-10.959032920094696,0.24219034416018986
ot,1.0,50,56,-312.62607253095894,-8.803659237430214,-2.690961468672428,0.24219034416018986
ot,1.0,50,57,-308.47750894347126,-27.47947001454163,-6.225732701868815,0.24219034416018986
ot,1.0,50,58,-326.79487049878526,-36.24486226166879,-14.856367780457989,0.24219034416018986
ot,1.0,50,59,-320.45732802704,-49.586034138992495,-4.753837693756516,0.24219034416018986
ot,1.0,50,60,-318.68173189803235,-8.103670787533398,-6.6823015347248615,0.24219034416018986
ot,1.0,50,61,-329.21254291453494,-53.481541053362605,-15.96750583975631,0.24219034416018986
ot,1.0,50,62,-315.7737504540438,2.0829046726039597,-25.275459282456314,0.24219034416018986
ot,1.0,50,63,-326.4226992097929,-13.694088250502972,-10.387320971047478,0.24219034416018986
ot,1.0,50,64,-319.7889479774392,-2.9939625292835963,-9.678148230563053,0.24219034416018986
ot,1.0,50,65,-316.65327775002424,-28.91485588389455,-13.313590576525389,0.24219034416018986
ot,1.0,50,66,-306.2091346672234,-16.57762714343962,-5.897732945752008,0.24219034416018986
ot,1.0,50,67,-311.15740311507716,4.699657131605995,-12.658817755248165,0.24219034416018986
ot,1.0,50,68,-324.1625222130964,-29.448108672909342,-21.480973678991422,0.24219034416018986
ot,1.0,50,69,-313.4931639171011,-24.999059086675974,-11.375876181349387,0.24219034416018986
ot,1.0,50,70,-319.28764819189814,-17.26871145886667,-10.603903608348514,0.24219034416018986
ot,1.0,50,71,-316.79743431396156,-25.928580656405543,-9.170604742503354,0.24219034416018986
ot,1.0,50,72,-318.13220073439635,-5.806100678389948,-17.618965928581147,0.24219034416018986
ot,1.0,50,73,-332.23412858601944,-62.04694076108162,-9.855615024137988,0.24219034416018986
ot,1.0,50,74,-314.1114330039011,0.8872503050052645,-13.214626759849356,0.24219034416018986
ot,1.0,50,75,-316.90941478593294,-33.73751245954246,3.4978235538025166,0.24219034416018986
ot,1.0,50,76,-316.8997256295156,-29.99316068287621,-6.57297146240969,0.24219034416018986
ot,1.0,50,77,-311.3659831079722,-10.543492101592141,-21.118154201905966,0.24219034416018986
ot,1.0,50,78,-314.85797346146853,-26.82726559678133,-7.022928738499044,0.24219034416018986
ot,1.0,50,79,-317.5261660217009,-2.3278170388975727,-15.449921192190287,0.24219034416018986
ot,1.0,50,80,-320.2052970256535,-42.34602901459138,-7.375885517287394,0.24219034416018986
ot,1.0,50,81,-316.0495604612008,-28.28889075436262,-11.785532515120552,0.24219034416018986
ot,1.0,50,82,-312.1068627658364,-19.022204578196188,-20.148336186639106,0.24219034416018986
ot,1.0,50,83,-313.2639795193173,-24.435197599732167,-14.327317170238569,0.24219034416018986
ot,1.0,50,84,-313.81088916728135,-5.867759694921955,-11.024274042362627,0.24219034416018986
ot,1.0,50,85,-314.57782345991706,-19.880394699572214,-16.635127453298136,0.24219034416018986
ot,1.0,50,86,-320.95977030692706,-3.79884412553486,-18.096732759760624,0.24219034416018986
ot,1.0,50,87,-320.77278691296374,-41.137125442574806,-22.047430732895997,0.24219034416018986
ot,1.0,50,88,-322.15110707309617,-39.788286570450225,-4.6811262265720615,0.24219034416018986
ot,1.0,50,89,-328.1588368058921,-26.76609991833867,-27.814334839167284,0.24219034416018986
ot,1.0,50,90,-317.8104847107416,-36.30482751494835,0.912873004572811,0.24219034416018986
ot,1.0,50,91,-320.5234647693256,-18.296552379576884,-7.351182602123043,0.24219034416018986
ot,1.0,50,92,-319.3407454522268,-73.94468701531284,-13.860550161663044,0.24219034416018986
ot,1.0,50,93,-315.51704250219876,12.338158548752851,-13.489998935591089,0.24219034416018986
ot,1.0,50,94,-314.72604376130124,-15.510616875293849,-11.787839106863021,0.24219034416018986
ot,1.0,50,95,-318.38847269841,-89.03941091411349,-12.331783612510225,0.24219034416018986
ot,1.0,50,96,-320.41845843995935,-29.016846888926953,-3.435132809501208,0.24219034416018986
ot,1.0,50,97,-321.18814089287383,-39.38773934116889,-1.800310377638506,0.24219034416018986
ot,1.0,50,98,-321.0658635758858,-15.838255780383342,-0.8655681121765076,0.24219034416018986
ot,1.0,50,99,-318.1004003435284,-8.109855964557793,0.17440276081073458,0.24219034416018986
multinomial,,100,0,-312.5208257794652,17.05954511914777,-7.357248357551037,0.009543187500094063
multinomial,,100,1,-309.3193242109993,-26.460860507024826,-9.413519935579075,0.009543187500094063
multinomial,,100,2,-316.2643896586143,-37.02872361563655,-11.139239572768709,0.009543187500094063
multinomial,,100,3,-322.72258555910923,-52.704594051994626,-14.074214725647087,0.009543187500094063
multinomial,,100,4,-310.0756648516829,-30.867251406417964,-4.279191489102773,0.009543187500094063
multinomial,,100,5,-317.0188458351321,25.46847873833737,-6.729642120593051,0.009543187500094063
multinomial,,100,6,-311.35261459575094,10.818647856142485,-17.97463939480064,0.009543187500094063
multinomial,,100,7,-309.225811326631,-46.586799304658044,-11.189651371913408,0.009543187500094063
multinomial,,100,8,-312.52114130837555,-21.369493302928063,-9.680307605290842,0.009543187500094063
multinomial,,100,9,-315.59542591473763,-4.361260131890783,-19.293366216548698,0.009543187500094063
multinomial,,100,10,-315.55416291743074,-9.001135013958548,-22.30154161810215,0.009543187500094063
multinomial,,100,11,-310.25418830607197,7.793744053987197,-11.26033980976236,0.009543187500094063
multinomial,,100,12,-311.041991040694,-61.224656582172095,-5.3956889355934194,0.009543187500094063
multinomial,,100,13,-314.63876700771823,-36.454622483880904,-8.94689468671339,0.009543187500094063
multinomial,,100,14,-320.120445905544,-73.33352027624387,-8.762121212701992,0.009543187500094063
multinomial,,100,15,-311.75068658790883,-67.21146780678646,-10.8759974782308,0.009543187500094063
multinomial,,100,16,-318.7035009396908,-53.18976356130861,-23.639235135430198,0.009543187500094063
multinomial,,100,17,-316.07586870489445,2.1531350308051698,-17.66552213902627,0.009543187500094063
multinomial,,100,18,-311.3154892826909,-15.596605041566775,-6.844757691698393,0.009543187500094063
multinomial,,100,19,-312.13324753149993,-20.90522446181276,-13.057666085596091,0.009543187500094063
multinomial,,100,20,-310.68297040915024,-36.9960838390056,-22.906898356300275,0.009543187500094063
multinomial,,100,21,-317.7088749547705,-21.47478084806018,-10.447332124979239,0.009543187500094063
multinomial,,100,22,-306.55559819765205,-31.940975994603363,-13.081089989785722,0.009543187500094063
multinomial,,100,23,-314.4953220621253,-50.30051894208156,-17.642591451304142,0.009543187500094063
multinomial,,100,24,-317.0646503468022,-55.88849985500489,-12.221445161924576,0.009543187500094063
multinomial,,100,25,-311.593565176262,-21.58736118724587,-7.4574751087903595,0.009543187500094063
multinomial,,100,26,-315.9460316776175,-41.54080727808469,-8.2137960872274,0.009543187500094063
multinomial,,100,27,-314.3907710442949,-40.67263910225412,-2.4118317408661185,0.009543187500094063
multinomial,,100,28,-316.4263311612021,-30.89614658214237,-9.510967928283193,0.009543187500094063
multinomial,,100,29,-309.59187850089404,-9.566918143345177,-17.370335740906285,0.009543187500094063
multinomial,,100,30,-314.156236349093,-51.651062574146216,-0.8948148493452975,0.009543187500094063
multinomial,,100,31,-320.7496094222175,-68.69246378332511,-3.6615417468331857,0.009543187500094063
multinomial,,100,32,-309.690502484515,-26.102693062188667,-21.102244585035912,0.009543187500094063
multinomial,,100,33,-312.78474141070336,-66.75164479517754,-5.482779315999714,0.009543187500094063
multinomial,,100,34,-311.03140341540535,-22.147001804565004,-12.353180654374924,0.009543187500094063
multinomial,,100,35,-317.33309269032907,-39.899283677630486,-12.576988657612667,0.009543187500094063
multinomial,,100,36,-319.3874675673273,-55.133389604498674,-7.954097208501603,0.009543187500094063
multinomial,,100,37,-313.15770270263806,-31.825866705566362,-15.597953241877129,0.009543187500094063
multinomial,,100,38,-320.0922071259575,-91.93882201098752,-5.862102825080543,0.009543187500094063
multinomial,,100,39,-317.19242280634154,-28.274576428317708,-2.053784926840508,0.009543187500094063
multinomial,,100,40,-314.3801126093581,-0.3655211395296911,-11.385289775436327,0.009543187500094063
multinomial,,100,41,-315.29149489632096,-36.93034914499124,-15.224796062330945,0.009543187500094063
multinomial,,100,42,-312.1499535650447,-71.64050185860197,-5.065934035853775,0.009543187500094063
multinomial,,100,43,-318.0378854503892,-42.726820155281935,-14.575216212231357,0.009543187500094063
multinomial,,100,44,-315.5111289953049,-39.86519870833929,-16.126215945902672,0.009543187500094063
multinomial,,100,45,-312.4796840627778,-30.665844807002735,6.858328796970797,0.009543187500094063
multinomial,,100,46,-315.2791527319066,-61.80938370395704,-20.277355331080855,0.009543187500094063
multinomial,,100,47,-316.58162404913986,-60.5864771277225,-14.7410987363848,0.009543187500094063
multinomial,,100,48,-313.6325423928994,-27.17106846724626,-17.16880330099801,0.009543187500094063
multinomial,,100,49,-319.25903941652973,-89.94450302337843,-1.459859531069489,0.009543187500094063
multinomial,,100,50,-312.63069637808155,-102.49424437806618,-7.534899431303982,0.008930311659933068
multinomial,,100,51,-310.76978552050593,-37.977556783591176,-0.9012650852585962,0.008930311659933068
multinomial,,100,52,-314.59683930919823,-123.97212091798009,-8.05764782526355,0.008930311659933068
multinomial,,100,53,-321.75970907556837,-41.757724453493246,-15.138140147581705,0.008930311659933068
multinomial,,100,54,-310.73221443183957,-62.760726664135845,3.0588587568841943,0.008930311659933068
multinomial,,100,55,-314.20405534423975,-39.50955335876784,-12.72313740609506,0.008930311659933068
multinomial,,100,56,-313.81376734523894,-103.09071917187514,-21.33487235713016,0.008930311659933068
multinomial,,100,57,-307.7977917075255,-58.99006047785288,-4.070917840389848,0.008930311659933068
multinomial,,100,58,-312.71069448628486,-23.569267339352333,-13.214341269582896,0.008930311659933068
multinomial,,100,59,-311.42444054345214,-2.3470400263465825,-10.453682152212775,0.008930311659933068
multinomial,,100,60,-317.85641873630146,-74.48201254929023,-8.789945186741019,0.008930311659933068
multinomial,,100,61,-315.1069353261997,-12.112428736158039,-3.802868357489529,0.008930311659933068
multinomial,,100,62,-309.45809346695785,-54.82175153188957,-9.39659995618744,0.008930311659933068
multinomial,,100,63,-307.6209171056247,-52.8445534046645,-6.005921011471125,0.008930311659933068
multinomial,,100,64,-314.8786598337394,-28.08468264343789,-17.28352442720696,0.008930311659933068
multinomial,,100,65,-317.2169701430636,-95.22428012657919,-11.71286630380736,0.008930311659933068
multinomial,,100,66,-315.9189641491127,-57.744690147184166,-22.610200776210615,0.008930311659933068
multinomial,,100,67,-315.58477257452137,-28.57660049684872,-24.58134091283358,0.008930311659933068
multinomial,,100,68,-309.71718812266727,-17.77821822894899,-2.4469539033394083,0.008930311659933068
multinomial,,100,69,-309.64115180371317,21.73192682877117,-19.017601434353935,0.008930311659933068
multinomial,,100,70,-317.20350012388815,-31.279633930632222,-16.160640264833333,0.008930311659933068
multinomial,,100,71,-313.8294876269889,11.70018510581831,-19.6964679180336,0.008930311659933068
multinomial,,100,72,-310.43478114034275,-31.310151812299413,-5.113624873238658,0.008930311659933068
multinomial,,100,73,-313.7720410018542,-76.09079584194497,-9.283798739987597,0.008930311659933068
multinomial,,100,74,-311.6232940263552,7.39413541149913,-5.8702211405834035,0.008930311659933068
multinomial,,100,75,-313.5841342629713,-33.5620418996823,-11.068560550691304,0.008930311659933068
multinomial,,100,76,-314.3408054289724,-68.30956673930075,-12.815016619091306,0.008930311659933068
multinomial,,100,77,-311.9634040642827,-38.62377896184041,-8.274194739670829,0.008930311659933068
multinomial,,100,78,-312.5141374394904,-22.534532784138946,-6.259388069955045,0.008930311659933068
multinomial,,100,79,-312.93267604015637,-53.499648730875634,-15.20637925819973,0.008930311659933068
multinomial,,100,80,-310.52240194382534,-48.648621413248485,-3.5097139598195133,0.008930311659933068
multinomial,,100,81,-313.86276288248933,-31.68349611322856,-12.599577100088895,0.008930311659933068
multinomial,,100,82,-321.02274760751067,-28.41018028093153,-22.264362877740417,0.008930311659933068
multinomial,,100,83,-315.0510996402234,-57.7041327808201,-11.670068382568916,0.008930311659933068
multinomial,,100,84,-316.07635575401883,-66.69539653909408,-17.54091632956219,0.008930311659933068
multinomial,,100,85,-313.23851396243447,-27.819293951248014,-1.8469713470043612,0.008930311659933068
multinomial,,100,86,-313.96950379159404,-62.52806189984003,-15.86556448491651,0.008930311659933068
multinomial,,100,87,-314.7329978559008,-26.21375622409352,-8.35519530486008,0.008930311659933068
multinomial,,100,88,-313.2635240466421,-32.80291375322601,-10.967672278595952,0.008930311659933068
multinomial,,100,89,-310.65865703788864,-22.113489710345608,-9.719386671702608,0.008930311659933068
multinomial,,100,90,-316.8032416467862,-7.840435407604041,-16.624445218318535,0.008930311659933068
multinomial,,100,91,-311.9153643072696,-40.240032223409656,-1.8218612279748703,0.008930311659933068
multinomial,,100,92,-312.0537842916004,-13.881092697066888,-4.060043507348643,0.008930311659933068
multinomial,,100,93,-312.79877034221334,-9.196702162187107,-12.273953294111125,0.008930311659933068
multinomial,,100,94,-316.071533709646,-31.467172407931905,-18.309898079105608,0.008930311659933068
multinomial,,100,95,-317.18046834081457,-12.031905311095885,-9.303489187432099,0.008930311659933068
multinomial,,100,96,-310.52905450085245,-85.03768486504333,-20.3909920056135,0.008930311659933068
multinomial,,100,97,-312.6400405266189,-33.20609494536782,-8.186155138647672,0.008930311659933068
multinomial,,100,98,-310.0847147388916,-24.36662696431033,-10.28163183005281,0.008930311659933068
multinomial,,100,99,-308.7105188806544,-63.5352727489105,-14.04277322676231,0.008930311659933068
soft,,100,0,-321.32732829211096,-22.014402670906183,1.2242179131510107,0.01158881167997606
soft,,100,1,-311.0495483141544,-36.1250690143056,-0.7832258989994416,0.01158881167997606
soft,,100,2,-314.1373978239183,-28.862265463995964,-23.27653226923662,0.01158881167997606
soft,,100,3,-314.958664200022,-31.086775883743947,-13.711048633913839,0.01158881167997606
soft,,100,4,-308.0680109501984,-52.09478039211896,-7.58648187704682,0.01158881167997606
soft,,100,5,-325.69613533973205,11.854634026498756,-16.144305171104026,0.01158881167997606
soft,,100,6,-313.48177078427074,-4.540103178018022,-25.960505599947552,0.01158881167997606
soft,,100,7,-314.1104476448127,-23.980053404951175,-5.29185855740946,0.01158881167997606
soft,,100,8,-321.3234896238702,-21.859993243396637,-11.396291759343951,0.01158881167997606
soft,,100,9,-325.6091064179063,-57.60552069487029,-8.65108244243561,0.01158881167997606
soft,,100,10,-317.83715345901146,-63.20394317980934,-20.08991744925887,0.01158881167997606
soft,,100,11,-315.77558053292677,-30.19586607586775,-10.31013977083187,0.01158881167997606
soft,,100,12,-313.65365394473145,-75.3232950456817,-6.7610001762802545,0.01158881167997606
soft,,100,13,-322.88362173539156,-56.54729667888599,-12.541136424662906,0.01158881167997606
soft,,100,14,-314.49731260935255,-29.598245077443863,3.948403207125719,0.01158881167997606
soft,,100,15,-313.00366320899855,-21.967862892491695,-7.324138414052102,0.01158881167997606
soft,,100,16,-326.55937643841247,-62.19257945880385,-8.107482693860158,0.01158881167997606
soft,,100,17,-320.24662728833016,6.84701909013235,-20.43635226256902,0.01158881167997606
soft,,100,18,-316.7372253705548,-22.92217819582914,4.0707562427425446,0.01158881167997606
soft,,100,19,-324.4383445061805,-20.815493299213976,-10.119386093858349,0.01158881167997606
soft,,100,20,-324.47197696491713,-6.342468754935624,-13.15359335345468,0.01158881167997606
soft,,100,21,-317.6343814714733,9.046821604481085,-3.8171703452930608,0.01158881167997606
soft,,100,22,-312.9976709986798,-91.17393516999714,-17.464012790155433,0.01158881167997606
soft,,100,23,-325.26130612548354,-49.33675758049823,-26.287187791775274,0.01158881167997606
soft,,100,24,-315.55679865104537,-53.51413640904995,-15.286125689564624,0.01158881167997606
soft,,100,25,-314.8665479223695,-37.32673831424503,-16.157825856060505,0.01158881167997606
soft,,100,26,-316.05747251166184,-60.60429086869509,-8.340062230011533,0.01158881167997606
soft,,100,27,-325.67657895069254,-18.18692514881632,-7.528612478123722,0.01158881167997606
soft,,100,28,-320.7286138990316,-55.88641001123995,-13.19692483133705,0.01158881167997606
soft,,100,29,-314.9577819087289,-37.45496802561218,-17.3054805296879,0.01158881167997606
soft,,100,30,-316.81278327374486,-29.68988110818603,4.579567020669321,0.01158881167997606
soft,,100,31,-328.7934799400289,-122.43626870744964,-0.5663650641173421,0.01158881167997606
soft,,100,32,-318.61463364609267,-33.35299613508167,-20.208512425627568,0.01158881167997606
soft,,100,33,-318.7338120547621,-53.95085140298843,-22.347621796936366,0.01158881167997606
soft,,100,34,-315.4652095961472,-27.441722723003927,-19.366509426811042,0.01158881167997606
soft,,100,35,-319.57971936398536,-22.121793646222404,-8.708224422339873,0.01158881167997606
soft,,100,36,-325.40887590364827,4.26343284661667,-8.188834057275136,0.01158881167997606
soft,,100,37,-323.45817524528377,-52.34269697849985,-4.359816017113735,0.01158881167997606
soft,,100,38,-324.7824056007014,-146.5960305537064,-12.02463838508583,0.01158881167997606
soft,,100,39,-327.0195416195698,46.059599524188975,4.435594913668655,0.01158881167997606
soft,,100,40,-315.5395607581587,27.723863286924864,-10.132018432379388,0.01158881167997606
soft,,100,41,-313.69032275656286,-31.44510601609006,-4.333187372218305,0.01158881167997606
soft,,100,42,-310.2901019740235,-79.47843531485135,-5.430318151661859,0.01158881167997606
soft,,100,43,-319.65531224358324,-130.966844435076,-11.195339933467366,0.01158881167997606
soft,,100,44,-319.07419999242126,-66.88884689297784,1.5354996174946316,0.01158881167997606
soft,,100,45,-320.9631821185577,8.063204087600282,-2.629138343068478,0.01158881167997606
soft,,100,46,-312.3611927573964,-29.33795355386217,-21.353484919796742,0.01158881167997606
soft,,100,47,-316.76711433377073,-56.01819007061426,-2.7045883814692364,0.01158881167997606
soft,,100,48,-314.22446739038264,-3.1695971297879533,-22.315461917275027,0.01158881167997606
soft,,100,49,-329.94403217686414,-58.86637132305676,-0.06882507224618395,0.01158881167997606
soft,,100,50,-316.62425006186044,-11.660527525101926,-3.838398453174218,0.01198993249970954
soft,,100,51,-315.65523929655063,29.23385664719935,-19.033178064040317,0.01198993249970954
soft,,100,52,-319.6144395105232,-128.13530134597303,-7.524629024125801,0.01198993249970954
soft,,100,53,-320.0109777695661,-15.405605228729044,-14.89371017261975,0.01198993249970954
soft,,100,54,-316.2412579745711,-79.85346695020735,-10.936213410204632,0.01198993249970954
soft,,100,55,-323.6768244491539,-9.078066738049381,-15.574865874261636,0.01198993249970954
soft,,100,56,-311.61785041734396,-21.961064328652718,-29.189870128874695,0.01198993249970954
soft,,100,57,-315.89070782118495,-51.428835523302546,-2.251894593253365,0.01198993249970954
soft,,100,58,-315.06693619656494,-23.63568919075148,-7.5948264989322105,0.01198993249970954
soft,,100,59,-312.2821090142257,48.38247104414006,-8.203759004060718,0.01198993249970954
soft,,100,60,-319.4722742362555,2.143985660803136,-28.224154850048667,0.01198993249970954
soft,,100,61,-320.63112989874577,-47.34519926149864,-13.26492242575747,0.01198993249970954
soft,,100,62,-313.00404064036076,-86.53723366291129,-8.417092890229961,0.01198993249970954
soft,,100,63,-308.99512141668424,25.04531416584344,-3.836486429706524,0.01198993249970954
soft,,100,64,-313.97439390458004,-19.43189155941386,6.172675202738548,0.01198993249970954
soft,,100,65,-321.00306868018276,-31.15908384162315,-36.803788501642885,0.01198993249970954
soft,,100,66,-319.9828219086911,-33.60564732819775,-8.92014535522354,0.01198993249970954
soft,,100,67,-322.5581102211034,-62.59662329095384,-12.563453284115695,0.01198993249970954
soft,,100,68,-317.9561963287975,-9.123064862775399,1.3534507199423562,0.01198993249970954
soft,,100,69,-316.09201124070466,23.313679185005036,-40.529479078497886,0.01198993249970954
soft,,100,70,-313.1440557626494,-21.17127038036565,-20.88409235220025,0.01198993249970954
soft,,100,71,-320.5695000387631,-18.038085463649615,-26.802618468068403,0.01198993249970954
soft,,100,72,-313.09298570815446,2.0701685822307243,2.0553062947699514,0.01198993249970954
soft,,100,73,-323.78498744851635,-44.36052659297907,-10.235566767377739,0.01198993249970954
soft,,100,74,-313.361592309558,0.214125591975868,-9.428739410135886,0.01198993249970954
soft,,100,75,-317.3816087110862,-58.60660566772074,-13.15041209711885,0.01198993249970954
soft,,100,76,-313.267214185556,-55.33853183914318,-15.073087137808994,0.01198993249970954
soft,,100,77,-311.4100232877021,-35.30820687878321,-20.02597805208868,0.01198993249970954
soft,,100,78,-310.9983139699568,-46.77807272928615,1.497658980375112,0.01198993249970954
soft,,100,79,-314.7134432103756,-72.74777551627052,-14.591137753977481,0.01198993249970954
soft,,100,80,-316.24935237864037,-6.024367011925993,-7.919772454034671,0.01198993249970954
soft,,100,81,-315.26303899997004,-62.39250184945464,-6.028525174348622,0.01198993249970954
soft,,100,82,-323.2161697788913,-98.01092979434571,10.549016825505252,0.01198993249970954
soft,,100,83,-313.12365389686244,-31.55732782288875,-10.412241039627514,0.01198993249970954
soft,,100,84,-311.89521058099183,-78.7939955925627,1.4391654284516837,0.01198993249970954
soft,,100,85,-313.76357702222987,-61.95752650534261,-13.017306585099748,0.01198993249970954
soft,,100,86,-322.14934510031225,21.366224860237462,-32.13696140442908,0.01198993249970954
soft,,100,87,-322.36569409769635,6.143086679236753,-13.06413575729384,0.01198993249970954
soft,,100,88,-323.2415972418267,-39.32305533524458,-4.514947241904476,0.01198993249970954
soft,,100,89,-308.6356144153407,-19.002751270502362,-28.395731499240433,0.01198993249970954
soft,,100,90,-319.7763596954259,-13.775367098542201,-10.29161436270431,0.01198993249970954
soft,,100,91,-315.7062461430244,-87.96418451663493,-19.923298745077002,0.01198993249970954
soft,,100,92,-311.03355734272907,-42.89873385110222,-8.228222208603995,0.01198993249970954
soft,,100,93,-320.64022875484153,-1.541987800318657,-17.85864041748114,0.01198993249970954
soft,,100,94,-320.46249021309745,-83.20467333522062,-24.08160145929572,0.01198993249970954
soft,,100,95,-322.41605053818444,21.74570180732241,2.148769447662236,0.01198993249970954
soft,,100,96,-308.8519373703039,-43.39350746337267,-14.576326265650204,0.01198993249970954
soft,,100,97,-319.58259823807515,7.7264326906579,-7.763377988603466,0.01198993249970954
soft,,100,98,-312.5667690465015,-5.265544102931378,-13.955482088445791,0.01198993249970954
soft,,100,99,-305.5145459861712,-12.59455700224297,-26.372284286100392,0.01198993249970954
ot,0.25,100,0,-314.97839459545304,2.1181080443658216,-8.010778906977357,3.2431883283198113
ot,0.25,100,1,-311.7228130830733,-11.518463370878816,1.5538335786293545,3.2431883283198113
ot,0.25,100,2,-320.699852027996,-41.09054020041424,2.0662857548491385,3.2431883283198113
ot,0.25,100,3,-314.86127206898436,-2.053211316305352,-1.5274143603538959,3.2431883283198113
ot,0.25,100,4,-310.1235988801321,-12.35324873188656,-11.620007684839955,3.2431883283198113
ot,0.25,100,5,-312.730941331425,-5.33865076681634,-22.92592068322416,3.2431883283198113
ot,0.25,100,6,-306.7859582524482,-20.932675877428505,-11.903769318153813,3.2431883283198113
ot,0.25,100,7,-310.10741160389443,-19.19488605115003,-17.09180684573912,3.2431883283198113
ot,0.25,100,8,-319.2750395787346,-20.752095015741524,-14.59307791374194,3.2431883283198113
ot,0.25,100,9,-310.73717475109726,-14.711443708149464,-8.300893725528997,3.2431883283198113
ot,0.25,100,10,-311.7937455852561,-24.949862040879896,-9.579997941750129,3.2431883283198113
ot,0.25,100,11,-309.1577660168036,-25.402371121262345,-8.108558514703475,3.2431883283198113
ot,0.25,100,12,-308.76090267966464,-4.695205109294481,-21.681441892415656,3.2431883283198113
ot,0.25,100,13,-309.5747935714356,-15.188244747165855,-18.300936308876548,3.2431883283198113
ot,0.25,100,14,-312.1818033316554,-12.61946723204472,-9.711157791531885,3.2431883283198113
ot,0.25,100,15,-309.84834286654336,-33.98628381587544,-11.914061355186488,3.2431883283198113
ot,0.25,100,16,-317.8867199152714,-34.94098960310653,-6.933331262408235,3.2431883283198113
ot,0.25,100,17,-308.76594323985535,-15.258588280136765,-15.604403596686144,3.2431883283198113
ot,0.25,100,18,-311.5300232128098,-35.092678894557956,-13.422710858034684,3.2431883283198113
ot,0.25,100,19,-314.5170483052348,-10.003965956846722,-12.286220038766524,3.2431883283198113
ot,0.25,100,20,-310.8074878611443,0.024018479009918492,-14.554181206671416,3.2431883283198113
ot,0.25,100,21,-313.99117171765187,11.457772148866127,-17.248624568069093,3.2431883283198113
ot,0.25,100,22,-308.3494899551257,-36.13452613112303,0.2796854080200477,3.2431883283198113
ot,0.25,100,23,-312.54839913248225,11.709357277128692,-3.4490115085498045,3.2431883283198113
ot,0.25,100,24,-311.80762854964854,-1.9344559823079948,-6.703658595021046,3.2431883283198113
ot,0.25,100,25,-317.84472609689516,-33.550477197254786,-5.141088286696591,3.2431883283198113
ot,0.25,100,26,-314.4367622392404,1.2026820471951085,-11.629531435352039,3.2431883283198113
ot,0.25,100,27,-308.0309103551328,4.584933802443506,-5.396329364871339,3.2431883283198113
ot,0.25,100,28,-312.06774930344903,0.7737550362624851,-12.684360301563995,3.2431883283198113
ot,0.25,100,29,-318.1112390682122,-6.317338595439504,-12.009522508025654,3.2431883283198113
ot,0.25,100,30,-314.8063180322732,-13.516143659428451,-7.655524737670035,3.2431883283198113
ot,0.25,100,31,-320.2229314808985,-8.6165673282791,-7.217134093273268,3.2431883283198113
ot,0.25,100,32,-310.2068939568902,-7.337014747024011,-5.177643492639963,3.2431883283198113
ot,0.25,100,33,-313.20565159387615,-28.36789449717411,3.843584191871482,3.2431883283198113
ot,0.25,100,34,-318.63001734554973,-21.352358757474082,-11.751722335676519,3.2431883283198113
ot,0.25,100,35,-312.4913597004545,-4.759392466305686,-16.009641231736353,3.2431883283198113
ot,0.25,100,36,-315.24174739942816,-5.540939039277525,-4.763617544544673,3.2431883283198113
ot,0.25,100,37,-310.16101225965417,23.75646427164518,-5.649025010691504,3.2431883283198113
ot,0.25,100,38,-315.1879920181719,-13.850307362181217,0.6824998110997154,3.2431883283198113
ot,0.25,100,39,-315.18644652108816,4.678448347768791,-15.067079403576768,3.2431883283198113
ot,0.25,100,40,-314.7012266777579,-25.823912670958432,-13.772580387303222,3.2431883283198113
ot,0.25,100,41,-315.08163914015887,-10.114690904695946,-10.370047105016482,3.2431883283198113
ot,0.25,100,42,-315.7518937707346,-31.505325752863,-10.555171243693891,3.2431883283198113
ot,0.25,100,43,-314.2451077851232,8.312972469805754,-9.00870178652415,3.2431883283198113
ot,0.25,100,44,-315.7113794375269,-3.9006431019763808,-6.353562016041446,3.2431883283198113
ot,0.25,100,45,-316.0301626186218,-19.34566130913382,-15.263935149613843,3.2431883283198113
ot,0.25,100,46,-312.0352892218941,-15.8174193052834,-16.027810133350112,3.2431883283198113
ot,0.25,100,47,-313.4191824775463,-13.890612926591146,-14.658800617341335,3.2431883283198113
ot,0.25,100,48,-312.06851530871944,-30.52701016997618,-16.42440533624047,3.2431883283198113
ot,0.25,100,49,-307.8819043717779,-12.817718802457657,-9.002193474079434,3.2431883283198113
ot,0.25,100,50,-311.6315644279281,-28.597724512475256,-8.581840586981704,3.42955155499978
ot,0.25,100,51,-311.8531521038139,-19.356240908948706,1.4165333498325603,3.42955155499978
ot,0.25,100,52,-311.12967467947664,-31.792740563366337,-0.7525195522068753,3.42955155499978
ot,0.25,100,53,-307.5965192657053,-18.963760297626585,-3.2268924562445225,3.42955155499978
ot,0.25,100,54,-317.6941332006314,-21.171984701740833,-12.951348639528073,3.42955155499978
ot,0.25,100,55,-307.5835915100434,-6.807456765130466,4.428953370644493,3.42955155499978
ot,0.25,100,56,-313.00213323727473,-23.65978399683302,-13.494050333200269,3.42955155499978
ot,0.25,100,57,-312.14765713879194,7.860455504842541,-13.264355513904635,3.42955155499978
ot,0.25,100,58,-310.1628716575157,-21.91156611165482,-3.4832769244966704,3.42955155499978
ot,0.25,100,59,-310.24024973973945,-14.565255756014007,-9.122928613729954,3.42955155499978
ot,0.25,100,60,-321.1374581640406,-52.61507355428881,-9.487204555799165,3.42955155499978
ot,0.25,100,61,-310.64156012981164,-4.462804254747364,-4.1306203647895625,3.42955155499978
ot,0.25,100,62,-315.7417459393792,-2.583193236541647,-17.553873779205947,3.42955155499978
ot,0.25,100,63,-315.8408814735447,-30.244737764059437,7.762716587117994,3.42955155499978
ot,0.25,100,64,-304.38565506325847,-5.1331992910977,-12.551228226729473,3.42955155499978
ot,0.25,100,65,-315.2187032548127,-43.079367993361146,-14.88211283503461,3.42955155499978
ot,0.25,100,66,-323.92637687795747,-10.960903114202573,-22.072624992451896,3.42955155499978
ot,0.25,100,67,-307.8418057092341,-30.479822519782985,-5.519640925447192,3.42955155499978
ot,0.25,100,68,-313.5491873601157,-25.681173016264925,-3.0950418974945597,3.42955155499978
ot,0.25,100,69,-317.02077223861426,-25.779864009857313,-11.718004246889222,3.42955155499978
ot,0.25,100,70,-317.631810742545,4.748795429010124,-3.2706893759888738,3.42955155499978
ot,0.25,100,71,-311.80076631060547,-26.71333075753556,-4.594042191984026,3.42955155499978
ot,0.25,100,72,-310.7045463403095,-23.088900263967304,-9.056229154034552,3.42955155499978
ot,0.25,100,73,-319.0788101165906,-15.832007912152052,-5.158603503979107,3.42955155499978
ot,0.25,100,74,-317.2568258436715,-44.72952725099779,-10.931169436022016,3.42955155499978
ot,0.25,100,75,-315.132828520838,-11.220122072704115,-1.6087129438894663,3.42955155499978
ot,0.25,100,76,-313.86594024712133,-26.005808498560537,0.5624818364024612,3.42955155499978
ot,0.25,100,77,-314.7499956087237,-5.840007306495947,-8.174060696089288,3.42955155499978
ot,0.25,100,78,-315.1229945700183,-19.38446031053663,-14.767240778133651,3.42955155499978
ot,0.25,100,79,-310.1762568884912,-12.249663634991805,-0.7905210941136425,3.42955155499978
ot,0.25,100,80,-317.3995037489767,-21.177342030836204,-12.127960404587256,3.42955155499978
ot,0.25,100,81,-316.7667939920995,-24.378280520386067,-12.4000561147069,3.42955155499978
ot,0.25,100,82,-313.2717404396663,7.032269425850494,-13.629615675607228,3.42955155499978
ot,0.25,100,83,-315.6465761742263,-41.346594099814325,-5.911061342206623,3.42955155499978
ot,0.25,100,84,-315.09344830855275,-11.153655651235063,-12.813971421134386,3.42955155499978
ot,0.25,100,85,-316.0910935379897,-6.4634073470153295,-1.3107736908050718,3.42955155499978
ot,0.25,100,86,-308.49268723778323,-15.371836307166982,-4.12586851950525,3.42955155499978
ot,0.25,100,87,-316.0027801605472,-19.97910231339363,-12.700850445836334,3.42955155499978
ot,0.25,100,88,-306.7264949730356,-6.764695602744781,-7.590487384635149,3.42955155499978
ot,0.25,100,89,-312.9066974518177,-28.961468979700904,-11.888609165983564,3.42955155499978
ot,0.25,100,90,-311.6944844189317,-20.346398281642685,-15.52374869123796,3.42955155499978
ot,0.25,100,91,-323.1332366633563,23.003142381250377,-22.877104337826147,3.42955155499978
ot,0.25,100,92,-314.4440066630174,-17.560209810721904,-9.296825999182923,3.42955155499978
ot,0.25,100,93,-317.6299171030839,-17.03371628935924,-17.981428050798765,3.42955155499978
ot,0.25,100,94,-312.365232986541,-15.13563649921583,-10.579476876680719,3.42955155499978
ot,0.25,100,95,-317.21107474049654,-16.27821591242122,-10.930673680121917,3.42955155499978
ot,0.25,100,96,-309.379343525034,-20.480319198876366,-6.170892445353806,3.42955155499978
ot,0.25,100,97,-314.53305464595127,-26.708114270046465,-19.65822308022578,3.42955155499978
ot,0.25,100,98,-315.1919049158351,-28.484092988174524,-11.913353246865096,3.42955155499978
ot,0.25,100,99,-309.70490936445225,-16.805068053235814,-18.332748006474056,3.42955155499978
ot,0.5,100,0,-315.2393821067117,3.9653674564823644,-10.413085893144896,1.260562814999721
ot,0.5,100,1,-312.01468026362613,-9.606097200250375,1.5995886415313791,1.260562814999721
ot,0.5,100,2,-320.92822056743717,-42.44228734414625,-1.653820823718028,1.260562814999721
ot,0.5,100,3,-315.76832191097276,13.135022173899536,-3.0199028346401358,1.260562814999721
ot,0.5,100,4,-310.62106644912865,-15.979721849905264,-13.707936702248634,1.260562814999721
ot,0.5,100,5,-313.1640179795264,-7.957640692708415,-20.648492420870447,1.260562814999721
ot,0.5,100,6,-307.31494569063943,-20.36916596927409,-12.309346791115045,1.260562814999721
ot,0.5,100,7,-310.08797821429783,-12.234275431492229,-17.083307468659882,1.260562814999721
ot,0.5,100,8,-319.2826761863297,-25.776297372291587,-13.511557056061449,1.260562814999721
ot,0.5,100,9,-310.56928963104446,-7.210724749464812,-9.146297458844819,1.260562814999721
ot,0.5,100,10,-311.7555022303399,-25.11013784631797,-9.253931859903927,1.260562814999721
ot,0.5,100,11,-308.67627007873284,-13.875490625223124,-8.062868788606504,1.260562814999721
ot,0.5,100,12,-308.68932591831003,0.13410973582361196,-16.833901412773624,1.260562814999721
ot,0.5,100,13,-309.13376503511773,-12.64879402139056,-16.42884194679037,1.260562814999721
ot,0.5,100,14,-312.7084826974772,-11.08838782994972,-9.575540381200668,1.260562814999721
ot,0.5,100,15,-309.55270274029857,-19.809367943424824,-10.61079421572678,1.260562814999721
ot,0.5,100,16,-318.24987243899375,-35.79358719601298,-8.336771503845915,1.260562814999721
ot,0.5,100,17,-308.49678349260216,-18.37513792837725,-13.580117918159043,1.260562814999721
ot,0.5,100,18,-311.10188719465486,-41.091113695567415,-11.30247384804974,1.260562814999721
ot,0.5,100,19,-314.7867836088226,-2.846998768185939,-9.868983714593242,1.260562814999721
ot,0.5,100,20,-311.07530683400483,-2.7511478653463666,-13.474101097202496,1.260562814999721
ot,0.5,100,21,-314.26430344928343,14.649166919790138,-16.019502395952422,1.260562814999721
ot,0.5,100,22,-308.9050904275418,-30.761017355911395,-0.25836323150752133,1.260562814999721
ot,0.5,100,23,-312.45577113828153,9.016550324266124,-3.472564863761762,1.260562814999721
ot,0.5,100,24,-312.33712895449855,-9.780236103840364,-8.058816899454593,1.260562814999721
ot,0.5,100,25,-317.6532192260163,-29.92903682681071,-6.345129390605049,1.260562814999721
ot,0.5,100,26,-314.8394325179422,1.711544884771764,-14.197960526012444,1.260562814999721
ot,0.5,100,27,-308.3993092961638,-1.6101854430915592,-7.3460549718031825,1.260562814999721
ot,0.5,100,28,-311.719067751989,0.07523964200838917,-10.080454497916005,1.260562814999721
ot,0.5,100,29,-317.89043699681645,-6.343819965842988,-14.537689842906754,1.260562814999721
ot,0.5,100,30,-314.58900217103894,-13.453456917038952,-7.56786929391236,1.260562814999721
ot,0.5,100,31,-321.7530782131021,-4.098444203974182,-7.282911356979859,1.260562814999721
ot,0.5,100,32,-310.10531953083347,-9.293580973175418,-4.3926650009329045,1.260562814999721
ot,0.5,100,33,-312.95631533921033,-25.199675528024834,-0.44264069890777935,1.260562814999721
ot,0.5,100,34,-318.85311018356185,-27.60187028683089,-8.947980756109335,1.260562814999721
ot,0.5,100,35,-312.73067041980977,-11.249679491714252,-15.118024217376776,1.260562814999721
ot,0.5,100,36,-315.4140647766122,-17.362800745837557,-5.807288904773955,1.260562814999721
ot,0.5,100,37,-310.8459679473266,-0.2849029088516131,-4.487080557062168,1.260562814999721
ot,0.5,100,38,-315.72035135638254,-20.045622222215243,1.1518769028025202,1.260562814999721
ot,0.5,100,39,-315.9543303266104,2.8497648249599083,-17.06658940271393,1.260562814999721
ot,0.5,100,40,-314.67702689592943,-32.76269474553389,-12.269290496913321,1.260562814999721
ot,0.5,100,41,-315.593045857565,-9.109446152066557,-9.52368989761571,1.260562814999721
ot,0.5,100,42,-315.62235535993113,-32.813697729885966,-11.775714871382894,1.260562814999721
ot,0.5,100,43,-315.1590063193908,-1.3243344229244078,-10.014372666101162,1.260562814999721
ot,0.5,100,44,-315.7419579408709,0.45231521327554225,-3.7764895610572964,1.260562814999721
ot,0.5,100,45,-315.7583517513915,-15.279502021304157,-13.74354182483134,1.260562814999721
ot,0.5,100,46,-312.19994496847096,-21.82448501928577,-12.284356094749702,1.260562814999721
ot,0.5,100,47,-313.1289019361538,-18.95443626782997,-16.506618086897973,1.260562814999721
ot,0.5,100,48,-312.1679212486389,-33.91961289295017,-13.932333546141233,1.260562814999721
ot,0.5,100,49,-307.7769690658761,-12.985242445693505,-8.71478091105923,1.260562814999721
ot,0.5,100,50,-311.6931787781543,-26.48210354412767,-7.5634637359988455,1.133609941659961
ot,0.5,100,51,-312.4666984869433,-18.156267870997347,-1.724034002727313,1.133609941659961
ot,0.5,100,52,-311.3112246579476,-31.036045036467755,-1.389532461767256,1.133609941659961
ot,0.5,100,53,-308.0122486848696,-12.31830473994323,-4.819509164847511,1.133609941659961
ot,0.5,100,54,-317.6569948424,-21.952550998710546,-11.276187565135654,1.133609941659961
ot,0.5,100,55,-308.1354511169279,-9.04683470587962,1.8122844953048878,1.133609941659961
ot,0.5,100,56,-313.0478241327852,-21.139466605931023,-11.57211896425481,1.133609941659961
ot,0.5,100,57,-311.81742971619474,8.643030569534613,-12.009323897501819,1.133609941659961
ot,0.5,100,58,-310.12038839622977,-20.383661307000377,-6.098182286641907,1.133609941659961
ot,0.5,100,59,-310.6584810553413,-18.42353953875326,-10.923689647947121,1.133609941659961
ot,0.5,100,60,-320.9434834151448,-45.84087493244357,-9.786268084947066,1.133609941659961
ot,0.5,100,61,-310.8418558840225,-4.9961547818343135,-4.652679543843927,1.133609941659961
ot,0.5,100,62,-316.532616565894,3.039520369301501,-17.845480824099756,1.133609941659961
ot,0.5,100,63,-315.87467773356747,-26.02459218362774,5.704781353185037,1.133609941659961
ot,0.5,100,64,-304.64656556760195,-4.980631281158916,-13.123770165308958,1.133609941659961
ot,0.5,100,65,-314.2580207769928,-40.25213009924596,-12.563393133953605,1.133609941659961
ot,0.5,100,66,-324.1131251326536,-15.988001993956638,-19.713615470299317,1.133609941659961
ot,0.5,100,67,-308.19935187056046,-28.30289197232048,-3.396355088807423,1.133609941659961
ot,0.5,100,68,-313.4148502919987,-27.283154417530778,-4.200806732650741,1.133609941659961
ot,0.5,100,69,-317.56676588736696,-24.427912157257726,-12.820855879599382,1.133609941659961
ot,0.5,100,70,-318.5007286402038,1.1574225765307566,-3.7037795395534814,1.133609941659961
ot,0.5,100,71,-311.34491833273955,-30.51987630864626,-4.370643109238531,1.133609941659961
ot,0.5,100,72,-310.7348450451901,-19.097007413063313,-5.523478980133698,1.133609941659961
ot,0.5,100,73,-318.74982157024976,-13.490583097935229,-5.262403065553098,1.133609941659961
ot,0.5,100,74,-317.42069756155286,-41.1619039365207,-11.93277826307372,1.133609941659961
ot,0.5,100,75,-315.16706598595806,-8.157466529774307,-5.364651047121532,1.133609941659961
ot,0.5,100,76,-313.36915377181083,-23.500739483592987,1.226783993053687,1.133609941659961
ot,0.5,100,77,-314.527383948448,4.447174034530564,-9.79800580829481,1.133609941659961
ot,0.5,100,78,-315.3420353256455,-17.10837225245358,-13.106450824550455,1.133609941659961
ot,0.5,100,79,-309.52715143037346,-13.304718517238001,-1.6525115402773878,1.133609941659961
ot,0.5,100,80,-317.54499659444065,-28.080565474890335,-12.13526860577587,1.133609941659961
ot,0.5,100,81,-317.1036388712649,-21.960870021615126,-14.394843073014668,1.133609941659961
ot,0.5,100,82,-313.01173322960045,0.8514443751917414,-13.08638859535417,1.133609941659961
ot,0.5,100,83,-315.2382383719108,-19.46855313583857,-5.470743667474768,1.133609941659961
ot,0.5,100,84,-315.4242536274595,-21.935759148834617,-12.894718531809398,1.133609941659961
ot,0.5,100,85,-316.8916157681196,-5.6807834499588505,-1.64159678760638,1.133609941659961
ot,0.5,100,86,-308.75601247269907,-15.532840279205171,-3.76727302524571,1.133609941659961
ot,0.5,100,87,-316.21594306249597,-22.928044431806786,-11.39330235589981,1.133609941659961
ot,0.5,100,88,-306.9526558284218,-3.7719453780161505,-7.253630880825255,1.133609941659961
ot,0.5,100,89,-312.5220098759827,-27.196064696138563,-14.401552808197795,1.133609941659961
ot,0.5,100,90,-311.65581417598884,-14.451068373933456,-14.738394276151798,1.133609941659961
ot,0.5,100,91,-322.63079542454415,-4.994733761153971,-25.660558020185288,1.133609941659961
ot,0.5,100,92,-314.21060357231323,-17.722268453984956,-7.5402967266602285,1.133609941659961
ot,0.5,100,93,-318.30429676717,-40.07353149231349,-17.575209848500904,1.133609941659961
ot,0.5,100,94,-312.60153295062065,-30.26295732018355,-10.71105022247091,1.133609941659961
ot,0.5,100,95,-317.8708063911405,-13.161583081024805,-12.498927753519315,1.133609941659961
ot,0.5,100,96,-308.63171092108024,-24.74279832756632,-7.876317249771205,1.133609941659961
ot,0.5,100,97,-314.3551133086413,-21.311469860728007,-17.1617243916387,1.133609941659961
ot,0.5,100,98,-315.058187811365,-26.451661425360456,-10.244565152856405,1.133609941659961
ot,0.5,100,99,-309.96013585171454,-21.578798996409674,-14.636630374279076,1.133609941659961
ot,1.0,100,0,-315.20536495194426,1.5329855935906247,-12.384119065952707,0.7230873975000577
ot,1.0,100,1,-312.7742060600243,-7.299988916554599,0.2261965347416186,0.7230873975000577
ot,1.0,100,2,-321.08641422260797,-47.98532147637086,-2.6632103298796066,0.7230873975000577
ot,1.0,100,3,-317.19385045551405,12.968921450213811,-4.192457912711074,0.7230873975000577
ot,1.0,100,4,-311.1460167328649,-21.057608710186575,-13.57941104960534,0.7230873975000577
ot,1.0,100,5,-313.5749036761287,-10.292367305636024,-18.260232691856736,0.7230873975000577
ot,1.0,100,6,-308.01154844223595,-18.67118774833818,-13.393185546697477,0.7230873975000577
ot,1.0,100,7,-309.8458238900495,-14.333622704053546,-16.060346703677347,0.7230873975000577
ot,1.0,100,8,-318.8734766820369,-23.8003012675211,-12.666717328702916,0.7230873975000577
ot,1.0,100,9,-310.10258473485123,-3.3432666245845626,-7.769290007482293,0.7230873975000577
ot,1.0,100,10,-311.60374767238005,-24.45407510292406,-9.91203887095478,0.7230873975000577
ot,1.0,100,11,-308.6341329888339,-6.6341270994161405,-6.6318029207631675,0.7230873975000577
ot,1.0,100,12,-309.02564024535496,4.193012497567271,-13.341580406873591,0.7230873975000577
ot,1.0,100,13,-308.8120427285155,-11.725229664660755,-15.268552356578333,0.7230873975000577
ot,1.0,100,14,-313.50421300326724,-15.351852269820759,-9.300838429539565,0.7230873975000577
ot,1.0,100,15,-309.25937905942885,-17.162763991237046,-8.448996246021869,0.7230873975000577
ot,1.0,100,16,-318.49673833931246,-34.02466173286935,-8.979072464216117,0.7230873975000577
ot,1.0,100,17,-308.0614565473812,-19.51554590566673,-10.22775779117332,0.7230873975000577
ot,1.0,100,18,-310.35262979819987,-40.19519773576871,-8.803277150196129,0.7230873975000577
ot,1.0,100,19,-315.68479572609004,-7.555146176923853,-7.154826688184339,0.7230873975000577
ot,1.0,100,20,-311.2539711868136,-5.559807223374068,-14.715911651581436,0.7230873975000577
ot,1.0,100,21,-314.37335078505305,1.4332429983840782,-15.263453789106457,0.7230873975000577
ot,1.0,100,22,-309.66668744421844,-27.9947321285506,-1.25722984714645,0.7230873975000577
ot,1.0,100,23,-312.1470967315165,9.219206294676464,-5.0120679279372995,0.7230873975000577
ot,1.0,100,24,-312.98596045864457,-11.369082951045245,-8.421618557300652,0.7230873975000577
ot,1.0,100,25,-317.3381859822168,-25.761029926536747,-6.7564386195029655,0.7230873975000577
ot,1.0,100,26,-315.22278146296526,4.060382095987974,-13.794112299053804,0.7230873975000577
ot,1.0,100,27,-309.15662272923026,-6.551991954711012,-8.560365938332215,0.7230873975000577
ot,1.0,100,28,-311.1020201185881,-2.055222487335403,-8.978273887750618,0.7230873975000577
ot,1.0,100,29,-317.6609642721848,-5.587969779648721,-15.633840451461154,0.7230873975000577
ot,1.0,100,30,-314.25239999259526,-13.241446488198347,-7.440611565085264,0.7230873975000577
ot,1.0,100,31,-322.8417404692195,-26.22960891628559,-6.228686633298059,0.7230873975000577
ot,1.0,100,32,-310.2484154470565,-8.888505667155146,-3.3270056712021434,0.7230873975000577
ot,1.0,100,33,-312.6591570961779,-23.063999155313702,-3.859338249769995,0.7230873975000577
ot,1.0,100,34,-318.5702080568536,-20.89543813944032,-8.216175112499972,0.7230873975000577
ot,1.0,100,35,-313.2447901691122,-14.713954250833389,-13.36497473717066,0.7230873975000577
ot,1.0,100,36,-316.0164579003508,-20.54755195236683,-3.2115507673305532,0.7230873975000577
ot,1.0,100,37,-310.7443055181368,-17.54164208647729,-3.608421516710299,0.7230873975000577
ot,1.0,100,38,-316.21690304359936,-23.55502800551059,0.6017301592438362,0.7230873975000577
ot,1.0,100,39,-316.42043221790175,-8.978991604350275,-19.04833665728559,0.7230873975000577
ot,1.0,100,40,-314.14049335062947,-26.192679365263523,-12.237174167229828,0.7230873975000577
ot,1.0,100,41,-316.1356982141708,-8.837232021749564,-11.599925964667163,0.7230873975000577
ot,1.0,100,42,-315.20452702763833,-31.270465875415386,-14.4407514583349,0.7230873975000577
ot,1.0,100,43,-315.6597160122788,-4.4208189707069545,-11.935149214323687,0.7230873975000577
ot,1.0,100,44,-316.16217850720255,1.5536498318905967,-3.0334318139537517,0.7230873975000577
ot,1.0,100,45,-314.884914056698,-12.889142310664889,-14.173745465341238,0.7230873975000577
ot,1.0,100,46,-312.2587150174111,-25.621100580269594,-9.415114752211847,0.7230873975000577
ot,1.0,100,47,-312.61690393631744,-19.97528960793319,-16.70568622495346,0.7230873975000577
ot,1.0,100,48,-312.2047127113495,-38.08397609244456,-12.418924188054174,0.7230873975000577
ot,1.0,100,49,-308.0242880694894,-12.914749269973237,-8.537907636728617,0.7230873975000577
ot,1.0,100,50,-312.0041614100512,-28.666798763780317,-7.51876874235228,0.5486551691597561
ot,1.0,100,51,-312.9956858690248,-22.83156211511393,-4.214185663673925,0.5486551691597561
ot,1.0,100,52,-311.8407000715408,-32.94922260336441,-2.0534458667843065,0.5486551691597561
ot,1.0,100,53,-308.3426258602293,-11.227998938841688,-4.4061661942266666,0.5486551691597561
ot,1.0,100,54,-316.7753565912593,-20.81541933564047,-8.375454697848117,0.5486551691597561
ot,1.0,100,55,-308.8888672887809,-8.002053752098076,2.401518572168004,0.5486551691597561
ot,1.0,100,56,-313.3280534321097,-19.66387439249634,-10.732135503469241,0.5486551691597561
ot,1.0,100,57,-311.84330743150105,15.717664474689279,-11.055426536894592,0.5486551691597561
ot,1.0,100,58,-310.03501264339207,-20.888872877814027,-7.899409219307684,0.5486551691597561
ot,1.0,100,59,-310.95148438613205,-20.404124674622995,-11.126961096575181,0.5486551691597561
ot,1.0,100,60,-320.68928485805577,-44.66928795467423,-6.436863396299256,0.5486551691597561
ot,1.0,100,61,-311.10805916714526,-5.212723301261465,-6.329028810043156,0.5486551691597561
ot,1.0,100,62,-317.7237677886719,-0.19804890775976844,-18.962400996960756,0.5486551691597561
ot,1.0,100,63,-316.14186329016513,-20.696578317798025,2.8741354858832855,0.5486551691597561
ot,1.0,100,64,-305.4942770221691,-2.177540284138938,-11.35324492217854,0.5486551691597561
ot,1.0,100,65,-312.96314069941485,-39.83055579016339,-11.137606391481047,0.5486551691597561
ot,1.0,100,66,-324.4247606531765,-21.46811923326165,-17.89342285341805,0.5486551691597561
ot,1.0,100,67,-308.80111175491044,-28.28667801670085,-4.682879034413737,0.5486551691597561
ot,1.0,100,68,-313.05019641388577,-23.721400493053434,-1.5320770628053793,0.5486551691597561
ot,1.0,100,69,-318.06263344386696,-36.97487598072249,-10.315419440815855,0.5486551691597561
ot,1.0,100,70,-319.8558725345124,1.6602790953847197,-4.089931260432829,0.5486551691597561
ot,1.0,100,71,-310.8530490425986,-28.03593421019043,-4.790416249095932,0.5486551691597561
ot,1.0,100,72,-311.3121201712118,-18.36595562678125,-3.2313641231075967,0.5486551691597561
ot,1.0,100,73,-318.1689194095118,-14.42388384153358,-5.903212201699823,0.5486551691597561
ot,1.0,100,74,-317.8969983883633,-34.1676557759407,-14.582137807314998,0.5486551691597561
ot,1.0,100,75,-315.1357739878049,-9.729876963090641,-8.441174838241157,0.5486551691597561
ot,1.0,100,76,-312.5277761014378,-16.410978009975857,0.2531881419935941,0.5486551691597561
ot,1.0,100,77,-314.5660206909636,9.242930887127722,-7.683585270851384,0.5486551691597561
ot,1.0,100,78,-315.63294311692886,-19.5450928081673,-10.670977884258527,0.5486551691597561
ot,1.0,100,79,-309.0208475365286,-11.944150763425903,-2.3695255903629304,0.5486551691597561
ot,1.0,100,80,-317.46774954698043,-25.746261434062085,-9.904789795784207,0.5486551691597561
ot,1.0,100,81,-317.4499744631994,-19.778790467204427,-14.209444436852912,0.5486551691597561
ot,1.0,100,82,-312.8863080984903,-4.77157751086467,-12.992547009680882,0.5486551691597561
ot,1.0,100,83,-315.5604071911599,-17.628452965226995,-6.383387582613643,0.5486551691597561
ot,1.0,100,84,-315.9855904203757,-23.142837897433427,-14.003385097231707,0.5486551691597561
ot,1.0,100,85,-317.76485281134836,-10.414890084058914,-2.51115303172253,0.5486551691597561
ot,1.0,100,86,-309.2017268012905,-12.472797956578885,-2.549886672509219,0.5486551691597561
ot,1.0,100,87,-316.9499882555817,-24.02369374219485,-10.975761145930203,0.5486551691597561
ot,1.0,100,88,-307.33221725710496,-2.010859957721331,-6.119341895269384,0.5486551691597561
ot,1.0,100,89,-312.0711000137077,-27.214461534288,-13.677061733664855,0.5486551691597561
ot,1.0,100,90,-311.71638877276666,-11.692126182975425,-13.524020464790762,0.5486551691597561
ot,1.0,100,91,-322.25715653352376,-13.736935169519093,-24.435888207372464,0.5486551691597561
ot,1.0,100,92,-314.3127654650689,-18.590422555901576,-7.329202961171913,0.5486551691597561
ot,1.0,100,93,-319.09128891115967,-45.221129954705006,-18.71875330839478,0.5486551691597561
ot,1.0,100,94,-312.7391386084205,-38.780796237518736,-11.870480724832829,0.5486551691597561
ot,1.0,100,95,-318.9843195803202,-13.604446252497427,-11.47513887336296,0.5486551691597561
ot,1.0,100,96,-307.8561516651399,-23.611595979379427,-8.990840581104502,0.5486551691597561
ot,1.0,100,97,-313.8295493046521,-18.503934299168698,-15.842700708097752,0.5486551691597561
ot,1.0,100,98,-314.862145676522,-23.873005931884315,-7.834393323596151,0.5486551691597561
ot,1.0,100,99,-310.4293565737395,-20.90041156877887,-12.201730064396672,0.5486551691597561
