method,run,step,theta_1,theta_2
kalman,0,0,0.1,0.95
kalman,0,1,0.1199999997309397,0.9300000004416191
kalman,0,2,0.13998634802106746,0.9100199246503848
kalman,0,3,0.15994887396588922,0.8900743492774554
kalman,0,4,0.17987656165012372,0.8701788319542001
kalman,0,5,0.1997575180853828,0.8503499117086024
kalman,0,6,0.21957894352040574,0.8306051018199213
kalman,0,7,0.23932710485653064,0.8109628742282721
kalman,0,8,0.25898731300814515,0.7914426346035138
kalman,0,9,0.27854390516069555,0.7720646871832938
kalman,0,10,0.2979802329947201,0.7528501885176072
kalman,0,11,0.3172786580595002,0.7338210893113454
kalman,0,12,0.33642055558926165,0.7150000636415554
kalman,0,13,0.3553863281520158,0.6964104249468425
kalman,0,14,0.3741554305982952,0.6780760283462014
kalman,0,15,0.3927064078250288,0.6600211590462575
kalman,0,16,0.4110169468781966,0.642270406840648
kalman,0,17,0.42906394487538385,0.624848526992358
kalman,0,18,0.4468235941242356,0.607780288116112
kalman,0,19,0.4642714856337745,0.5910903080374871
kalman,0,20,0.48138273195264947,0.5748028789892982
kalman,0,21,0.49813210991425516,0.5589417839019108
kalman,0,22,0.5144942234198653,0.5435301059374729
kalman,0,23,0.5304436858493558,0.5285900337911351
kalman,0,24,0.5459553210633263,0.5141426656160553
kalman,0,25,0.5610043812667009,0.5002078147036387
kalman,0,26,0.5755667792666572,0.48680382024715796
kalman,0,27,0.5896193319094375,0.4739473666189248
kalman,0,28,0.6031400107605692,0.46165331458564574
kalman,0,29,0.6161081954453866,0.4499345477656358
kalman,0,30,0.6285049245373632,0.4388018373935196
kalman,0,31,0.6403131385144165,0.4282637281079611
kalman,0,32,0.6515179091354936,0.41832644702766836
kalman,0,33,0.6621066496483718,0.4089938378484598
kalman,0,34,0.6720693005376698,0.4002673211026858
kalman,0,35,0.6813984860560922,0.39214588109837545
kalman,0,36,0.6900896375313038,0.38462607942728416
kalman,0,37,0.6981410803687368,0.377702094326253
kalman,0,38,0.705554082727012,0.37136578462023023
kalman,0,39,0.7123328649684104,0.36560677648919593
kalman,0,40,0.7184845701192034,0.3604125709010407
kalman,0,41,0.7240191966527244,0.355768669248208
kalman,0,42,0.7289494958779132,0.35165871452155567
kalman,0,43,0.7332908370348771,0.34806464524862457
kalman,0,44,0.737061043837733,0.3449668594085598
kalman,0,45,0.7402802066493899,0.34234438560163427
kalman,0,46,0.7429704747230341,0.3401750588842809
kalman,0,47,0.7451558330133797,0.33843569886587827
kalman,0,48,0.7468618679694399,0.3371022878860193
kalman,0,49,0.7481155264983413,0.3361501473360289
kalman,0,50,0.7489448719684754,0.335554110442855
kalman,0,51,0.74937884073226,0.3352886900858312
kalman,0,52,0.7494470022240646,0.33532824045808246
kalman,0,53,0.7491793252536139,0.33564711160773264
kalman,0,54,0.748605952690705,0.3362197960950079
kalman,0,55,0.7477569863392024,0.33702106717732694
kalman,0,56,0.7466622834376004,0.3380261080848036
kalman,0,57,0.7453512659057029,0.33921063207401964
kalman,0,58,0.7438527431838217,0.3405509930503262
kalman,0,59,0.7421947492807428,0.3420242866309852
kalman,0,60,0.740404394455634,0.343608441586334
kalman,0,61,0.7385077318016365,0.34528230164724283
kalman,0,62,0.736529638868955,0.34702569770781766
kalman,0,63,0.7344937143565601,0.34881951048577853
kalman,0,64,0.7324221898082991,0.35064572373206593
kalman,0,65,0.7303358561661276,0.3524874681084267
kalman,0,66,0.7282540049562058,0.3543290558789276
kalman,0,67,0.7261943838096439,0.356156006589949
kalman,0,68,0.7241731659467662,0.35795506394410914
kalman,0,69,0.7222049331809086,0.3597142041071625
kalman,0,70,0.720302671924883,0.3614226357231615
kalman,0,71,0.7184777816109778,0.3630707919516581
kalman,0,72,0.7167400948648713,0.36465031488073607
kalman,0,73,0.7150979087066208,0.3661540327102786
kalman,0,74,0.7135580259896079,0.36757593014001594
kalman,0,75,0.7121258062326209,0.3689111124354464
kalman,0,76,0.7108052249526194,0.37015576368055586
kalman,0,77,0.709598940567421,0.3713070997583469
kalman,0,78,0.7085083679094754,0.3723633166275979
kalman,0,79,0.7075337573746371,0.37332353448625855
kalman,0,80,0.7066742787235936,0.374187738427866
kalman,0,81,0.7059281085582241,0.37495671620696397
kalman,0,82,0.7052925205101963,0.37563199373253453
kalman,0,83,0.7047639772038532,0.3762157689049184
kalman,0,84,0.7043382230889982,0.37671084440176694
kalman,0,85,0.7040103772805252,0.3771205600025645
kalman,0,86,0.7037750255898543,0.37744872501961585
kalman,0,87,0.7036263109866933,0.3776995513766453
kalman,0,88,0.703558021787652,0.37787758784490416
kalman,0,89,0.7035636769296367,0.3779876559115686
kalman,0,90,0.7036366077497809,0.37803478771689747
kalman,0,91,0.703770035759049,0.3780241664557673
kalman,0,92,0.7039571459628097,0.3779610695964565
kalman,0,93,0.7041911553479261,0.37785081522553354
kalman,0,94,0.7044653762216692,0.37769871178299436
kalman,0,95,0.7047732741525059,0.3775100114069331
kalman,0,96,0.705108520326099,0.3772898670625171
kalman,0,97,0.7054650381912828,0.3770432935863138
kalman,0,98,0.7058370443299891,0.37677513273449137
kalman,0,99,0.7062190835417702,0.376490022282443
kalman,0,100,0.7066060581873864,0.37619236918427706
kalman,0,101,0.7069932518866249,0.37588632676364936
kalman,0,102,0.7073763477128157,0.3755757758728144
kalman,0,103,0.7077514410701702,0.37526430992474297
kalman,0,104,0.7081150474798524,0.37495522367384343
kalman,0,105,0.7084641055364103,0.3746515055943625
kalman,0,106,0.70879597532766,0.3743558336820175
kalman,0,107,0.7091084326382049,0.374070574483881
kalman,0,108,0.7093996592793705,0.37379778514403117
kalman,0,109,0.7096682299064125,0.37353921823799136
kalman,0,110,0.7099130956973796,0.3732963291574792
kalman,0,111,0.7101335652770464,0.3730702857984125
kalman,0,112,0.7103292832739562,0.3728619802993911
kalman,0,113,0.7105002068989709,0.3726720425748835
kalman,0,114,0.7106465809300095,0.37250085538697
kalman,0,115,0.7107689114800813,0.3723485707015798
kalman,0,116,0.7108679389145699,0.37221512707954874
kalman,0,117,0.7109446102692911,0.37210026785933914
kalman,0,118,0.7110000515034512,0.37200355989671735
kalman,0,119,0.7110355399016441,0.3719244126368807
kalman,0,120,0.7110524769167822,0.3718620973062656
kalman,0,121,0.7110523617217555,0.371815766024342
kalman,0,122,0.7110367657120131,0.3717844706499054
kalman,0,123,0.7110073081745532,0.371767181191508
kalman,0,124,0.7109656333113443,0.37176280362752184
kalman,0,125,0.7109133887773567,0.371770196997705
kalman,0,126,0.7108522058654773,0.37178818964485
kalman,0,127,0.710783681442967,0.37181559450195445
kalman,0,128,0.7107093617170628,0.37185122333718623
kalman,0,129,0.7106307278811388,0.3718938998855578
kalman,0,130,0.710549183667746,0.37194247181252416
kalman,0,131,0.7104660448110866,0.3719958214705289
kalman,0,132,0.7103825303992369,0.3720528754247209
kalman,0,133,0.7102997560758761,0.3721126127385264
kalman,0,134,0.7102187290325424,0.37217407202339065
kalman,0,135,0.7101403447156327,0.37223635726970544
kalman,0,136,0.71006538515756,0.3722986424876453
kalman,0,137,0.7099945188287275,0.3723601751972752
kalman,0,138,0.7099283018963086,0.3724202788168293
kalman,0,139,0.7098671807672075,0.3724783540064535
kalman,0,140,0.7098114957860099,0.3725338790319361
kalman,0,141,0.7097614859541493,0.3725864092190163
kalman,0,142,0.7097172945338476,0.37263557557376353
kalman,0,143,0.7096789753995438,0.3726810826482788
kalman,0,144,0.7096465000004003,0.3727227057336179
kalman,0,145,0.7096197647999359,0.37276028746340334
kalman,0,146,0.70959859906277,0.37279373391214227
kalman,0,147,0.7095827728637015,0.3728230102718426
kalman,0,148,0.7095720052007647,0.37284813618919854
kalman,0,149,0.7095659721013292,0.3728691808434607
kalman,0,150,0.7095643146185955,0.3728862578421987
multinomial,0,0,0.1,0.95
multinomial,1,0,0.1,0.95
multinomial,2,0,0.1,0.95
multinomial,3,0,0.1,0.95
multinomial,4,0,0.1,0.95
multinomial,0,1,0.11999999982419236,0.9300000001104539
multinomial,1,1,0.11999999978835237,0.9699999976753678
multinomial,2,1,0.11999999983565406,0.9300000007168401
multinomial,3,1,0.11999999981964407,0.930000000161474
multinomial,4,1,0.11999999982280848,0.9300000001748967
multinomial,0,2,0.13995316624870618,0.9138855668121544
multinomial,1,2,0.14002307153137714,0.9560780917064515
multinomial,2,2,0.13986125767772528,0.9124710949379987
multinomial,3,2,0.13999503551554807,0.9109477362211809
multinomial,4,2,0.13989174834949375,0.9108606246153236
multinomial,0,3,0.1598845334818133,0.8971439057075182
multinomial,1,3,0.1600499875030017,0.9394608239158659
multinomial,2,3,0.15932218473338527,0.8974133974795766
multinomial,3,3,0.15967699035058924,0.8916081912869283
multinomial,4,3,0.15986901646897886,0.8948886937743232
multinomial,0,4,0.1795868370208949,0.8804420944127974
multinomial,1,4,0.18011967227732714,0.9223617164740378
multinomial,2,4,0.17899938168125534,0.8820747781001719
multinomial,3,4,0.17910064055903643,0.8742318567184438
multinomial,4,4,0.17993014400670562,0.8789252325610568
multinomial,0,5,0.19948119388667257,0.8627826667923802
multinomial,1,5,0.2001274319961964,0.9051620194905294
multinomial,2,5,0.1988204470270278,0.8652624814535435
multinomial,3,5,0.19867294286638318,0.8571018882690612
multinomial,4,5,0.19984331966938235,0.8646630322844266
multinomial,0,6,0.2193790696381545,0.8454827175252663
multinomial,1,6,0.2198063322391929,0.8870619329246646
multinomial,2,6,0.21868180782215368,0.8475053592368061
multinomial,3,6,0.21812306957905164,0.8412416885372641
multinomial,4,6,0.21984779027475,0.8514432985192109
multinomial,0,7,0.23936551163645703,0.8290056296996325
multinomial,1,7,0.23968085651773657,0.8687864293660877
multinomial,2,7,0.23870315595427416,0.830600441670701
multinomial,3,7,0.2377110168949576,0.8244389139223185
multinomial,4,7,0.23973628758591964,0.839437021393988
multinomial,0,8,0.25919740452895534,0.8118273697357578
multinomial,1,8,0.25962033008653906,0.8517031988268146
multinomial,2,8,0.25845761781679943,0.8148594692831254
multinomial,3,8,0.2571788749342996,0.8067699824248739
multinomial,4,8,0.25949486827240453,0.8269519248649869
multinomial,0,9,0.2789723976774544,0.7950200299690742
multinomial,1,9,0.2796246985664547,0.8343196935313806
multinomial,2,9,0.2779924011482299,0.7989488328730198
multinomial,3,9,0.27640117285167515,0.789150087544108
multinomial,4,9,0.2791287529243546,0.8146297960993172
multinomial,0,10,0.29872941261532177,0.779234026026739
multinomial,1,10,0.2992301906013601,0.817403193852018
multinomial,2,10,0.2975758482856595,0.7824132987136343
multinomial,3,10,0.2955355038852173,0.7722874893030167
multinomial,4,10,0.29886500434528807,0.802158305546384
multinomial,0,11,0.31816777311359834,0.7635019762448357
multinomial,1,11,0.31888321358574406,0.8010151268588958
multinomial,2,11,0.31648275894063044,0.7660773879162313
multinomial,3,11,0.3148668490591814,0.7565295078101686
multinomial,4,11,0.3185361884320273,0.7889064381869249
multinomial,0,12,0.33729199105688407,0.7472503881317946
multinomial,1,12,0.3388369708054493,0.7853201964181579
multinomial,2,12,0.33542873979673526,0.7504615093828404
multinomial,3,12,0.3337506858986287,0.7410787773162084
multinomial,4,12,0.33809403185260983,0.7766086309557936
multinomial,0,13,0.35630104056437006,0.7311864763249287
multinomial,1,13,0.35854333604979527,0.7699380867745793
multinomial,2,13,0.3540925555545373,0.7349557093599187
multinomial,3,13,0.3522217369338923,0.7262014187558292
multinomial,4,13,0.357337593100916,0.7647051647721903
multinomial,0,14,0.3750681564852857,0.7153100461666916
multinomial,1,14,0.3780667262129396,0.7537081475557201
multinomial,2,14,0.3726072342053379,0.7205629438627366
multinomial,3,14,0.3705575797814682,0.7117130405217662
multinomial,4,14,0.3764888877715724,0.7536849164014287
multinomial,0,15,0.3940736303273763,0.6992590319774189
multinomial,1,15,0.3972617028708544,0.7374673569103493
multinomial,2,15,0.39096620517977243,0.7057093222608718
multinomial,3,15,0.3888276660440177,0.6974132583382702
multinomial,4,15,0.3956010721970273,0.7431088360099398
multinomial,0,16,0.4127578282058011,0.6840293132479366
multinomial,1,16,0.41616476470113206,0.7210095102483667
multinomial,2,16,0.4088396415050325,0.6908620360821556
multinomial,3,16,0.40691006167876853,0.6832952583587293
multinomial,4,16,0.4147892625570462,0.7318790327924839
multinomial,0,17,0.4314567399845303,0.6689947587721025
multinomial,1,17,0.4350360285780974,0.7047419508595624
multinomial,2,17,0.4269837772484157,0.676352552298433
multinomial,3,17,0.4252233708021558,0.6692686733604422
multinomial,4,17,0.43381413539663854,0.7208883160881542
multinomial,0,18,0.4494464594307862,0.6554433333647447
multinomial,1,18,0.4536569080141343,0.6886143983106003
multinomial,2,18,0.4452737033704607,0.6623140198810272
multinomial,3,18,0.44331428297861286,0.6551041893078554
multinomial,4,18,0.45240295686154636,0.7096520711368115
multinomial,0,19,0.46703709900432777,0.6422997367893881
multinomial,1,19,0.47156320777610183,0.6735381442610155
multinomial,2,19,0.46360379906942123,0.6482231028997988
multinomial,3,19,0.46181142350917814,0.6421418553956576
multinomial,4,19,0.47091299965782996,0.6980702966777866
multinomial,0,20,0.4845932385054939,0.629111354161212
multinomial,1,20,0.48938534761947855,0.6586359280334818
multinomial,2,20,0.4816654793280794,0.6351899776547939
multinomial,3,20,0.48009884954898274,0.6297331214131057
multinomial,4,20,0.4887310483831783,0.6869390708267319
multinomial,0,21,0.5014162425242283,0.6165025364153006
multinomial,1,21,0.5068477258882079,0.6439646195611225
multinomial,2,21,0.49984719975975034,0.6232878590419408
multinomial,3,21,0.49811204501160844,0.616882972192154
multinomial,4,21,0.5064334560447998,0.6761591356321975
multinomial,0,22,0.5184997786844814,0.6040020075988349
multinomial,1,22,0.524288670695176,0.6300123882007425
multinomial,2,22,0.5174338282296131,0.6112987844068608
multinomial,3,22,0.515672807029065,0.6043741230029543
multinomial,4,22,0.5241762628912516,0.6657993801344778
multinomial,0,23,0.5353141985524285,0.5920219059482928
multinomial,1,23,0.5413062145610873,0.6163822456402245
multinomial,2,23,0.5343365270249806,0.5993636852388403
multinomial,3,23,0.5331208033847584,0.592202416869194
multinomial,4,23,0.5416764998742397,0.6556848687335385
multinomial,0,24,0.5516805902190411,0.5802294568773213
multinomial,1,24,0.5583293725563375,0.6032098300212805
multinomial,2,24,0.5507626480526755,0.587705618636841
multinomial,3,24,0.5505887999376601,0.5808522875465914
multinomial,4,24,0.5585357423824164,0.6452275812735925
multinomial,0,25,0.5674606338814542,0.5683980913806053
multinomial,1,25,0.5753481778272802,0.5906383028342624
multinomial,2,25,0.5667703624286086,0.5759533929412988
multinomial,3,25,0.5672559669277617,0.5700877542938929
multinomial,4,25,0.5747700495065503,0.6348845456994047
multinomial,0,26,0.5826128341105917,0.5569480746354201
multinomial,1,26,0.5917618966157766,0.5783675442248563
multinomial,2,26,0.5825340827848802,0.5651138580414521
multinomial,3,26,0.5830274052181925,0.5597950972001805
multinomial,4,26,0.5904513492396122,0.624796422287428
multinomial,0,27,0.5970748117183425,0.5459881856139681
multinomial,1,27,0.6081587190128147,0.5667642606592019
multinomial,2,27,0.5980385035848821,0.554838875406506
multinomial,3,27,0.598074386120576,0.5503150435804278
multinomial,4,27,0.6057317978942701,0.6144636555247641
multinomial,0,28,0.6112862099476266,0.5351531147991165
multinomial,1,28,0.6243762911843065,0.5560102386515853
multinomial,2,28,0.6129367768159595,0.5442060049613556
multinomial,3,28,0.6123842429535163,0.5410463885840971
multinomial,4,28,0.6203498578975529,0.6043997169293379
multinomial,0,29,0.6250749133279925,0.5248256568135501
multinomial,1,29,0.6394453672497539,0.5455882161874583
multinomial,2,29,0.6276168364794777,0.5338098733751656
multinomial,3,29,0.62612592663652,0.5323700203480711
multinomial,4,29,0.6349401579844705,0.5931826057103059
multinomial,0,30,0.6388724908200374,0.515270173978556
multinomial,1,30,0.6541700367856543,0.5355208879769587
multinomial,2,30,0.6417791026234161,0.5242619982125244
multinomial,3,30,0.6400172603730758,0.5232552207419765
multinomial,4,30,0.6490263409996814,0.5821343722802109
multinomial,0,31,0.6513214334823925,0.5063693043644868
multinomial,1,31,0.6678346014434245,0.5258358880089018
multinomial,2,31,0.6548392860698082,0.5149308910976947
multinomial,3,31,0.6528923730151349,0.5146627033692315
multinomial,4,31,0.6625043173799758,0.5712796074330507
multinomial,0,32,0.6634418874387572,0.4973248792904248
multinomial,1,32,0.6812622907440922,0.5162842526591811
multinomial,2,32,0.6657153001261696,0.5058811480600999
multinomial,3,32,0.6651525714364731,0.5058561132006798
multinomial,4,32,0.6747018046530364,0.561335231224479
multinomial,0,33,0.6751968379793494,0.488873878044435
multinomial,1,33,0.6943777834750564,0.5068093750164573
multinomial,2,33,0.6748549728156971,0.4971389341451596
multinomial,3,33,0.67662288951622,0.4969590559619655
multinomial,4,33,0.6852044977160012,0.551821235814891
multinomial,0,34,0.6855122368015973,0.48035525121042383
multinomial,1,34,0.7071842984017367,0.4971436192755695
multinomial,2,34,0.6833811862223934,0.4878344706694023
multinomial,3,34,0.6875644133816912,0.48802056543953615
multinomial,4,34,0.6942001719780905,0.5426980187110955
multinomial,0,35,0.6958892542664241,0.4718177249731637
multinomial,1,35,0.7186546919682829,0.4874470156208619
multinomial,2,35,0.6906584701288688,0.4790232275361377
multinomial,3,35,0.6980875472848453,0.4798975350182483
multinomial,4,35,0.7021260480022188,0.5335578429319409
multinomial,0,36,0.7058197890143714,0.46364700916805945
multinomial,1,36,0.7263239919474157,0.4784963992292674
multinomial,2,36,0.6966043785239003,0.4708611385759148
multinomial,3,36,0.7085843660069844,0.4718301732898593
multinomial,4,36,0.7089321172004256,0.5251108760902938
multinomial,0,37,0.714138441834119,0.4561753904284389
multinomial,1,37,0.733628765198925,0.4705083518950474
multinomial,2,37,0.7018165784007048,0.46293409060418494
multinomial,3,37,0.7180951339380063,0.46467424719319156
multinomial,4,37,0.7150830847847314,0.5172318378729823
multinomial,0,38,0.7210788840431731,0.4493008611811502
multinomial,1,38,0.7395831682131294,0.4632814410297331
multinomial,2,38,0.7055818237841683,0.455196413941481
multinomial,3,38,0.7276512903877164,0.45799239124630015
multinomial,4,38,0.7208326257904444,0.5103203184276354
multinomial,0,39,0.7266507166030778,0.4427940438367108
multinomial,1,39,0.7444110969109695,0.45550245787834215
multinomial,2,39,0.7086955797888626,0.44749449153423354
multinomial,3,39,0.7361098849560764,0.4517214863391115
multinomial,4,39,0.7263983665347661,0.5038667191224397
multinomial,0,40,0.7310022911922193,0.4363813589878528
multinomial,1,40,0.7462063221137458,0.44768849610958544
multinomial,2,40,0.7119127724184426,0.4399119949020745
multinomial,3,40,0.7439443611455787,0.44596910651703253
multinomial,4,40,0.7306909192740494,0.49687225563758924
multinomial,0,41,0.7342365527886545,0.43057087816919054
multinomial,1,41,0.7469204468596435,0.4397216131000006
multinomial,2,41,0.7138086137507109,0.4325917140681352
multinomial,3,41,0.7505681595957732,0.4405592132793513
multinomial,4,41,0.7342493859520667,0.4893428751563625
multinomial,0,42,0.7383129201688754,0.42478252898620233
multinomial,1,42,0.7479127717376065,0.43207616690564044
multinomial,2,42,0.7142453381365034,0.42498975852345056
multinomial,3,42,0.7563908013902064,0.43547285185924883
multinomial,4,42,0.7363412595831991,0.4819669496170974
multinomial,0,43,0.7419668711044104,0.4192269076942842
multinomial,1,43,0.7475789722724354,0.42511568247270964
multinomial,2,43,0.7162480457937384,0.41761816851680267
multinomial,3,43,0.7609407673163409,0.4306264143836762
multinomial,4,43,0.7373886214479018,0.47472590010605925
multinomial,0,44,0.7449977361252931,0.41401956710808663
multinomial,1,44,0.7467498499665807,0.41811263497796874
multinomial,2,44,0.7166517707636009,0.41076893418902505
multinomial,3,44,0.765353066620576,0.4257423539186021
multinomial,4,44,0.7380342073482694,0.46773300355684666
multinomial,0,45,0.7463508331545639,0.4095205449519264
multinomial,1,45,0.7448113719087672,0.41156969262486287
multinomial,2,45,0.7157599098198049,0.4049149513427979
multinomial,3,45,0.7674671589953233,0.4219634435664988
multinomial,4,45,0.739457492951747,0.4609334288227468
multinomial,0,46,0.7465856048741218,0.40557911664604174
multinomial,1,46,0.7430569696243878,0.40531004879888405
multinomial,2,46,0.7130098797986639,0.3993627087931742
multinomial,3,46,0.7694159467152205,0.41831563300434343
multinomial,4,46,0.7401162695334329,0.45370178137551875
multinomial,0,47,0.7459560327286937,0.4026532955455853
multinomial,1,47,0.7417410517518124,0.39987631324930695
multinomial,2,47,0.7102198238471936,0.39431190408340117
multinomial,3,47,0.7703130479011113,0.41517155399919087
multinomial,4,47,0.7412346757621304,0.4469301438807568
multinomial,0,48,0.7446353814283514,0.4000147985569879
multinomial,1,48,0.7409588639953844,0.39547274566798873
multinomial,2,48,0.7070756992845876,0.38914404181520657
multinomial,3,48,0.7706589033314989,0.412398106376474
multinomial,4,48,0.741696600588963,0.4407165894243792
multinomial,0,49,0.7427074623878834,0.39736938644882847
multinomial,1,49,0.739812663542768,0.39113281473141326
multinomial,2,49,0.7028469048947499,0.3853884682776774
multinomial,3,49,0.7701372739488096,0.40967298112046296
multinomial,4,49,0.7408971975440695,0.4350738699617588
multinomial,0,50,0.7410337309912264,0.3949847763405318
multinomial,1,50,0.739316732965423,0.3873090522697428
multinomial,2,50,0.6997147831793504,0.38156581460165806
multinomial,3,50,0.7686357156506038,0.40733213043954053
multinomial,4,50,0.7402396041028086,0.43001039319596285
multinomial,0,51,0.7404310717587586,0.3931701809448684
multinomial,1,51,0.7386006646833179,0.38368923866239585
multinomial,2,51,0.6952996405101934,0.3785600614544802
multinomial,3,51,0.7665913058300184,0.40507441842538827
multinomial,4,51,0.7390461296899442,0.4244838809007257
multinomial,0,52,0.7397316793001903,0.3917369566032438
multinomial,1,52,0.7377603237601198,0.3803735481878797
multinomial,2,52,0.6920479953468854,0.37521151366633554
multinomial,3,52,0.764594323930084,0.4026490088037435
multinomial,4,52,0.7372379891421886,0.4192788004846826
multinomial,0,53,0.737368265961333,0.39035858810095303
multinomial,1,53,0.7366565533676368,0.37765780400208304
multinomial,2,53,0.6893336157160054,0.37202596156178075
multinomial,3,53,0.7619429814057864,0.40075735492228864
multinomial,4,53,0.7358258144123478,0.41406586194466366
multinomial,0,54,0.7355591155043147,0.389412981000027
multinomial,1,54,0.7353139785456116,0.3748356145758659
multinomial,2,54,0.6858720802208418,0.3694941331110251
multinomial,3,54,0.7612534557027908,0.3994577134434216
multinomial,4,54,0.735161388050182,0.40926882638702766
multinomial,0,55,0.732384552971786,0.3881670715691294
multinomial,1,55,0.734514516823127,0.371229427302178
multinomial,2,55,0.6830588977896831,0.3665763816889769
multinomial,3,55,0.7589921678514291,0.39788337238712224
multinomial,4,55,0.734703622287462,0.4048291449188271
multinomial,0,56,0.7289150046152986,0.38695535533741043
multinomial,1,56,0.7339519891516504,0.3679984165678015
multinomial,2,56,0.6794065236863016,0.3638793889334287
multinomial,3,56,0.7555195102144748,0.3963679815941566
multinomial,4,56,0.7315046461349369,0.4012327068610181
multinomial,0,57,0.7239428970334271,0.3864919192761126
multinomial,1,57,0.7329881563650474,0.36508589412366627
multinomial,2,57,0.6768990166435129,0.361423873255108
multinomial,3,57,0.7514510296396761,0.39545197718315533
multinomial,4,57,0.7293091302969532,0.39812179721000024
multinomial,0,58,0.7181069144412022,0.38598945793319606
multinomial,1,58,0.7318410411788936,0.3626941770911353
multinomial,2,58,0.6741472493655751,0.3594669254084817
multinomial,3,58,0.7467520283669414,0.39476867776128594
multinomial,4,58,0.7276343562574731,0.39559444885696143
multinomial,0,59,0.7129973246021973,0.38566601014468527
multinomial,1,59,0.7299724352570828,0.3609266754343426
multinomial,2,59,0.669763124428147,0.3576055590273697
multinomial,3,59,0.7414010056013809,0.3945663071462116
multinomial,4,59,0.7247624529049491,0.3935615316742396
multinomial,0,60,0.7093797872490964,0.3857119623666188
multinomial,1,60,0.7270040479760801,0.35894920543040526
multinomial,2,60,0.6655602626919475,0.3558955551546452
multinomial,3,60,0.7369601482527891,0.3940087277259915
multinomial,4,60,0.7230757655461222,0.3918956987628362
multinomial,0,61,0.7045708965431072,0.3855407691799868
multinomial,1,61,0.7242237877455452,0.3580178038919337
multinomial,2,61,0.6622444000707646,0.3542537151536089
multinomial,3,61,0.7321457881278877,0.3937227826020275
multinomial,4,61,0.7211029060824118,0.3900355126831608
multinomial,0,62,0.6999478886071774,0.38525473252410847
multinomial,1,62,0.7220183647207754,0.35731529798085965
multinomial,2,62,0.6594696878399156,0.35251495347290945
multinomial,3,62,0.7283610553634174,0.39337523644390665
multinomial,4,62,0.7178368018653075,0.38770159760936496
multinomial,0,63,0.6956445211323352,0.3847647343634719
multinomial,1,63,0.7202283846085824,0.356873072309893
multinomial,2,63,0.656602414309951,0.35148943709291713
multinomial,3,63,0.7232409698998091,0.39322063322242984
multinomial,4,63,0.7154339072044298,0.38556307531937145
multinomial,0,64,0.6919456396903458,0.3837888717876643
multinomial,1,64,0.715358267172817,0.3563278696779563
multinomial,2,64,0.6547344366594271,0.35101195102844857
multinomial,3,64,0.7181034314703846,0.3931620061323361
multinomial,4,64,0.71298627249855,0.3839813122518985
multinomial,0,65,0.6888519023737127,0.38248351859806035
multinomial,1,65,0.7103673081912144,0.355887880726543
multinomial,2,65,0.6526667839617613,0.3504647430367157
multinomial,3,65,0.7149330760284539,0.3933537413258011
multinomial,4,65,0.7112319185798949,0.38181331247518485
multinomial,0,66,0.6853787373224466,0.3812550390048464
multinomial,1,66,0.7050036057506013,0.35598903435329765
multinomial,2,66,0.650842840277255,0.3506496682538609
multinomial,3,66,0.7121907830953416,0.3929119669468241
multinomial,4,66,0.708354508654485,0.3804719811100887
multinomial,0,67,0.6824598363135352,0.3802333536292586
multinomial,1,67,0.699604455715514,0.35607481824268244
multinomial,2,67,0.6477072973856912,0.3509329219781935
multinomial,3,67,0.710731369911718,0.39217917000405716
multinomial,4,67,0.7057252085747229,0.3791394496332078
multinomial,0,68,0.6790634835506982,0.3801797489679154
multinomial,1,68,0.6952923162920441,0.35606919939161835
multinomial,2,68,0.6457980115557412,0.35156481481353086
multinomial,3,68,0.7071180566635018,0.39146771773097405
multinomial,4,68,0.703972319339195,0.37844691683687076
multinomial,0,69,0.6744435866582661,0.3798726702792755
multinomial,1,69,0.6923556653535329,0.3569015454271348
multinomial,2,69,0.6439936760269489,0.35331880268131394
multinomial,3,69,0.7044608148147475,0.3904767955864384
multinomial,4,69,0.7033196851938656,0.37795762212711664
multinomial,0,70,0.6684107894691689,0.3796517531740871
multinomial,1,70,0.6906942024381972,0.35761730819642695
multinomial,2,70,0.6426071134248328,0.3550870605408548
multinomial,3,70,0.7017875587651878,0.389574953890893
multinomial,4,70,0.7034674308115104,0.3775935836504129
multinomial,0,71,0.6628124022001176,0.37944909717838393
multinomial,1,71,0.6898260388467057,0.35879098062799686
multinomial,2,71,0.6414312196821379,0.3566895049672882
multinomial,3,71,0.7004605854360562,0.3886138153837488
multinomial,4,71,0.7033721003475967,0.37737432771376733
multinomial,0,72,0.6592031265965643,0.3797741626448587
multinomial,1,72,0.6898936884629556,0.35984204831653127
multinomial,2,72,0.6384389560015645,0.3577303331485071
multinomial,3,72,0.6982652334106667,0.388084444285996
multinomial,4,72,0.7034719609656459,0.3775110188844046
multinomial,0,73,0.6564488253700349,0.3809284811538833
multinomial,1,73,0.6903752254611781,0.3606987579733827
multinomial,2,73,0.636840455540928,0.35919185372251233
multinomial,3,73,0.6963523020259252,0.38745534347477895
multinomial,4,73,0.7040584164689302,0.37830746919788283
multinomial,0,74,0.6552638095887978,0.38209034088674504
multinomial,1,74,0.6900291105929065,0.36012143727030793
multinomial,2,74,0.6347586244702621,0.36103558918472933
multinomial,3,74,0.6960464696398695,0.38556685251061945
multinomial,4,74,0.7021829302054581,0.3788230502218295
multinomial,0,75,0.6553879477759644,0.3827080685401833
multinomial,1,75,0.689382286830264,0.3588489736815567
multinomial,2,75,0.6332949674330884,0.3622645223642088
multinomial,3,75,0.6956595049035665,0.3831742772869965
multinomial,4,75,0.7001559896157997,0.37872506416693996
multinomial,0,76,0.6545290793074191,0.38273425793955396
multinomial,1,76,0.6890073281442912,0.35837755673355953
multinomial,2,76,0.6333914075495387,0.36361103189842997
multinomial,3,76,0.695441865570948,0.3812867430002467
multinomial,4,76,0.6968711559122402,0.3785780244968492
multinomial,0,77,0.6537454060250549,0.3820817786645496
multinomial,1,77,0.688042697848915,0.35873553394702096
multinomial,2,77,0.6351932914286534,0.36496398590483564
multinomial,3,77,0.6952474189748088,0.3799040611941798
multinomial,4,77,0.695211369372294,0.3785614271922823
multinomial,0,78,0.6527251265054131,0.3821288310712326
multinomial,1,78,0.6878062366967413,0.35965839494439983
multinomial,2,78,0.6372323953445417,0.3654588177813449
multinomial,3,78,0.6948170795940289,0.3784450692540118
multinomial,4,78,0.6938648012107062,0.37857919954414476
multinomial,0,79,0.6523332452516487,0.3827472588301585
multinomial,1,79,0.6859405124303546,0.3606933503327732
multinomial,2,79,0.6387382697688097,0.3665962800364384
multinomial,3,79,0.6949041323387251,0.3772032838225228
multinomial,4,79,0.6916110587417368,0.3791175869731659
multinomial,0,80,0.6528230219336923,0.38370453317094017
multinomial,1,80,0.6842325041761542,0.3619904826771073
multinomial,2,80,0.6392677687397686,0.36739219349689245
multinomial,3,80,0.6940311707317643,0.3759092169421755
multinomial,4,80,0.6887758169680758,0.37908577119167014
multinomial,0,81,0.653760927268631,0.38448022967623097
multinomial,1,81,0.6811813570904782,0.3637965645622468
multinomial,2,81,0.6401615672871156,0.3679432800232008
multinomial,3,81,0.6936713057158922,0.37482094051172055
multinomial,4,81,0.6858047262076504,0.37851674060054535
multinomial,0,82,0.6529008441654317,0.38466291083844406
multinomial,1,82,0.6799400529667208,0.3659592857889105
multinomial,2,82,0.641139569949032,0.3688794333468097
multinomial,3,82,0.694032332694422,0.37436312994744436
multinomial,4,82,0.6834641482366757,0.37829475534084417
multinomial,0,83,0.654036341918288,0.384204566934012
multinomial,1,83,0.677451017975267,0.3672874969987957
multinomial,2,83,0.6410889963109588,0.36996752248884784
multinomial,3,83,0.6944288948053554,0.3746054517775736
multinomial,4,83,0.6806706341310913,0.378476141557462
multinomial,0,84,0.6544554762292542,0.38353876345688215
multinomial,1,84,0.6756763120333732,0.3688579031164299
multinomial,2,84,0.6414416976692046,0.3715048078866272
multinomial,3,84,0.6950273494722184,0.374814990244311
multinomial,4,84,0.6776525029130647,0.37818076787781996
multinomial,0,85,0.654254752323367,0.3836369216081367
multinomial,1,85,0.673501781016483,0.3698868593953351
multinomial,2,85,0.6437213281809837,0.37264383153514447
multinomial,3,85,0.6971918679186333,0.3746087739275082
multinomial,4,85,0.6753163642134579,0.37819947288416306
multinomial,0,86,0.6549137714893268,0.38404406239610833
multinomial,1,86,0.671326179502603,0.3715069257054508
multinomial,2,86,0.6458302086312528,0.3725545439387311
multinomial,3,86,0.6988756942486465,0.3751178648342984
multinomial,4,86,0.6732156466188574,0.3780784232105014
multinomial,0,87,0.6544920321436642,0.384276162594603
multinomial,1,87,0.6707981500189917,0.37351997744338244
multinomial,2,87,0.6470734226943307,0.3713960047761016
multinomial,3,87,0.7009441289115341,0.37519212723984713
multinomial,4,87,0.6703400851688597,0.37827549703373736
multinomial,0,88,0.6560274276826453,0.3842335402548698
multinomial,1,88,0.6713621482937195,0.3757267102385369
multinomial,2,88,0.6480741163854852,0.3703875416661996
multinomial,3,88,0.7021167922180709,0.3751710480598007
multinomial,4,88,0.665978890718861,0.37873941768296143
multinomial,0,89,0.6585122177409911,0.38437453784612763
multinomial,1,89,0.6717415468626606,0.37734514420060195
multinomial,2,89,0.6501753409069745,0.37023668737913207
multinomial,3,89,0.6997174014531421,0.3758406027948842
multinomial,4,89,0.6616740091374984,0.3790543559302149
multinomial,0,90,0.6615136130752195,0.3854328361338577
multinomial,1,90,0.6711227940772372,0.378874715942558
multinomial,2,90,0.6548963137537471,0.369621187979588
multinomial,3,90,0.6990312804291936,0.37672191172741726
multinomial,4,90,0.6579669719637937,0.37889912088160327
multinomial,0,91,0.6659239239537007,0.38560784183674085
multinomial,1,91,0.6709618844049617,0.38026242170751906
multinomial,2,91,0.6580385020219188,0.36970946976507624
multinomial,3,91,0.6993318745166093,0.3773935186359613
multinomial,4,91,0.6550970391287213,0.3776546052976701
multinomial,0,92,0.6693270654382845,0.38550931626292767
multinomial,1,92,0.6725539677704372,0.3813202870028211
multinomial,2,92,0.6617297456537132,0.3703202711915639
multinomial,3,92,0.697340206706181,0.3781568340228547
multinomial,4,92,0.6530436842302334,0.3770725139260848
multinomial,0,93,0.672368622082808,0.3853414185540222
multinomial,1,93,0.6740062638475852,0.3818756579661702
multinomial,2,93,0.6649749108406096,0.3706288731809587
multinomial,3,93,0.6965818746659643,0.3793118547524515
multinomial,4,93,0.6533481637232345,0.37656243182655186
multinomial,0,94,0.676942130035754,0.3859961600498983
multinomial,1,94,0.6751459700137556,0.38197368377742524
multinomial,2,94,0.6685156044574996,0.3709048802967223
multinomial,3,94,0.6963537980313436,0.3798939209402887
multinomial,4,94,0.6542529930812172,0.37639283065735474
multinomial,0,95,0.6826166664270308,0.38708749683728116
multinomial,1,95,0.6764678909007849,0.38140920040970133
multinomial,2,95,0.6719718448760835,0.3714601573113375
multinomial,3,95,0.6981362868969306,0.38104878735861164
multinomial,4,95,0.6555165710253766,0.3757341698170719
multinomial,0,96,0.688313987320549,0.3888411262020379
multinomial,1,96,0.6777256177225419,0.38220364332560064
multinomial,2,96,0.6752959374041784,0.372609617255036
multinomial,3,96,0.6988824858857939,0.3815327779158384
multinomial,4,96,0.6556556005011885,0.3752156565559353
multinomial,0,97,0.6932579902890571,0.39069136807209776
multinomial,1,97,0.6795588195065991,0.3823961886555627
multinomial,2,97,0.6788261887374064,0.37202787750255334
multinomial,3,97,0.7002493006731234,0.38156860138466525
multinomial,4,97,0.6567997891335666,0.3747084797573037
multinomial,0,98,0.6961781256644546,0.39172099392347004
multinomial,1,98,0.6799117256361125,0.38224620234811946
multinomial,2,98,0.6822973546931397,0.37307694280845344
multinomial,3,98,0.701796759757458,0.3830380514395704
multinomial,4,98,0.657993958365023,0.3754157031961125
multinomial,0,99,0.6969544874587492,0.39221400314799487
multinomial,1,99,0.6788791167014423,0.3821017910638462
multinomial,2,99,0.685931099538921,0.37448242122100706
multinomial,3,99,0.7024184554036736,0.3836106904338427
multinomial,4,99,0.6602529183165918,0.37588099045752665
multinomial,0,100,0.6972857762407372,0.39256082339299325
multinomial,1,100,0.6765564666284052,0.3824804195722298
multinomial,2,100,0.6895379748689665,0.37621996685391557
multinomial,3,100,0.7041829641193668,0.38423420615928966
multinomial,4,100,0.6604460433048295,0.3761748193991427
multinomial,0,101,0.6967076643277906,0.39275847283929566
multinomial,1,101,0.6741936613785511,0.3829325817287132
multinomial,2,101,0.6923750365135161,0.3775908492685523
multinomial,3,101,0.7046563530265229,0.38497812172030343
multinomial,4,101,0.6617808824829221,0.37628957624489
multinomial,0,102,0.6954852589330178,0.39320571372183943
multinomial,1,102,0.6720750516958495,0.38440395324009097
multinomial,2,102,0.6939463476126465,0.37878096076896983
multinomial,3,102,0.7031681636479234,0.385894050777829
multinomial,4,102,0.6638431432422698,0.37719303440659924
multinomial,0,103,0.6915686971910935,0.3929493770420277
multinomial,1,103,0.6686741745576378,0.38554854088616436
multinomial,2,103,0.6962849646596647,0.380479574603515
multinomial,3,103,0.7009829888369681,0.38703056695616006
multinomial,4,103,0.6653685310539635,0.3774855300341236
multinomial,0,104,0.6881573415756937,0.3921053766554343
multinomial,1,104,0.6683875667797808,0.38633616700920786
multinomial,2,104,0.6992389965845758,0.3824270731954896
multinomial,3,104,0.6986495192214972,0.38822259786228164
multinomial,4,104,0.6667243877592532,0.3783535847127527
multinomial,0,105,0.6834635269440811,0.38984982786975253
multinomial,1,105,0.6702005233138703,0.3866656891343124
multinomial,2,105,0.7013879210664744,0.3847277202645312
multinomial,3,105,0.6954857338196085,0.38960911212563615
multinomial,4,105,0.6680477014912277,0.3790660610047076
multinomial,0,106,0.6804622490989912,0.38741659491639313
multinomial,1,106,0.6717291426297416,0.38611000361527537
multinomial,2,106,0.7021179620791311,0.38659100325533485
multinomial,3,106,0.692154590166393,0.3914490707690117
multinomial,4,106,0.6697043709820503,0.37920246935247365
multinomial,0,107,0.6778369302013392,0.3859617638131853
multinomial,1,107,0.67263788257759,0.38562779342306425
multinomial,2,107,0.7016908804008313,0.3882140078630583
multinomial,3,107,0.6898276258540763,0.39374116454349095
multinomial,4,107,0.672368595870093,0.3791958436756049
multinomial,0,108,0.6747255689630276,0.3844212445948589
multinomial,1,108,0.6755672402099511,0.3855132540628952
multinomial,2,108,0.7006654068537379,0.38927106574350373
multinomial,3,108,0.6882990149526754,0.3958946984793973
multinomial,4,108,0.675110674658709,0.3793045861523618
multinomial,0,109,0.672165100936238,0.3835222774359418
multinomial,1,109,0.6767176945804012,0.3850122332464355
multinomial,2,109,0.6995015616923859,0.39079096646088285
multinomial,3,109,0.6858700051628466,0.3975299009417826
multinomial,4,109,0.6796091907520421,0.37992090872624873
multinomial,0,110,0.6719104319014627,0.3827206408059465
multinomial,1,110,0.6761267185678966,0.38478659207444993
multinomial,2,110,0.6990980339992199,0.3919470828620569
multinomial,3,110,0.6841490995912951,0.39945161425522574
multinomial,4,110,0.6844017553341297,0.3802735595355421
multinomial,0,111,0.6721848059987838,0.38157439723312214
multinomial,1,111,0.6744421897397411,0.38484940013948776
multinomial,2,111,0.6994321533400418,0.39276165170568816
multinomial,3,111,0.6842507287084508,0.40095793144757974
multinomial,4,111,0.6889442342682263,0.38073458580078484
multinomial,0,112,0.6721442495432723,0.38074841036496615
multinomial,1,112,0.6713368939751037,0.3847108001507686
multinomial,2,112,0.6986814184563062,0.39352380286746075
multinomial,3,112,0.6832307518554741,0.4026900406408893
multinomial,4,112,0.6948513649361632,0.3812221269325316
multinomial,0,113,0.6713709074886349,0.37989226857516284
multinomial,1,113,0.6684257504020233,0.38544039365962585
multinomial,2,113,0.69799908521465,0.3946949571673336
multinomial,3,113,0.6826767583365878,0.40369212945733407
multinomial,4,113,0.7000566159061505,0.38182207717765393
multinomial,0,114,0.6692066582037215,0.3790731833145444
multinomial,1,114,0.6667494989068977,0.38547204038885924
multinomial,2,114,0.696419035547573,0.3952306310206703
multinomial,3,114,0.6826744532302788,0.4039345571899837
multinomial,4,114,0.7021249191928794,0.3835026324637426
multinomial,0,115,0.668680222955153,0.3773896315638089
multinomial,1,115,0.6657141757743279,0.3861236071207305
multinomial,2,115,0.6972292971591739,0.3953897370446362
multinomial,3,115,0.6826316000546834,0.40431045188755216
multinomial,4,115,0.7037034879045762,0.38436511353145114
multinomial,0,116,0.6678896614157681,0.37512868690894596
multinomial,1,116,0.6649153990670531,0.3868325250643502
multinomial,2,116,0.6985970550438741,0.39603269042826306
multinomial,3,116,0.6830400115658463,0.4040182394849979
multinomial,4,116,0.7056400379885629,0.3848101366981409
multinomial,0,117,0.6671834827579048,0.3735133897807623
multinomial,1,117,0.6643295677678925,0.38681876897747464
multinomial,2,117,0.6983896266168718,0.3967410895198366
multinomial,3,117,0.6835755734015427,0.4037949323139225
multinomial,4,117,0.7082623307293487,0.3845745737764216
multinomial,0,118,0.6664967231766354,0.3728978757552999
multinomial,1,118,0.6653573475522998,0.38603918093649503
multinomial,2,118,0.6995168745731952,0.397671632966033
multinomial,3,118,0.6836343268591755,0.4027221266652908
multinomial,4,118,0.7122570568794458,0.38486172730553797
multinomial,0,119,0.6657855495448076,0.3723650085968944
multinomial,1,119,0.6661374878061948,0.38606814500499675
multinomial,2,119,0.6996343990254146,0.3983179146357892
multinomial,3,119,0.6839939387134845,0.4017191762595498
multinomial,4,119,0.7145763089434373,0.38564570620098326
multinomial,0,120,0.6669824951124064,0.3714265302052206
multinomial,1,120,0.666837553567019,0.38550143797700714
multinomial,2,120,0.7002992735020557,0.3988994153280688
multinomial,3,120,0.6835530971092549,0.40062938271283755
multinomial,4,120,0.7162061548345301,0.3860958041574088
multinomial,0,121,0.6685997755615541,0.37147932272733575
multinomial,1,121,0.6689191533132008,0.38477462631303655
multinomial,2,121,0.7016996160578131,0.39950785414685724
multinomial,3,121,0.6819360290699484,0.39942737332901923
multinomial,4,121,0.7163750056940176,0.3864807281345402
multinomial,0,122,0.6683244567268464,0.37103989644311125
multinomial,1,122,0.670806709368334,0.38295787299479067
multinomial,2,122,0.7037370014821631,0.3997996004607218
multinomial,3,122,0.6805501677486201,0.39777443359433207
multinomial,4,122,0.7142410983578199,0.38724779848497676
multinomial,0,123,0.6693113695464747,0.37123597189034174
multinomial,1,123,0.6730309501174032,0.38106802378635074
multinomial,2,123,0.7050428906971974,0.4008497699616584
multinomial,3,123,0.6763547193703455,0.39742201691378043
multinomial,4,123,0.7117259794781401,0.38828054422510255
multinomial,0,124,0.6712914471265049,0.37282891334195245
multinomial,1,124,0.6753452150152008,0.37991671432306645
multinomial,2,124,0.7065248767949492,0.4009005098446017
multinomial,3,124,0.6731077016045404,0.3965251698086736
multinomial,4,124,0.709819186121181,0.3888609098908564
multinomial,0,125,0.6735074099958225,0.3747756619590976
multinomial,1,125,0.6772707831867817,0.3774444009637811
multinomial,2,125,0.7077133520060417,0.40052430085938323
multinomial,3,125,0.669342916767256,0.3965173310389842
multinomial,4,125,0.7088523033451859,0.3887503031025382
multinomial,0,126,0.674641810646208,0.3768367213784042
multinomial,1,126,0.6793794627790507,0.3758985830279737
multinomial,2,126,0.7081877125500999,0.4007791772977861
multinomial,3,126,0.6641212747886228,0.3968390144195096
multinomial,4,126,0.7076900850428304,0.38886034468329395
multinomial,0,127,0.6771042122228726,0.37942931240767414
multinomial,1,127,0.6817246187419166,0.3734507914466117
multinomial,2,127,0.7074320099817417,0.40069445559281863
multinomial,3,127,0.6598712754931101,0.3965728495641552
multinomial,4,127,0.708512719539382,0.3877214376741476
multinomial,0,128,0.6793660740065224,0.381378838826789
multinomial,1,128,0.6842445968771134,0.37107828256987946
multinomial,2,128,0.7078332584941733,0.3993680842860564
multinomial,3,128,0.6571084290411049,0.39665910678065514
multinomial,4,128,0.7114971996161936,0.3872286102315274
multinomial,0,129,0.6838295653562342,0.38294804940156363
multinomial,1,129,0.6856739467212876,0.36891409597249636
multinomial,2,129,0.7061416654801992,0.3970955170503253
multinomial,3,129,0.6545196348790389,0.3956672870851373
multinomial,4,129,0.7154202117875799,0.3866849250659379
multinomial,0,130,0.6877673360919385,0.38334960956881337
multinomial,1,130,0.6883038753698739,0.36803792320596607
multinomial,2,130,0.7053093913714408,0.3940702647703215
multinomial,3,130,0.652486454476542,0.39387591332219013
multinomial,4,130,0.7182344194061425,0.3867864708760564
multinomial,0,131,0.6930914001196817,0.3843272154645476
multinomial,1,131,0.6881535221241916,0.36796486525273275
multinomial,2,131,0.7044586855162828,0.39140881756791573
multinomial,3,131,0.6513747851053754,0.3918069351191749
multinomial,4,131,0.7213700890112286,0.3877793178335028
multinomial,0,132,0.6980262568011747,0.3837887880438478
multinomial,1,132,0.689961057264594,0.36697709500599374
multinomial,2,132,0.7038136047296017,0.38954058630271443
multinomial,3,132,0.6517169743906278,0.3892558725139905
multinomial,4,132,0.7248837168670453,0.3890455529485104
multinomial,0,133,0.7015462721282945,0.3842545423470304
multinomial,1,133,0.6924510782075148,0.3662776144481448
multinomial,2,133,0.7022955013788077,0.38793470991165874
multinomial,3,133,0.6528090858861986,0.3867471616833623
multinomial,4,133,0.7264111642770028,0.39070155228529724
multinomial,0,134,0.7039075446213725,0.3861857749542526
multinomial,1,134,0.6986595191436166,0.36565958023024275
multinomial,2,134,0.7009242330937447,0.3873593014443683
multinomial,3,134,0.6550832207568001,0.38399938403399353
multinomial,4,134,0.7257769168360008,0.3926118385555241
multinomial,0,135,0.7068288588006904,0.3870831072055972
multinomial,1,135,0.7040801303201346,0.36516165454089033
multinomial,2,135,0.6989810913937261,0.3856491664805335
multinomial,3,135,0.6563921729613263,0.3813549355738048
multinomial,4,135,0.7234841579913216,0.39471157569804993
multinomial,0,136,0.708181288368433,0.38736582533528013
multinomial,1,136,0.7086833909711558,0.3652195342553498
multinomial,2,136,0.6937735851116927,0.3854036119406655
multinomial,3,136,0.6584279889810123,0.3780381829958845
multinomial,4,136,0.7199362614012039,0.39665724484414966
multinomial,0,137,0.7106339896550021,0.3877275239243031
multinomial,1,137,0.7113133857163937,0.3650026194499737
multinomial,2,137,0.688525131048824,0.3850228824054479
multinomial,3,137,0.6619246439802251,0.3752531937466552
multinomial,4,137,0.7176095425901508,0.39865094516229693
multinomial,0,138,0.7115349512842603,0.3874914871626421
multinomial,1,138,0.7134347412301242,0.3653821976912387
multinomial,2,138,0.6839060000945304,0.3848181670632237
multinomial,3,138,0.665213208608308,0.3713944735769264
multinomial,4,138,0.7158518616836586,0.40091218222625374
multinomial,0,139,0.7117360099519412,0.3882452893470849
multinomial,1,139,0.7152363705308151,0.36437603381899347
multinomial,2,139,0.6802314794488639,0.3837198669414573
multinomial,3,139,0.6678656994714505,0.36706570356641843
multinomial,4,139,0.7125952150996407,0.4026038303064991
multinomial,0,140,0.7141239119594844,0.3884911880349319
multinomial,1,140,0.7164924077683281,0.36397049185858404
multinomial,2,140,0.6762885805496321,0.38319142963485286
multinomial,3,140,0.6714468130895456,0.3639729500308413
multinomial,4,140,0.7077620047688581,0.40506786754646906
multinomial,0,141,0.7181401565357534,0.3882569046648415
multinomial,1,141,0.716006656462196,0.3637105055217539
multinomial,2,141,0.6732158013356921,0.3830834340843762
multinomial,3,141,0.6763198658951205,0.3617923088207963
multinomial,4,141,0.7037798833455101,0.4083865143432958
multinomial,0,142,0.7211452876044839,0.38837581267982724
multinomial,1,142,0.7155117435836722,0.36552577026263683
multinomial,2,142,0.6707192998598542,0.3827025389593055
multinomial,3,142,0.6810798763855723,0.35903178173002026
multinomial,4,142,0.7003901971099477,0.41196912002915265
multinomial,0,143,0.7253652829534913,0.3885323757446023
multinomial,1,143,0.7141672779027383,0.36785181955967616
multinomial,2,143,0.6690653213608413,0.38157607527399057
multinomial,3,143,0.6829620533557932,0.35774847215248673
multinomial,4,143,0.69965091440272,0.41484796318277245
multinomial,0,144,0.7296188099988973,0.3883089359262563
multinomial,1,144,0.7138392987918047,0.37023533926209473
multinomial,2,144,0.6674992347986738,0.38061218171445166
multinomial,3,144,0.6817773268563104,0.3567024532369167
multinomial,4,144,0.6998695919667096,0.4164957168276182
multinomial,0,145,0.730618615037364,0.3892803087817739
multinomial,1,145,0.7109388023014777,0.3715246165023728
multinomial,2,145,0.6651554112050836,0.38050231900037285
multinomial,3,145,0.682175606801473,0.35611259351416613
multinomial,4,145,0.6995379609800343,0.41795237598688995
multinomial,0,146,0.7286835685492902,0.38983564284765543
multinomial,1,146,0.7108476233079171,0.3733366035793137
multinomial,2,146,0.6642666066666647,0.3807083658269166
multinomial,3,146,0.6843024437113052,0.3557702127141619
multinomial,4,146,0.6976984826831287,0.4188402405608632
multinomial,0,147,0.7261633004952932,0.3902169776830667
multinomial,1,147,0.7106321723878711,0.3738204799082331
multinomial,2,147,0.6639364709903239,0.3809869908388952
multinomial,3,147,0.6860816348755227,0.35517994301517464
multinomial,4,147,0.6954805961463066,0.41937184734196464
multinomial,0,148,0.7234996051958545,0.3906599315814655
multinomial,1,148,0.711956372243453,0.3730244620813342
multinomial,2,148,0.6640835653485867,0.3801905872949825
multinomial,3,148,0.6881673401153662,0.35522048544910134
multinomial,4,148,0.6914356092682872,0.41922844190050496
multinomial,0,149,0.7221727522125837,0.3915213994107557
multinomial,1,149,0.7135847866968305,0.3723864259736502
multinomial,2,149,0.6644456639425742,0.37917138694216324
multinomial,3,149,0.687748037521324,0.35543828923020404
multinomial,4,149,0.6888219822509156,0.4192666505603585
multinomial,0,150,0.720941834732194,0.3923644898726123
multinomial,1,150,0.7150396465367334,0.3712403305655277
multinomial,2,150,0.6641364772357672,0.37826098087813875
multinomial,3,150,0.6879159818131354,0.3566677160858393
multinomial,4,150,0.6878386371621552,0.4192654298966693
soft,0,0,0.1,0.95
soft,1,0,0.1,0.95
soft,2,0,0.1,0.95
soft,3,0,0.1,0.95
soft,4,0,0.1,0.95
soft,0,1,0.11999999979089501,0.9300000018285169
soft,1,1,0.1199999998099992,0.9699999985379
soft,2,1,0.11999999985065521,0.9699999993748072
soft,3,1,0.11999999982499343,0.9300000001636775
soft,4,1,0.11999999983836576,0.9300000002311841
soft,0,2,0.13999056696519535,0.913029983777738
soft,1,2,0.1400265517386768,0.9896788875624182
soft,2,2,0.13984040760693073,0.9584325094033939
soft,3,2,0.13989007284384966,0.9167683696395014
soft,4,2,0.13993125236696893,0.9101997105214403
soft,0,3,0.16002728247138603,0.8960163995894348
soft,1,3,0.16004496816663175,1.0050372304584743
soft,2,3,0.15868315208417927,0.94733807960823
soft,3,3,0.1598448733943794,0.9014429745073634
soft,4,3,0.15993912555165316,0.8957244448311746
soft,0,4,0.17985464953394875,0.8779706163136516
soft,1,4,0.18013585933921886,1.002077644718726
soft,2,4,0.17793907468647263,0.9338630763687411
soft,3,4,0.17969538880389602,0.8844365715042071
soft,4,4,0.1800311784708996,0.8791228515732795
soft,0,5,0.19984208133810985,0.8596375364592077
soft,1,5,0.2002698528708467,0.994530825844888
soft,2,5,0.19752328428784285,0.9187907993184007
soft,3,5,0.19970800454236148,0.8666950867635332
soft,4,5,0.19994273961035502,0.8613876201245101
soft,0,6,0.2197866984606512,0.8414753969430293
soft,1,6,0.21996870168250862,0.9822377093002629
soft,2,6,0.2172865054170263,0.9050759491593175
soft,3,6,0.21940415331747545,0.850128543790736
soft,4,6,0.2197111596879823,0.8431622462532745
soft,0,7,0.23976248877837822,0.8237886472095649
soft,1,7,0.23943284394501424,0.9713915304476742
soft,2,7,0.23703899676166634,0.8919013636215998
soft,3,7,0.23929652554940534,0.8326654215967718
soft,4,7,0.23943417733245256,0.8259790754470299
soft,0,8,0.2593161805585035,0.8055992191659749
soft,1,8,0.2587471655137287,0.9617635035373865
soft,2,8,0.2564927982526861,0.8771069431041738
soft,3,8,0.25921069178669515,0.8149877929329592
soft,4,8,0.259249666535482,0.8087664613921925
soft,0,9,0.2788720959025646,0.7889533371147534
soft,1,9,0.2780916266778001,0.9505865719553429
soft,2,9,0.27604521823067496,0.861833908646288
soft,3,9,0.27893418920808544,0.7968792181539193
soft,4,9,0.278830093447625,0.7919960390463091
soft,0,10,0.298322109597636,0.772680964764657
soft,1,10,0.2970224340227399,0.9384976269942031
soft,2,10,0.2954371043844346,0.8456305845403355
soft,3,10,0.2984583520772147,0.7798865939087676
soft,4,10,0.2982612813691932,0.7789207848769879
soft,0,11,0.31792409919554904,0.7557117220410928
soft,1,11,0.3160059846327202,0.9259540264748737
soft,2,11,0.31386845306854744,0.8289599214864175
soft,3,11,0.31826717398482607,0.7621192442153317
soft,4,11,0.31754587715151983,0.7654452940788811
soft,0,12,0.33725915936730133,0.738251463776498
soft,1,12,0.33524993029479555,0.913195657353919
soft,2,12,0.3325192725353185,0.8116543559193126
soft,3,12,0.33763939545437377,0.7453131122362028
soft,4,12,0.3367360931893986,0.7515143070916664
soft,0,13,0.3564459750703978,0.7206272772725145
soft,1,13,0.3543637754655712,0.9011340942250068
soft,2,13,0.3507789642082401,0.7952560154394986
soft,3,13,0.35692930334337575,0.729336298621191
soft,4,13,0.3559331835933763,0.7387775038586272
soft,0,14,0.37555530568672435,0.7028684363847995
soft,1,14,0.3735218934461184,0.8879587927371784
soft,2,14,0.36905871558394393,0.779904924834084
soft,3,14,0.376076125786986,0.7151993395234846
soft,4,14,0.37522815340088767,0.7255348433317478
soft,0,15,0.39441358649682334,0.684309166300189
soft,1,15,0.3928506484749797,0.8749913283031151
soft,2,15,0.38714680220885805,0.7648499919479858
soft,3,15,0.3952093492227598,0.7002875176790235
soft,4,15,0.394312486788607,0.7117013114318811
soft,0,16,0.4130504461352678,0.6665070702632824
soft,1,16,0.41228461596010796,0.8622222266699886
soft,2,16,0.40459932645645974,0.7488699722263529
soft,3,16,0.41385332494692595,0.686268615731995
soft,4,16,0.41323567684497514,0.6989471848964828
soft,0,17,0.43133286663525466,0.6479665537319748
soft,1,17,0.4310054601686552,0.8502478580402852
soft,2,17,0.42217873839658243,0.7323048099812587
soft,3,17,0.43227605338466674,0.6728267988342312
soft,4,17,0.4320276255273747,0.6859047073538905
soft,0,18,0.44904317613357125,0.6308714471681678
soft,1,18,0.4498154020785537,0.8385537458058795
soft,2,18,0.4397746542414773,0.7151558147266559
soft,3,18,0.4508011350301493,0.6594335493394818
soft,4,18,0.4504600249428894,0.6730286656566921
soft,0,19,0.4670241318458576,0.6141216004765893
soft,1,19,0.46795255820287834,0.8267258312086426
soft,2,19,0.45742688613447974,0.6984201819366094
soft,3,19,0.4697167223027553,0.6466640544108933
soft,4,19,0.4690091886365255,0.6599564340448504
soft,0,20,0.4848145364466446,0.5975046067089613
soft,1,20,0.4861018121502723,0.8153465931588318
soft,2,20,0.47452517872991523,0.6825100173302034
soft,3,20,0.4882367143070259,0.6345995291863337
soft,4,20,0.48619138631926856,0.6471693583309801
soft,0,21,0.501825627578717,0.5814182293504312
soft,1,21,0.5042060534507586,0.8037690643721337
soft,2,21,0.49199981718631075,0.6672805047122171
soft,3,21,0.5060731516311953,0.6230567281049995
soft,4,21,0.5035407736787048,0.63618338175762
soft,0,22,0.5189127498497796,0.5670320849697781
soft,1,22,0.5215457990708535,0.7921800380299988
soft,2,22,0.5094080546366927,0.6527059852900822
soft,3,22,0.5232412519497431,0.6111098162039872
soft,4,22,0.520460114646788,0.6257538609691884
soft,0,23,0.5359702352688616,0.5534066726700811
soft,1,23,0.538247371172126,0.7806632997389907
soft,2,23,0.5261807495494887,0.6382432914931364
soft,3,23,0.5402493270004408,0.5996797606779714
soft,4,23,0.5375498915242233,0.615451652341528
soft,0,24,0.5523534029039373,0.5400039165565461
soft,1,24,0.5541301856174928,0.7688557434359758
soft,2,24,0.5425829742394657,0.6234907646660662
soft,3,24,0.5566282799289489,0.5882788474564589
soft,4,24,0.554186074582259,0.6060615320692587
soft,0,25,0.568244541816136,0.526399594553645
soft,1,25,0.5698013692119165,0.7579272007000494
soft,2,25,0.5584543319004531,0.6090443481649067
soft,3,25,0.5725415634795895,0.5767367938863921
soft,4,25,0.5700449756049347,0.596556601950694
soft,0,26,0.5838104784404033,0.5144841465832922
soft,1,26,0.5848460359420958,0.7475280994051523
soft,2,26,0.5745520770401795,0.5950730405235222
soft,3,26,0.5875782453416108,0.5653196995389014
soft,4,26,0.5860245832006643,0.5867650072827271
soft,0,27,0.5985141084401481,0.5024495046275507
soft,1,27,0.5999642024905458,0.7377991507086238
soft,2,27,0.5901225274202203,0.5818499728565592
soft,3,27,0.602555567477352,0.554039669756908
soft,4,27,0.6018622136378317,0.576925074284915
soft,0,28,0.6129234445709723,0.4910254704374939
soft,1,28,0.6154097857388845,0.7281156267465199
soft,2,28,0.6059547070501778,0.5692606547996284
soft,3,28,0.6175216302311808,0.5435947558127834
soft,4,28,0.6171085786416355,0.567728287626027
soft,0,29,0.6269333365717135,0.48005040589436254
soft,1,29,0.6299764314520496,0.7184164933683587
soft,2,29,0.622552341986805,0.5565395097438162
soft,3,29,0.6313998858848394,0.5334867049305955
soft,4,29,0.6314554563220067,0.5575556600851703
soft,0,30,0.6402604218398843,0.4693591780134525
soft,1,30,0.644557048811033,0.7091755989863004
soft,2,30,0.6378096450160478,0.5441577877415275
soft,3,30,0.6447958848741979,0.5241778348517673
soft,4,30,0.6444102954012516,0.5472453149708071
soft,0,31,0.6522895471027977,0.45975217730911044
soft,1,31,0.658486999476726,0.6998192537991239
soft,2,31,0.6519740369088582,0.5314419381818438
soft,3,31,0.6567010359104901,0.5153407573794869
soft,4,31,0.6574742248533013,0.5373996080483308
soft,0,32,0.6620361667411042,0.4508413149470685
soft,1,32,0.6713528021832214,0.6906019492850171
soft,2,32,0.6642146521482921,0.5190709762628771
soft,3,32,0.6687306864293044,0.5064894194987709
soft,4,32,0.6701205194808058,0.5281640616211504
soft,0,33,0.6720074488198639,0.4432569768573897
soft,1,33,0.6835062549479303,0.6814522158491164
soft,2,33,0.6757238775628205,0.5072606295700967
soft,3,33,0.6787983874258848,0.4980063819622397
soft,4,33,0.6806682460595789,0.519908130256085
soft,0,34,0.681138430219108,0.43611227767323496
soft,1,34,0.6956118814793418,0.672215950230564
soft,2,34,0.6857268773515692,0.49584836678341737
soft,3,34,0.687174707735632,0.4892928159058607
soft,4,34,0.6892835048734035,0.5123465190937816
soft,0,35,0.688543325596389,0.42855472328609784
soft,1,35,0.707437568822875,0.6633111261021881
soft,2,35,0.6955683661326185,0.4847204732716444
soft,3,35,0.6958243833893447,0.480818435180653
soft,4,35,0.6965318759382256,0.5049101330227586
soft,0,36,0.6945546095729476,0.4225967375860053
soft,1,36,0.7162755529474105,0.6548905881531172
soft,2,36,0.7050029198277913,0.4753073959862031
soft,3,36,0.7054675101590586,0.4730886181497422
soft,4,36,0.7034146181309487,0.49813390692834464
soft,0,37,0.7011116102574091,0.41740932010799076
soft,1,37,0.7213420353158522,0.646717710534979
soft,2,37,0.7152268902510059,0.46571173448611686
soft,3,37,0.7140457519478831,0.4656824079664235
soft,4,37,0.7097515579812447,0.49076894985493097
soft,0,38,0.7070773794456897,0.41348675305615107
soft,1,38,0.7262333700913214,0.6390168064182727
soft,2,38,0.724646714701185,0.45641965482279095
soft,3,38,0.7221425247534782,0.4582197654997799
soft,4,38,0.7153953192174717,0.4835443368238054
soft,0,39,0.7118065992112464,0.40957495104690994
soft,1,39,0.7302770674295839,0.631411447379032
soft,2,39,0.7325529675670168,0.4478502849780531
soft,3,39,0.7295119427474468,0.4511502596993767
soft,4,39,0.7220231271422158,0.47691057585026414
soft,0,40,0.7164551151768571,0.4048890696876251
soft,1,40,0.7317851925885718,0.623878403617441
soft,2,40,0.7383497957953159,0.4389325213941237
soft,3,40,0.7360703495441016,0.44503536652968145
soft,4,40,0.7281295569851061,0.4699202668404317
soft,0,41,0.7204110115407014,0.40033853336003045
soft,1,41,0.7332182192160513,0.616701697434823
soft,2,41,0.7441067880610073,0.43089801414802387
soft,3,41,0.7426046335208465,0.4397076736518729
soft,4,41,0.7337830959183242,0.46265868276323746
soft,0,42,0.724768355727382,0.3961700065365554
soft,1,42,0.7324433515320767,0.6102909668090407
soft,2,42,0.7484388250656541,0.4224090956964002
soft,3,42,0.7476762535459672,0.43525574300899145
soft,4,42,0.7386166483161002,0.4545744100477994
soft,0,43,0.7253926193376113,0.3927854561938949
soft,1,43,0.732034741394141,0.6037532693794001
soft,2,43,0.7528835307786649,0.41484423011891425
soft,3,43,0.7516014300308034,0.43036724926363507
soft,4,43,0.74230891157951,0.44664846554025883
soft,0,44,0.7256253097953939,0.39028942201168837
soft,1,44,0.7302712225466306,0.5974780920083894
soft,2,44,0.7573960225611077,0.4076369614307425
soft,3,44,0.756151744423088,0.42553791046383893
soft,4,44,0.7446177755287026,0.4385077453645936
soft,0,45,0.7254353920186587,0.388423205682365
soft,1,45,0.7275923129863247,0.5917409413582033
soft,2,45,0.7602586990245661,0.40167892026570956
soft,3,45,0.7588439990353862,0.42119396977156787
soft,4,45,0.7474614729601479,0.43073755932154395
soft,0,46,0.7261193234141109,0.3871133419256855
soft,1,46,0.7243897883853839,0.586178525415157
soft,2,46,0.7608165047805137,0.39603610675915496
soft,3,46,0.7598384236199172,0.41698210567291477
soft,4,46,0.7494486423379269,0.423224494653458
soft,0,47,0.7259875965682103,0.38712590722709456
soft,1,47,0.7195642888594397,0.5806838444361917
soft,2,47,0.75968348911075,0.391674880487258
soft,3,47,0.7607050386950193,0.41265139986001564
soft,4,47,0.7480354358071168,0.41639525491206447
soft,0,48,0.7254034715803623,0.38738282299944604
soft,1,48,0.7147521144624287,0.5754880275217695
soft,2,48,0.7582482170205356,0.38691997377089127
soft,3,48,0.7616358214432483,0.40807056888752996
soft,4,48,0.7454059187941116,0.41089791553843946
soft,0,49,0.7251297327751357,0.388337563360248
soft,1,49,0.7104779631939047,0.5697531140556916
soft,2,49,0.7571411324154708,0.3834234180420614
soft,3,49,0.7609340546828445,0.40338997123931786
soft,4,49,0.7414361082178937,0.40657785400244434
soft,0,50,0.7249211647313754,0.3891717903506675
soft,1,50,0.7041065938581551,0.5637989706145675
soft,2,50,0.7557939371945145,0.3809335471292388
soft,3,50,0.7609600585104901,0.3979802923779909
soft,4,50,0.7374580924051511,0.40265912831961315
soft,0,51,0.7262959225364489,0.3903034419267558
soft,1,51,0.6991574601460377,0.5581653242300575
soft,2,51,0.7536860595346808,0.3795099013322907
soft,3,51,0.7616073309957021,0.3934458894325365
soft,4,51,0.7335875255289664,0.3979048328166443
soft,0,52,0.7269875061715646,0.39080928090955147
soft,1,52,0.69589967667962,0.5526523336770444
soft,2,52,0.7505571959676142,0.3768633434093206
soft,3,52,0.7629276543869752,0.38924481518523757
soft,4,52,0.7304680840224157,0.39371783531585974
soft,0,53,0.7253235255658999,0.3905640136101116
soft,1,53,0.6911268651325521,0.5474013981908529
soft,2,53,0.7459656995710859,0.3746799121820932
soft,3,53,0.7641068677657967,0.38547904914089237
soft,4,53,0.7277109904154745,0.3902196824156706
soft,0,54,0.7221997635062749,0.39070314043375726
soft,1,54,0.6886129680563832,0.5421095289085806
soft,2,54,0.7403055256538832,0.3725860648980733
soft,3,54,0.7650820915821172,0.3821769639280961
soft,4,54,0.7255660464601296,0.38766199732397194
soft,0,55,0.7199639867816225,0.3908999126657599
soft,1,55,0.688770042719452,0.5366323563421787
soft,2,55,0.7338971345959526,0.3704367365461364
soft,3,55,0.7649390414034962,0.37860907810350086
soft,4,55,0.7228814653634741,0.38610200368492403
soft,0,56,0.7175143900671564,0.39091568888761935
soft,1,56,0.689106415853865,0.5315671021894082
soft,2,56,0.7274648137153913,0.36898098451478417
soft,3,56,0.763309317551678,0.37486615483530494
soft,4,56,0.7220214382661121,0.3851766880759112
soft,0,57,0.713657475171189,0.3907719292368378
soft,1,57,0.690430645415865,0.5262671228865738
soft,2,57,0.7223875075141263,0.36742358845449696
soft,3,57,0.7629414228629541,0.3719216467471824
soft,4,57,0.720064527537412,0.3842746767237791
soft,0,58,0.7107058991668286,0.39074709064527646
soft,1,58,0.6918369550549837,0.5211665550242891
soft,2,58,0.7181644002241528,0.36555328633537476
soft,3,58,0.7615371389043847,0.36950492254177986
soft,4,58,0.7181580806278712,0.3836205984467064
soft,0,59,0.7082689738738522,0.39070327638082136
soft,1,59,0.6924490893539642,0.5163191111861895
soft,2,59,0.7143049461376,0.36468044033043356
soft,3,59,0.7597581011410309,0.3671660541239499
soft,4,59,0.7165539477096835,0.3834481176323775
soft,0,60,0.7062146732665746,0.3905428405117062
soft,1,60,0.6917319830850193,0.5114783716050867
soft,2,60,0.7097064619214912,0.36350839012416364
soft,3,60,0.7553739055839922,0.3654666389463313
soft,4,60,0.7157351247642174,0.38253873021373835
soft,0,61,0.7033633263303706,0.38912873975926154
soft,1,61,0.6922483836041259,0.5069800945638145
soft,2,61,0.7064737015799566,0.3628063407790258
soft,3,61,0.7500071404928857,0.36406536122585964
soft,4,61,0.7145364629504792,0.3814635280073724
soft,0,62,0.7016538370109376,0.387970103387188
soft,1,62,0.6927836199099187,0.5028773178501696
soft,2,62,0.702938765560586,0.36293014176992794
soft,3,62,0.7443117075797788,0.3632429637042047
soft,4,62,0.7125597938785679,0.3799520115665636
soft,0,63,0.6997979614206609,0.3854844557651321
soft,1,63,0.6940335982563961,0.49835222618357233
soft,2,63,0.6996278455870337,0.36247509214519447
soft,3,63,0.7353566641942542,0.3632458192255159
soft,4,63,0.7110828836217985,0.37867646681899475
soft,0,64,0.6991946040017282,0.38338399774967147
soft,1,64,0.6933596006936352,0.49379264322910177
soft,2,64,0.6974510356631304,0.36219167246567485
soft,3,64,0.7281209255943006,0.36371704790497206
soft,4,64,0.7108231914930464,0.378140044725471
soft,0,65,0.7000513819791725,0.38172644737126593
soft,1,65,0.6930743119729197,0.48965590158333405
soft,2,65,0.6961303904768997,0.3610249689899813
soft,3,65,0.7208100127366902,0.3645392070215446
soft,4,65,0.71086916615392,0.3773383762408489
soft,0,66,0.7021141774638545,0.3814768460115355
soft,1,66,0.6930306854453493,0.4853983510741319
soft,2,66,0.6971034994123629,0.3595557375771198
soft,3,66,0.7148347385123959,0.3652539596339764
soft,4,66,0.7095054035483631,0.37713102907305074
soft,0,67,0.7044315375216811,0.38079274419803993
soft,1,67,0.6932449789167437,0.4805619761629052
soft,2,67,0.6977815903946963,0.35846127065457933
soft,3,67,0.7106034525153732,0.365954175995271
soft,4,67,0.7087129517448132,0.3776175241404495
soft,0,68,0.7059763184366132,0.3797921431476443
soft,1,68,0.6940579046866976,0.4756578720770644
soft,2,68,0.6982964166351002,0.35770825268544626
soft,3,68,0.7065515130705222,0.3673023507479151
soft,4,68,0.7082869942218453,0.3781787105156171
soft,0,69,0.7058876896039383,0.37971846456237
soft,1,69,0.6971740848346185,0.4710577190474891
soft,2,69,0.6981864511545741,0.35816639354794005
soft,3,69,0.7031838751835102,0.3688341729339301
soft,4,69,0.7074355956499444,0.3791963841815762
soft,0,70,0.7041632010302937,0.3787135445822495
soft,1,70,0.7000987902047932,0.46646137382128394
soft,2,70,0.6982439767761753,0.35866134092242674
soft,3,70,0.700012365635346,0.3705294489449531
soft,4,70,0.7072181345198384,0.38010382822625394
soft,0,71,0.7028819341927917,0.37750140248025915
soft,1,71,0.703673174947069,0.4617724545280317
soft,2,71,0.6975408569654541,0.3595112483606557
soft,3,71,0.6973223575562576,0.3715925806005922
soft,4,71,0.705885163719737,0.38112257880269756
soft,0,72,0.7024797847434043,0.3772377188747889
soft,1,72,0.7077084367959242,0.4573381575080539
soft,2,72,0.6947868773524685,0.36067174144327124
soft,3,72,0.6955756460850139,0.3731004157985257
soft,4,72,0.704644330011528,0.3822406879783842
soft,0,73,0.703019614356027,0.37714715834952184
soft,1,73,0.7104674528373495,0.4536318513629593
soft,2,73,0.6918164126130134,0.3618899639008981
soft,3,73,0.695833818477642,0.3742423890030338
soft,4,73,0.7028661044322385,0.38325104259397114
soft,0,74,0.7043274510863471,0.3768792702437986
soft,1,74,0.7141685585511333,0.4500352946011035
soft,2,74,0.689140007564048,0.36372190705639235
soft,3,74,0.6962191108826893,0.3743783127345449
soft,4,74,0.7006552476003313,0.3838666733484113
soft,0,75,0.705916703229872,0.37741634827867115
soft,1,75,0.7147643366317614,0.44663080643135566
soft,2,75,0.6874922925776171,0.36601075384502507
soft,3,75,0.6968168998468504,0.37425153102411524
soft,4,75,0.6986866369075472,0.383643160554842
soft,0,76,0.7033701981914866,0.3770151940787047
soft,1,76,0.7125896499280264,0.443701035679838
soft,2,76,0.6864142735201756,0.36772579846298786
soft,3,76,0.6969504651407016,0.3740740011297098
soft,4,76,0.6959725600147625,0.3825958148688518
soft,0,77,0.7016039083422756,0.37594746498517495
soft,1,77,0.7091165200455308,0.4410373070569165
soft,2,77,0.6864502416548223,0.36907715647100386
soft,3,77,0.6969817551636931,0.3747519043762421
soft,4,77,0.6947805805011895,0.38203645226526584
soft,0,78,0.7004047323145967,0.374911579089841
soft,1,78,0.7056654857887121,0.43848736725944254
soft,2,78,0.6863692303738513,0.3708823226510674
soft,3,78,0.6960060999524291,0.375827689389301
soft,4,78,0.6944336936828593,0.38176518585333324
soft,0,79,0.700293889805494,0.37541324717979546
soft,1,79,0.7011464436556919,0.4364638578243005
soft,2,79,0.6861655403500803,0.3726240811086765
soft,3,79,0.6949805439373715,0.3763697206518885
soft,4,79,0.6918799240557418,0.3810315402392516
soft,0,80,0.7008389732214297,0.37614246464763507
soft,1,80,0.6962225552617505,0.4346232132858194
soft,2,80,0.6827728571015663,0.3742686193783706
soft,3,80,0.6939897875735123,0.37645640846742695
soft,4,80,0.6884772636834263,0.3803087013657765
soft,0,81,0.7009840505217778,0.3775501943881534
soft,1,81,0.6910094707686958,0.4333416874583984
soft,2,81,0.6814576131782645,0.3763219430031182
soft,3,81,0.6933505540735165,0.3764249239773469
soft,4,81,0.6857436200057405,0.3798924089954626
soft,0,82,0.6991753200755543,0.37819022674413566
soft,1,82,0.689044215804448,0.43240644346202023
soft,2,82,0.6806481879607245,0.3795126728886089
soft,3,82,0.6942224164031272,0.3766254802480242
soft,4,82,0.6839667347304894,0.3801158526925424
soft,0,83,0.697959366873713,0.3783251883795528
soft,1,83,0.685188617485109,0.4307788518602756
soft,2,83,0.681653652928483,0.3831499556294784
soft,3,83,0.6938135228207705,0.37715771267388903
soft,4,83,0.6824123229205369,0.3796695235421367
soft,0,84,0.6979677705957114,0.3781996293702072
soft,1,84,0.6828218020576806,0.42983306198117577
soft,2,84,0.684615201901248,0.38644619365269556
soft,3,84,0.694614198567763,0.3776963693323028
soft,4,84,0.6821093463232333,0.3782091643644003
soft,0,85,0.6987022350316398,0.37930445765683607
soft,1,85,0.6812731383634645,0.4283972492496829
soft,2,85,0.6863963287582191,0.3888962514689145
soft,3,85,0.6961975933102762,0.3784999429819791
soft,4,85,0.682514748066851,0.3762287279999486
soft,0,86,0.699680912131524,0.3790124520269547
soft,1,86,0.6812671680360256,0.42732041855432273
soft,2,86,0.6873655314195392,0.3901500630968482
soft,3,86,0.6988201535810992,0.37935140490962643
soft,4,86,0.6844289938206921,0.37464760465352737
soft,0,87,0.7018474548499672,0.3793804133299509
soft,1,87,0.6827144773392598,0.4261184496910022
soft,2,87,0.6871392461575802,0.3906508729930613
soft,3,87,0.7015513770652868,0.37953888486998605
soft,4,87,0.6846175146841149,0.37384179964065906
soft,0,88,0.7043912909351426,0.3790717877256311
soft,1,88,0.6849215907680065,0.4250479094261379
soft,2,88,0.6863921553841439,0.3911558527422186
soft,3,88,0.7035820472896928,0.38056810596501073
soft,4,88,0.6834613431304587,0.37276797014204865
soft,0,89,0.7074621523574408,0.37947509670992874
soft,1,89,0.6873595179998139,0.42398655751023884
soft,2,89,0.6856188360927703,0.39211491879980453
soft,3,89,0.7021477193189128,0.3827682071637795
soft,4,89,0.6811970837198561,0.3716439724566536
soft,0,90,0.7087651418190127,0.38042712496302333
soft,1,90,0.6904003076452411,0.42294444340893145
soft,2,90,0.6839356815907256,0.392756727585694
soft,3,90,0.7017801410700248,0.38490034259049183
soft,4,90,0.6805454790985427,0.37145218850864486
soft,0,91,0.7126730280495702,0.3812473704981868
soft,1,91,0.6942753547537523,0.42168760675795125
soft,2,91,0.6824445583719364,0.3931329166490483
soft,3,91,0.7000156573407782,0.38606764606838695
soft,4,91,0.6806343009258465,0.3704283297125775
soft,0,92,0.713578756688591,0.38146405713311266
soft,1,92,0.696911722179067,0.4203909534454242
soft,2,92,0.681748182986288,0.39356895705165224
soft,3,92,0.6962319489125446,0.3875979186448061
soft,4,92,0.6803206194866149,0.3697621444166847
soft,0,93,0.7138369763303299,0.3805413006088894
soft,1,93,0.6997967180425567,0.41922867012199067
soft,2,93,0.6792462206838403,0.39352508397099184
soft,3,93,0.6941326235796738,0.3895483188031766
soft,4,93,0.6812541555075069,0.3685335633805411
soft,0,94,0.7141733735721264,0.37957170412743346
soft,1,94,0.7033059739905237,0.4174293524764416
soft,2,94,0.6752154350000763,0.39337593041816704
soft,3,94,0.69221500124738,0.3912608359806679
soft,4,94,0.6840591318652871,0.3676494978389501
soft,0,95,0.7149829664831215,0.3790291891509568
soft,1,95,0.7068200508059609,0.41540186647942556
soft,2,95,0.6712312007760559,0.39233030905984734
soft,3,95,0.6911226278661518,0.3920298779536778
soft,4,95,0.686112095457102,0.3668082626124096
soft,0,96,0.7157436022781687,0.3781192009278554
soft,1,96,0.7108628245595485,0.4137640162398474
soft,2,96,0.6665097383374451,0.3914292635183697
soft,3,96,0.6905380903516479,0.3925567302246431
soft,4,96,0.6867596999401776,0.3665728602613153
soft,0,97,0.7162304296888072,0.3778386255962849
soft,1,97,0.715285380675416,0.41212575698181386
soft,2,97,0.6612488729024738,0.38998965296851007
soft,3,97,0.6909656266004476,0.3933314478952289
soft,4,97,0.6865746521394225,0.3662470120405452
soft,0,98,0.7174658545000534,0.37824302129151616
soft,1,98,0.7169743103653654,0.4105703334786997
soft,2,98,0.6550757646763258,0.3884567387241481
soft,3,98,0.6928886343039369,0.39435879864130474
soft,4,98,0.687517758953697,0.3675933200666621
soft,0,99,0.717482812356715,0.37874447564247904
soft,1,99,0.716474766101857,0.40860111912533514
soft,2,99,0.6497601329679145,0.3864330178022457
soft,3,99,0.6938600672199506,0.39530979238983144
soft,4,99,0.6878725725848983,0.3686900003425167
soft,0,100,0.7152391121878764,0.37897393066640406
soft,1,100,0.7152427903422651,0.4067950617405294
soft,2,100,0.6452874525801368,0.3850703143594764
soft,3,100,0.6970577510920615,0.3968744274663324
soft,4,100,0.6875412873467478,0.36980216982540265
soft,0,101,0.7130737883040342,0.3779087290036822
soft,1,101,0.7142115748882172,0.4051567696041836
soft,2,101,0.6403234269180588,0.383467265074427
soft,3,101,0.7003732658144517,0.3978388720141084
soft,4,101,0.6860448043485963,0.3713975520820274
soft,0,102,0.7096641520575107,0.3780103664664928
soft,1,102,0.7126072664626109,0.4035508746967739
soft,2,102,0.6343855104053607,0.38215177136259787
soft,3,102,0.7016503878652729,0.39841135043116827
soft,4,102,0.683150422713295,0.37333904538279644
soft,0,103,0.7071036041074146,0.37701489114408343
soft,1,103,0.7110907183514049,0.4018665064294628
soft,2,103,0.6295614033578473,0.38135453377694434
soft,3,103,0.7031769793158287,0.3988777417733139
soft,4,103,0.6817432718953061,0.3756486794204658
soft,0,104,0.7040639378676065,0.3770599629268154
soft,1,104,0.7110226897819236,0.40004378820378145
soft,2,104,0.6250332646233964,0.3806985181680025
soft,3,104,0.7039555176887604,0.3999953184769207
soft,4,104,0.6797662200210485,0.3781131779441989
soft,0,105,0.7011249820536657,0.37618310030894087
soft,1,105,0.7110136428187229,0.3977343682395498
soft,2,105,0.6224536973928568,0.3801448715282924
soft,3,105,0.7044816381322757,0.4003434516286909
soft,4,105,0.6769616016461871,0.3802361631984383
soft,0,106,0.6962342355362778,0.37502630237409035
soft,1,106,0.7076701538762755,0.3956642488772301
soft,2,106,0.6209219763250576,0.37991913527697907
soft,3,106,0.7036017796888042,0.40006952708191557
soft,4,106,0.673856578639437,0.3823539391003652
soft,0,107,0.6923058188133326,0.37477621989473103
soft,1,107,0.703426206160411,0.39330136748593214
soft,2,107,0.6190869240137868,0.3793864195643141
soft,3,107,0.7051490445531354,0.3998478657039663
soft,4,107,0.6707269186054308,0.3834778624940796
soft,0,108,0.6892637268598275,0.3746546227455744
soft,1,108,0.6997809953925899,0.39101308784947025
soft,2,108,0.6189893270351793,0.3777444752771916
soft,3,108,0.7073810055792349,0.40051887562960714
soft,4,108,0.6678175579620603,0.3843138591154898
soft,0,109,0.6847315869633142,0.3762770125181074
soft,1,109,0.6956041275851095,0.3890293587529838
soft,2,109,0.6197150900639514,0.3756004929947438
soft,3,109,0.7089480795338534,0.4007125747405938
soft,4,109,0.6656786180518288,0.38634489043924675
soft,0,110,0.679066505319653,0.37613644665028995
soft,1,110,0.6931238212190286,0.3877314038865669
soft,2,110,0.6196615780375136,0.3738734128742523
soft,3,110,0.7079114061852825,0.40138259710018426
soft,4,110,0.6640801704590177,0.3872885397058475
soft,0,111,0.6751197398833565,0.37639928482638013
soft,1,111,0.6888155563858439,0.386645628291409
soft,2,111,0.6209892052532224,0.3724474809720638
soft,3,111,0.708500296356934,0.4021102748562027
soft,4,111,0.6633849234597022,0.38892849946392133
soft,0,112,0.6713528943716254,0.3766529826489573
soft,1,112,0.684760306287276,0.38564254719506746
soft,2,112,0.6222897180662528,0.3722321325736407
soft,3,112,0.7069221354799833,0.40360964656550063
soft,4,112,0.662915475400371,0.38998933563802124
soft,0,113,0.665887557759714,0.37605070917736594
soft,1,113,0.6803003104139927,0.38489902095264955
soft,2,113,0.6241992422828435,0.3726888982380317
soft,3,113,0.7065801380767674,0.403690534346071
soft,4,113,0.6635388083976317,0.3907136888221097
soft,0,114,0.6608781171586438,0.3755182286768292
soft,1,114,0.6768970529091749,0.3842912390481012
soft,2,114,0.6242088683442608,0.3729974930889913
soft,3,114,0.7043083952539062,0.40378264219608473
soft,4,114,0.6655411169137965,0.39188098502292557
soft,0,115,0.6577877951829296,0.37400076844479674
soft,1,115,0.6724897500869258,0.38374602026550464
soft,2,115,0.6272768985532992,0.3734168055079978
soft,3,115,0.7029162214404763,0.40433882293859946
soft,4,115,0.6677272378122997,0.3918583253158103
soft,0,116,0.6542488182363878,0.3720574413223616
soft,1,116,0.6688475412939645,0.38357039285269434
soft,2,116,0.6313046368793709,0.3742126638260048
soft,3,116,0.7013746878133205,0.4045525488519094
soft,4,116,0.67037109343167,0.3923918796508327
soft,0,117,0.6515482812061784,0.36925920453978567
soft,1,117,0.6645704704437984,0.38301720625663765
soft,2,117,0.6362575645780217,0.37556807035291795
soft,3,117,0.6971686398954221,0.40537726250584805
soft,4,117,0.6734022889616584,0.39132451578828586
soft,0,118,0.6485105953076875,0.36697754136821886
soft,1,118,0.6628215719403725,0.38211169172681725
soft,2,118,0.6421280209620185,0.3770537974542922
soft,3,118,0.6927209667494919,0.40579503024936736
soft,4,118,0.6749945504845463,0.3903403412967759
soft,0,119,0.6463017049727108,0.36572321434940336
soft,1,119,0.6632576990610225,0.3813405333269446
soft,2,119,0.6475060721620243,0.37796857036917453
soft,3,119,0.6909297276644243,0.405377865042858
soft,4,119,0.677040328906457,0.39073422375712175
soft,0,120,0.644051330833082,0.362504893454578
soft,1,120,0.662154271781262,0.3809673617868363
soft,2,120,0.653577466400387,0.38063927747322557
soft,3,120,0.6911016016970808,0.40505681164624496
soft,4,120,0.679359763287468,0.3911374488311715
soft,0,121,0.6434313911787941,0.3597425858789582
soft,1,121,0.6622785951251556,0.3803508207963402
soft,2,121,0.6614231705000518,0.3829635870719144
soft,3,121,0.6897374594147919,0.40512751681009407
soft,4,121,0.6799883829914545,0.39067024382769777
soft,0,122,0.6436965853237482,0.3577542642103004
soft,1,122,0.6633227768718073,0.37981382490622806
soft,2,122,0.6690243381780224,0.3845074920841117
soft,3,122,0.6880520765785324,0.4054041587532838
soft,4,122,0.6779759462381351,0.3899456920763244
soft,0,123,0.6448006649976262,0.3559032662195765
soft,1,123,0.6664448185786453,0.37930660995180543
soft,2,123,0.675015867742222,0.38585727046372953
soft,3,123,0.6867374202319395,0.40606317536921116
soft,4,123,0.6777930477211804,0.38945129138039053
soft,0,124,0.6484341523314147,0.3545652269026436
soft,1,124,0.6681679803717896,0.37857122018065875
soft,2,124,0.680660099660992,0.38689824222776803
soft,3,124,0.6815555544672989,0.40621750014794816
soft,4,124,0.676461900356527,0.3887520059880329
soft,0,125,0.6501844637568446,0.354094561869879
soft,1,125,0.6706936507259371,0.3772647889126655
soft,2,125,0.6854223956531845,0.3881298684669344
soft,3,125,0.6775659630740228,0.4073475739858012
soft,4,125,0.6762203816815434,0.38719221753793676
soft,0,126,0.6524483746057316,0.35495699300962225
soft,1,126,0.6715998340631372,0.3768026898355554
soft,2,126,0.6893997939850117,0.3906826877159835
soft,3,126,0.6733625696379064,0.40784593440085815
soft,4,126,0.6747533813934269,0.38549533802401836
soft,0,127,0.6550293010788243,0.3560992341761778
soft,1,127,0.6729096464771599,0.37592210536452325
soft,2,127,0.6926701819310077,0.39369599573671943
soft,3,127,0.6702760890191775,0.4089979450862571
soft,4,127,0.6756627461537018,0.38186198821177925
soft,0,128,0.6564188532616468,0.35615997110644687
soft,1,128,0.6754788792155649,0.37574659163076024
soft,2,128,0.695349155246873,0.39425743303282407
soft,3,128,0.6676805738145263,0.41009184123464343
soft,4,128,0.6791287123643841,0.3782435919985819
soft,0,129,0.6595423924841347,0.35637259902290036
soft,1,129,0.6786259861667265,0.37566103107901866
soft,2,129,0.6965638103842704,0.39393688930180165
soft,3,129,0.6660120666396635,0.40967321759434383
soft,4,129,0.684726877683019,0.3746649146415554
soft,0,130,0.6625533229079689,0.35542945650325364
soft,1,130,0.6810032363469478,0.37561455268284877
soft,2,130,0.6994220325825081,0.3934910003729942
soft,3,130,0.6641649392188683,0.4081013158595166
soft,4,130,0.6910227514534786,0.3717128660545579
soft,0,131,0.6666778008076275,0.35564415351337403
soft,1,131,0.6813830806315874,0.37565395736022505
soft,2,131,0.7009281257088452,0.39341555636774694
soft,3,131,0.6634017422827975,0.40506650510158415
soft,4,131,0.6974906718786703,0.36921411868990905
soft,0,132,0.672803111248058,0.35608755502243206
soft,1,132,0.6826618779683784,0.376042092082432
soft,2,132,0.7004180477199106,0.393403030281474
soft,3,132,0.6645310291164575,0.40250428708652924
soft,4,132,0.7010126236676193,0.3674991602521744
soft,0,133,0.6787957944102151,0.3562057631868463
soft,1,133,0.6855063302250881,0.37592803163331545
soft,2,133,0.6997683023365268,0.3928216025467522
soft,3,133,0.6626846229864014,0.39953723952909864
soft,4,133,0.7027721103146093,0.3662778425145255
soft,0,134,0.6838739954319379,0.35876991683629206
soft,1,134,0.6882668397164416,0.3759063102030022
soft,2,134,0.6979051020285656,0.39361750112391714
soft,3,134,0.6624834900639117,0.39595865803096636
soft,4,134,0.7041243700320876,0.36487858652014743
soft,0,135,0.6876738135019712,0.3590684911769772
soft,1,135,0.6931657565307107,0.3763686501011478
soft,2,135,0.6976004313824099,0.3944482785517051
soft,3,135,0.6600220569842488,0.3927684807829179
soft,4,135,0.7020047979042116,0.36419376709045875
soft,0,136,0.6915280920971126,0.36013817302190587
soft,1,136,0.6983799515683966,0.3768629289577809
soft,2,136,0.6972222706751586,0.39670682901320076
soft,3,136,0.6592386048356818,0.3892544813218994
soft,4,136,0.6988108957491327,0.3648019257526819
soft,0,137,0.69405188339571,0.3625788830296406
soft,1,137,0.7020728975250704,0.3777523519158749
soft,2,137,0.6971000836314525,0.39914863135262313
soft,3,137,0.6585161429049985,0.386529277414399
soft,4,137,0.697109888178929,0.366440791202556
soft,0,138,0.6974196427641305,0.3653787530376804
soft,1,138,0.7045573514050111,0.3790762318923298
soft,2,138,0.6976679590502108,0.4008022957540694
soft,3,138,0.6594678679759408,0.3831933934112071
soft,4,138,0.6974968936506887,0.3677582605521686
soft,0,139,0.7011965137752121,0.36902682878753357
soft,1,139,0.7076000172616458,0.38013383488619923
soft,2,139,0.6958670604493765,0.4023252863014797
soft,3,139,0.659686954741947,0.3794455443051328
soft,4,139,0.6965039610693047,0.36900527872632416
soft,0,140,0.7042356688676477,0.3719464194138733
soft,1,140,0.7098512505357504,0.3809042555380868
soft,2,140,0.693164536930522,0.4039558195550562
soft,3,140,0.6599444763892411,0.37614596176152465
soft,4,140,0.6937361061010279,0.37110965992974115
soft,0,141,0.7081757791204674,0.3746554025887864
soft,1,141,0.7112338639019283,0.38160565117434464
soft,2,141,0.6907852584129095,0.4056704494726156
soft,3,141,0.6619786524652735,0.37406190043432264
soft,4,141,0.6914233442661817,0.3739443955686946
soft,0,142,0.7112681329597715,0.3771787161512711
soft,1,142,0.7116152937329953,0.3827758366752524
soft,2,142,0.6904452342849541,0.4067727461928295
soft,3,142,0.6634159910880872,0.37173141457145265
soft,4,142,0.6906403124177733,0.3766458214716847
soft,0,143,0.7141781678288858,0.3795525070207931
soft,1,143,0.7106278154239574,0.38408328166872313
soft,2,143,0.6902091774929555,0.4075931593435453
soft,3,143,0.6654905141160222,0.36911985983486095
soft,4,143,0.6915347105370949,0.3790870610866341
soft,0,144,0.7173209294007346,0.3824770058708521
soft,1,144,0.7113865264052897,0.3849803185359906
soft,2,144,0.6904506781959725,0.40973746030672337
soft,3,144,0.6663169820613674,0.36704092175830205
soft,4,144,0.6891836097604115,0.38192849593231837
soft,0,145,0.7192867805833432,0.3839809158637112
soft,1,145,0.7119155151942832,0.3852849127322534
soft,2,145,0.6890838827497628,0.4118523632032175
soft,3,145,0.6687048226240924,0.36573338158454255
soft,4,145,0.6889530541061801,0.38455123379031997
soft,0,146,0.7192025181274169,0.3841307832544586
soft,1,146,0.712919126199323,0.38586389689401956
soft,2,146,0.6894975635338739,0.41517920190427615
soft,3,146,0.672555213548026,0.3648266941097371
soft,4,146,0.6880803043510185,0.3863281379935582
soft,0,147,0.7175040824029902,0.3837221575735247
soft,1,147,0.7164751345533331,0.38613851027336565
soft,2,147,0.690509846832297,0.41844166212286665
soft,3,147,0.6736942839385094,0.3640512037403385
soft,4,147,0.6883695092725729,0.38814158244997615
soft,0,148,0.7158932819037185,0.3843609808031871
soft,1,148,0.7190247288735385,0.3860236567866975
soft,2,148,0.6926731686226366,0.42129672408337165
soft,3,148,0.6754745877800294,0.36340750246424164
soft,4,148,0.6881445837702341,0.38928057057945303
soft,0,149,0.7134840167339104,0.38527056971274826
soft,1,149,0.7218758560253496,0.38605505520202704
soft,2,149,0.6961414112483995,0.42356704714754945
soft,3,149,0.6753558554370592,0.3633637012755942
soft,4,149,0.6910864342128218,0.38956172661152516
soft,0,150,0.7095995049865992,0.3860741117195265
soft,1,150,0.72428309672408,0.3853221082591259
soft,2,150,0.7027294185667715,0.4255348922112177
soft,3,150,0.6774656087698907,0.3640906995009827
soft,4,150,0.693678931822429,0.3887120044803344
ot,0,0,0.1,0.95
ot,1,0,0.1,0.95
ot,2,0,0.1,0.95
ot,3,0,0.1,0.95
ot,4,0,0.1,0.95
ot,0,1,0.11999999980845792,0.9300000003086003
ot,1,1,0.11999999976549006,0.9300000002695321
ot,2,1,0.11999999978507014,0.9300000002373204
ot,3,1,0.11999999983014305,0.930000000322007
ot,4,1,0.11999999979155604,0.9300000004487304
ot,0,2,0.14002490983453753,0.9099908229766451
ot,1,2,0.1400270559844488,0.9100679826583111
ot,2,2,0.14002017254436505,0.9107939636728699
ot,3,2,0.1397007641405033,0.9105212821407503
ot,4,2,0.139685335705895,0.9100423456636694
ot,0,3,0.1600605592479499,0.8899861248083873
ot,1,3,0.16000444587000043,0.8905875859531126
ot,2,3,0.15990852692033794,0.8925323845424226
ot,3,3,0.15922227248783247,0.8908339982691575
ot,4,3,0.15907072892726895,0.8907005329159452
ot,0,4,0.18001069357554217,0.8699706029097334
ot,1,4,0.1800604359848203,0.870846900749801
ot,2,4,0.1798027735045644,0.8740863680622255
ot,3,4,0.1788047094510725,0.8709557877290399
ot,4,4,0.17874858701514634,0.871054860229246
ot,0,5,0.19999690015687668,0.84988513913919
ot,1,5,0.20020768342876383,0.851290258079707
ot,2,5,0.19957095616045467,0.8551071466364156
ot,3,5,0.19862823767345003,0.8511426975970352
ot,4,5,0.1985695649811969,0.8514896151608917
ot,0,6,0.21985621388334056,0.8299994773760551
ot,1,6,0.22030193804899756,0.833518536076768
ot,2,6,0.2194963867112506,0.8369298872928078
ot,3,6,0.218262602925067,0.8311288603470561
ot,4,6,0.21858353794878443,0.8316591721460522
ot,0,7,0.23966853232042848,0.810273796667853
ot,1,7,0.24037678289922437,0.8153018065242381
ot,2,7,0.23933635447112636,0.8184205027801871
ot,3,7,0.23785067749759137,0.8110477951414936
ot,4,7,0.23871548288074917,0.8118273684388907
ot,0,8,0.2595746927832506,0.7906655679514071
ot,1,8,0.2603192272463629,0.7969981457013356
ot,2,8,0.25922559220210956,0.7998827823014466
ot,3,8,0.25747441974751334,0.7920460793642156
ot,4,8,0.2584694042375448,0.792556972880968
ot,0,9,0.27938968085922417,0.7713889648291008
ot,1,9,0.2801814631438894,0.7786103318879525
ot,2,9,0.27893758644296834,0.7816329435938313
ot,3,9,0.2770328404234912,0.7734639286804792
ot,4,9,0.27835692281868324,0.7733254795054447
ot,0,10,0.2992325658266461,0.7521174488160289
ot,1,10,0.30004841240576896,0.761542132720077
ot,2,10,0.2987086023817751,0.7631368051411127
ot,3,10,0.2966284264740173,0.7548669613776727
ot,4,10,0.2978891368474833,0.7545413985326652
ot,0,11,0.3188164052730041,0.7327744453429453
ot,1,11,0.32003554986982324,0.7447774909172529
ot,2,11,0.31833062367823456,0.7446181827074899
ot,3,11,0.31576211052775927,0.736368264892652
ot,4,11,0.31723068910620744,0.7358579251228805
ot,0,12,0.33839240469757303,0.7138404101101425
ot,1,12,0.3393226237793919,0.728145553526718
ot,2,12,0.3377362118730291,0.726703185839591
ot,3,12,0.3346834706460283,0.7179567854577849
ot,4,12,0.3366387773521139,0.7177489172369174
ot,0,13,0.3579253221290574,0.695423360872627
ot,1,13,0.35856231501770547,0.7116735252009055
ot,2,13,0.3571467609094571,0.7088252079380416
ot,3,13,0.35336258963453987,0.7000298745324488
ot,4,13,0.35586539480496415,0.6995725306605772
ot,0,14,0.3774302951978449,0.6767356098584543
ot,1,14,0.3777540976646926,0.6958110980648121
ot,2,14,0.37659024533404684,0.6914162002588964
ot,3,14,0.37192914382406084,0.6823642124220517
ot,4,14,0.37547657520314975,0.6816895496156653
ot,0,15,0.3966976650850147,0.6582587479601201
ot,1,15,0.396748218823319,0.6798116549582314
ot,2,15,0.39590231734951653,0.6740564553065505
ot,3,15,0.39068395410195167,0.6648717367254493
ot,4,15,0.39506268262273553,0.6632769450491581
ot,0,16,0.41525622903429876,0.6407778342451748
ot,1,16,0.4156185366329763,0.6644571231016515
ot,2,16,0.41508296987000826,0.6568796236747513
ot,3,16,0.40862431179991665,0.6480392082631224
ot,4,16,0.4145448924446015,0.6453441586072518
ot,0,17,0.4335552392060087,0.6236025449986244
ot,1,17,0.4341327472103842,0.6495911765111054
ot,2,17,0.43380833562992765,0.6404317545379662
ot,3,17,0.42686643742368163,0.6317588049833275
ot,4,17,0.43396085541456275,0.6279332373705461
ot,0,18,0.45161852285397636,0.6072150074715089
ot,1,18,0.45282298225183876,0.6354726152693713
ot,2,18,0.45198650101189236,0.6238255357753584
ot,3,18,0.4445574548288747,0.6154431443698681
ot,4,18,0.45318269191540617,0.6114897561914208
ot,0,19,0.4688629658350206,0.5910787532145454
ot,1,19,0.47157271172384957,0.6219091064179693
ot,2,19,0.4699871043716749,0.607195301869537
ot,3,19,0.4621027432054115,0.6000579256977573
ot,4,19,0.47229794717473095,0.5947691402075862
ot,0,20,0.48540850161664617,0.575903198943623
ot,1,20,0.4905141688979898,0.6085843065796348
ot,2,20,0.4880610818605619,0.5913999682374723
ot,3,20,0.47926808527684966,0.5853718364596259
ot,4,20,0.4907314223266477,0.5793255568845901
ot,0,21,0.5013867123468194,0.561228722294996
ot,1,21,0.5087240531127641,0.5953782518737651
ot,2,21,0.5059522855947897,0.5758154201111731
ot,3,21,0.495935544342247,0.5711020810930175
ot,4,21,0.5090122515724238,0.5646616134504042
ot,0,22,0.5170570263847349,0.5470077796529336
ot,1,22,0.5266619645915558,0.58242634933492
ot,2,22,0.5235865628263963,0.5602266670311926
ot,3,22,0.5124962965945019,0.5578338261030784
ot,4,22,0.5265219275025722,0.5506859201836176
ot,0,23,0.5325160079458909,0.5335530374203101
ot,1,23,0.5441068454877863,0.5695738206490364
ot,2,23,0.5400519095018904,0.5455597914060032
ot,3,23,0.5283016195971013,0.5452398311042042
ot,4,23,0.543861400321702,0.537130672843182
ot,0,24,0.5478063029421253,0.5209253566421724
ot,1,24,0.5605574440293559,0.5572359933171391
ot,2,24,0.5555846771926816,0.5314903131902605
ot,3,24,0.5434571337574667,0.5321515544979414
ot,4,24,0.5608882878098409,0.5235695081387322
ot,0,25,0.5625027672313717,0.5087104115079254
ot,1,25,0.5769386808885775,0.5446758308044711
ot,2,25,0.5708514799628914,0.5172833220146192
ot,3,25,0.5580771801976954,0.5194961583173711
ot,4,25,0.5767208892515584,0.5097867563134229
ot,0,26,0.5765825532268826,0.4972713641954941
ot,1,26,0.5931471049531372,0.5329647040269073
ot,2,26,0.5854318924344347,0.5043134352891343
ot,3,26,0.5718480943860518,0.5077408794704757
ot,4,26,0.5912721118976635,0.496547550129219
ot,0,27,0.5897468223216767,0.48645849191782586
ot,1,27,0.608847182318285,0.5208892649903157
ot,2,27,0.6004065334823835,0.4910560816587342
ot,3,27,0.5850384450610746,0.4964777575869535
ot,4,27,0.6051255644091276,0.48396298852887587
ot,0,28,0.6026767962469358,0.4763807258381125
ot,1,28,0.62354830628437,0.5097227253869797
ot,2,28,0.6157229801134858,0.47818663739710177
ot,3,28,0.5985258807168233,0.48677043687566857
ot,4,28,0.6185173199963945,0.47254251444761197
ot,0,29,0.6153091544742986,0.4666603268516382
ot,1,29,0.6374405434240809,0.4995972000752936
ot,2,29,0.6312937690901231,0.466071642928272
ot,3,29,0.6119593386190265,0.47743848755638807
ot,4,29,0.631891767653275,0.4613767695568448
ot,0,30,0.6280153738018153,0.4573449240486539
ot,1,30,0.6502528532523659,0.4896553100857484
ot,2,30,0.6455537103340648,0.45487043670969407
ot,3,30,0.6245576766911499,0.4686876244240662
ot,4,30,0.644808583979835,0.4513925880504892
ot,0,31,0.640533784054798,0.44864350058979124
ot,1,31,0.6623570902843762,0.4801055938309424
ot,2,31,0.658651141728601,0.4440244655505768
ot,3,31,0.6364713132926867,0.4606658392012858
ot,4,31,0.6572612102655531,0.44202192091486764
ot,0,32,0.6531621777158563,0.44040381627422415
ot,1,32,0.6739749114885595,0.4703416376389444
ot,2,32,0.6707097261782032,0.43407040065772173
ot,3,32,0.6482968534207723,0.4530873049559837
ot,4,32,0.6702408005210114,0.4326916727955367
ot,0,33,0.6651716282806269,0.43189663893430574
ot,1,33,0.68498368469548,0.46150944308407993
ot,2,33,0.6819351212404161,0.42456051280197293
ot,3,33,0.6594135576100149,0.44555494306605664
ot,4,33,0.6828721985044155,0.42404980789949803
ot,0,34,0.676239539624024,0.42358833676260493
ot,1,34,0.6949297908597938,0.45251714314987423
ot,2,34,0.6926435042189538,0.41550609565318813
ot,3,34,0.669931787086028,0.4391231705848184
ot,4,34,0.6936808320619409,0.4161036657901791
ot,0,35,0.6861832300400437,0.41580595053280067
ot,1,35,0.7039544025044929,0.4443435960060499
ot,2,35,0.7025077620694724,0.4071801475277097
ot,3,35,0.6790290175398997,0.43359422361903494
ot,4,35,0.7027810832935538,0.40867946057132576
ot,0,36,0.6946172753681171,0.408827691597173
ot,1,36,0.7117611947381647,0.4366809626108636
ot,2,36,0.7109191621872418,0.3998298396857584
ot,3,36,0.6873811635635604,0.4280385888185727
ot,4,36,0.7107373942568325,0.40149961149487073
ot,0,37,0.7022908044075229,0.4020303268595738
ot,1,37,0.7194818281015073,0.42993466174192685
ot,2,37,0.7188531805278704,0.39303702177612454
ot,3,37,0.6952342305605528,0.4234858493143126
ot,4,37,0.7182821081142433,0.3949411528208375
ot,0,38,0.7088798915001754,0.39587572550426886
ot,1,38,0.726896987143891,0.423150875163859
ot,2,38,0.726703753289761,0.38620861068292145
ot,3,38,0.7026406826985385,0.41876728536287594
ot,4,38,0.7254866951334308,0.3883597788744542
ot,0,39,0.7153543616840635,0.3904237257448381
ot,1,39,0.7331089965333235,0.4168164222590618
ot,2,39,0.733762648532952,0.3801314167204928
ot,3,39,0.7098348884195497,0.4135582819906542
ot,4,39,0.7315322529441707,0.38247753025006515
ot,0,40,0.7214006883709957,0.3852661249367353
ot,1,40,0.7382798827320942,0.41114426313715496
ot,2,40,0.7388632123110015,0.37391199697385535
ot,3,40,0.7150782110581344,0.40863815539083237
ot,4,40,0.7353349322645237,0.3776898298337426
ot,0,41,0.7264607494671231,0.3793263296150626
ot,1,41,0.7433280132054412,0.40595832589075587
ot,2,41,0.7422461951033635,0.3683695247458645
ot,3,41,0.7192267258492592,0.4043204390985718
ot,4,41,0.73801177789445,0.3726852490508498
ot,0,42,0.7299832970149358,0.37387490869691303
ot,1,42,0.7471802713847036,0.40120911853451174
ot,2,42,0.7443725505131186,0.36378813872164095
ot,3,42,0.7230977777318478,0.4001808889365184
ot,4,42,0.7397977729153121,0.36842909431837934
ot,0,43,0.7331430560821864,0.36893801579342866
ot,1,43,0.7506850763416051,0.39623172141332164
ot,2,43,0.7458090681315418,0.3591247453629605
ot,3,43,0.7262710776118914,0.39680888374016393
ot,4,43,0.7417395857721415,0.3655713552156269
ot,0,44,0.7361236752603765,0.3649846746704509
ot,1,44,0.752996676523113,0.39147574165387466
ot,2,44,0.7467645711895134,0.3548735654751423
ot,3,44,0.7292464172525256,0.3937260349999817
ot,4,44,0.7428612681812012,0.36279430954641945
ot,0,45,0.7373523852677272,0.36086457434949243
ot,1,45,0.754225476106619,0.38683434176879616
ot,2,45,0.7475635636671278,0.35130531308993046
ot,3,45,0.7314790080119419,0.3901380533790306
ot,4,45,0.7431667384585648,0.3602196214226547
ot,0,46,0.7386114720261854,0.35784959939465527
ot,1,46,0.7551854180801675,0.3824386472132355
ot,2,46,0.7485964311491249,0.34692943198679155
ot,3,46,0.7316907569762028,0.3875379234320858
ot,4,46,0.7432612879555306,0.35925283414364545
ot,0,47,0.7387889689978179,0.35567964568025645
ot,1,47,0.7560330756523098,0.3785887893070703
ot,2,47,0.7499045554034044,0.34334276132885944
ot,3,47,0.7316776819859486,0.38521735664682166
ot,4,47,0.7430904343430024,0.3576612218337029
ot,0,48,0.7379096807138277,0.35387905515280116
ot,1,48,0.7565947350523409,0.37551699999392857
ot,2,48,0.7513740586571963,0.34002206474675406
ot,3,48,0.7310907176853636,0.3832537424858349
ot,4,48,0.7435523629337044,0.35691576784659107
ot,0,49,0.7375201794620208,0.3523818262026027
ot,1,49,0.7565746916849195,0.3724978408871424
ot,2,49,0.7520604444080735,0.3382839009250633
ot,3,49,0.7299546548763342,0.381108858696436
ot,4,49,0.743698537841335,0.3565950355644373
ot,0,50,0.7374172221652096,0.35133708810484016
ot,1,50,0.7554801888718339,0.37007006680567656
ot,2,50,0.7543497089370812,0.33635092534597677
ot,3,50,0.7294427562080825,0.37936484247642377
ot,4,50,0.7441732789503813,0.35704325848197677
ot,0,51,0.7361935329316733,0.3511414210744573
ot,1,51,0.7521148866485895,0.36799103370451247
ot,2,51,0.7565725890195846,0.33482837291937173
ot,3,51,0.7286083091477852,0.3783622676556982
ot,4,51,0.744051505791989,0.3578962486745758
ot,0,52,0.7351690469871687,0.3509793528113323
ot,1,52,0.748489292254935,0.36611767293060815
ot,2,52,0.7578649838045004,0.3331984080024987
ot,3,52,0.7274611031802183,0.3771916206196236
ot,4,52,0.7429642933307886,0.3584344576406475
ot,0,53,0.7330419866682454,0.35175548483662117
ot,1,53,0.7461908716979995,0.36482080247379167
ot,2,53,0.7588608027379828,0.3308069456011494
ot,3,53,0.7277099003631149,0.3761843471736069
ot,4,53,0.7429407879232285,0.3593853872400127
ot,0,54,0.7310893884848123,0.35150777357805646
ot,1,54,0.7432909191228569,0.3644726726543741
ot,2,54,0.7601307614465801,0.3289494166403969
ot,3,54,0.7285265017321272,0.37502000414205405
ot,4,54,0.7431295312611585,0.3607986761863389
ot,0,55,0.7288545313549989,0.3512257840807897
ot,1,55,0.740501993663765,0.36416983810497167
ot,2,55,0.7601673234459942,0.3275903202346705
ot,3,55,0.7300614833384531,0.3725969477553506
ot,4,55,0.7437406556224883,0.36231384036443876
ot,0,56,0.7257000492730398,0.35111443291226174
ot,1,56,0.7372541546312045,0.3637504080724791
ot,2,56,0.7593075731330677,0.3266904977693008
ot,3,56,0.7312587729116081,0.3707626145212979
ot,4,56,0.7441513880895174,0.36382257568862586
ot,0,57,0.7228110773695329,0.3505118403156235
ot,1,57,0.7341246001344947,0.3638965501242409
ot,2,57,0.7587151823365456,0.3245697670833503
ot,3,57,0.7335143472729468,0.3697678080878839
ot,4,57,0.7434555764020823,0.36631342400744554
ot,0,58,0.7202923063324836,0.35044037861746674
ot,1,58,0.7308571072041501,0.3645271631376963
ot,2,58,0.7573227017953856,0.3233593770487817
ot,3,58,0.7347883975412428,0.36890825197196525
ot,4,58,0.7427966806707044,0.36912333394523206
ot,0,59,0.7180382846183597,0.35058136480170904
ot,1,59,0.7264228596474953,0.3657103738371748
ot,2,59,0.7552082691873601,0.3226917087072803
ot,3,59,0.7363937102660959,0.367789763981921
ot,4,59,0.74244719544027,0.3711742376949162
ot,0,60,0.714907723442443,0.35151397618247693
ot,1,60,0.7219274739079894,0.3672524616815983
ot,2,60,0.7537668692931543,0.32137626359972027
ot,3,60,0.7371059023723965,0.36658489885494383
ot,4,60,0.7427843879617395,0.3728457638064244
ot,0,61,0.7115568904830392,0.3534755528986236
ot,1,61,0.7179345325670355,0.36884566528189033
ot,2,61,0.752404904722853,0.32114877468848213
ot,3,61,0.7372617182863884,0.36567538494766244
ot,4,61,0.7424085667453855,0.37405868054369495
ot,0,62,0.7087889756032822,0.3548003673097895
ot,1,62,0.7141684479541893,0.3697829060662389
ot,2,62,0.7510610936234585,0.32150647798415527
ot,3,62,0.7374627000564373,0.36389813619854444
ot,4,62,0.7409767450682883,0.3752173025980684
ot,0,63,0.7067260383133318,0.35634495345973444
ot,1,63,0.710482321518217,0.3713625912198943
ot,2,63,0.7477600383613661,0.32314305302521323
ot,3,63,0.7384821413283869,0.3630112156366015
ot,4,63,0.7387377558211139,0.37721050644191545
ot,0,64,0.7052576091181417,0.35810116105744516
ot,1,64,0.707782113326877,0.37275453040966255
ot,2,64,0.7428583476094074,0.32620696678859307
ot,3,64,0.7386998592267413,0.36322382452182034
ot,4,64,0.7413194944834356,0.37864892208051876
ot,0,65,0.7043670931444482,0.36017175532044193
ot,1,65,0.7054122152654947,0.37465613273962145
ot,2,65,0.7383059549502038,0.3294515548069613
ot,3,65,0.7398733152714483,0.36260547064509824
ot,4,65,0.7435513205435552,0.3814619539537418
ot,0,66,0.7028852122547705,0.36143740043102224
ot,1,66,0.7038954640900918,0.3764060536030306
ot,2,66,0.7337805533389992,0.3326718647004282
ot,3,66,0.7400224157995999,0.3621159679041083
ot,4,66,0.7454045695701681,0.3851683981789825
ot,0,67,0.700907497219801,0.3624509781377952
ot,1,67,0.7029845352082457,0.37765764475590835
ot,2,67,0.7295948650881455,0.3352475810267326
ot,3,67,0.7379881335953611,0.3615683443202309
ot,4,67,0.7462830289326119,0.38886160460147173
ot,0,68,0.6983583932330466,0.3631279785645061
ot,1,68,0.7015361388663357,0.37898264334014525
ot,2,68,0.7247510126364862,0.3374409516012238
ot,3,68,0.7361702187837036,0.36088544445192977
ot,4,68,0.7462225512369028,0.3919898976294493
ot,0,69,0.6958508089710562,0.36389509099408546
ot,1,69,0.6999564337543049,0.38088319036916607
ot,2,69,0.7194163702445625,0.33879182576895256
ot,3,69,0.734170869193846,0.3597050785769144
ot,4,69,0.745451742653526,0.39455692511520485
ot,0,70,0.6939657461356629,0.36492297763352816
ot,1,70,0.698254187654426,0.38253714948990647
ot,2,70,0.7145601102339264,0.3400400024229949
ot,3,70,0.7330610785693092,0.3597438668793197
ot,4,70,0.7434685957409262,0.3975813289669217
ot,0,71,0.6913008845495532,0.36622371493555966
ot,1,71,0.6965337102243438,0.3843245432310061
ot,2,71,0.711691151166355,0.3413893924931554
ot,3,71,0.730524841974027,0.3596226765970842
ot,4,71,0.7400836603275351,0.40153914913840666
ot,0,72,0.6895784586064766,0.36754477375695255
ot,1,72,0.6944545274501359,0.38613198679764377
ot,2,72,0.709250197118581,0.34402976475668173
ot,3,72,0.7285941012462924,0.3593833517827022
ot,4,72,0.7360470182853907,0.40517837335467916
ot,0,73,0.6857169925113236,0.3691222510091224
ot,1,73,0.6928200833511657,0.38830386270595657
ot,2,73,0.7078876556134752,0.3463640643942985
ot,3,73,0.7274975986666471,0.3597820700227693
ot,4,73,0.7317322718830094,0.4082449869556744
ot,0,74,0.6832230895611969,0.37133735463357875
ot,1,74,0.690563958246319,0.3901956768486156
ot,2,74,0.7059303701886369,0.347960491622183
ot,3,74,0.72713660731913,0.35969603770029185
ot,4,74,0.7288920359230802,0.4113773912284772
ot,0,75,0.6799553667172008,0.3735613525245913
ot,1,75,0.689679336741026,0.3911879791058489
ot,2,75,0.7038738871963955,0.3507800883857527
ot,3,75,0.7259724336506367,0.3602727610421964
ot,4,75,0.7264194957571684,0.4126920958363037
ot,0,76,0.6768482725440501,0.3749484981677947
ot,1,76,0.6889562524373113,0.39169764243906696
ot,2,76,0.7026379726535882,0.3532822292064404
ot,3,76,0.724553418429428,0.36068315983245464
ot,4,76,0.7250642886676113,0.41356038547080654
ot,0,77,0.6748661172727249,0.37633662783502614
ot,1,77,0.6897489301776315,0.39242126947436856
ot,2,77,0.7023327023701124,0.35537007452429864
ot,3,77,0.7236258590148874,0.3614164457310925
ot,4,77,0.72241537766738,0.41303553196502774
ot,0,78,0.6728957204842477,0.37713925536042536
ot,1,78,0.6907639155539734,0.39316373447211794
ot,2,78,0.7040013401474298,0.35756738185421894
ot,3,78,0.7216029727877592,0.3624249875464032
ot,4,78,0.7198240036617236,0.41267634985514534
ot,0,79,0.6713025555075017,0.37816130566029377
ot,1,79,0.6913328429023864,0.39315185650843637
ot,2,79,0.7058511611703493,0.3597330807299171
ot,3,79,0.7178840864184864,0.3622198225543761
ot,4,79,0.7178350236322644,0.4112403880802219
ot,0,80,0.670666715849559,0.3792675400279493
ot,1,80,0.6909300835376642,0.3934848602997183
ot,2,80,0.7082870531252257,0.3621370406786277
ot,3,80,0.7132800315879256,0.3618081919744129
ot,4,80,0.7161371389424728,0.4111488471809397
ot,0,81,0.6702009125044153,0.38052838773155456
ot,1,81,0.6903907053420887,0.39370410825321717
ot,2,81,0.710266805058262,0.36461594321281837
ot,3,81,0.7084465534465904,0.36230963119304666
ot,4,81,0.7153080438976056,0.41032596678930666
ot,0,82,0.6700412526811843,0.38148043398174886
ot,1,82,0.6898402001444749,0.39410512212372373
ot,2,82,0.7122603896655058,0.366368819545006
ot,3,82,0.7051397463421186,0.3615693649328571
ot,4,82,0.7142104581811568,0.40900748245769775
ot,0,83,0.6706977862843145,0.38219325392239023
ot,1,83,0.6896650274191106,0.3938224631955969
ot,2,83,0.7140864519693438,0.3676367329508258
ot,3,83,0.7031323048776336,0.36126758450229574
ot,4,83,0.7137948895123356,0.4075763527093603
ot,0,84,0.6727809788151767,0.3821176375718315
ot,1,84,0.6896978904609843,0.3943267035177316
ot,2,84,0.7162568116834583,0.3691399521974557
ot,3,84,0.7016790100987028,0.359972380739934
ot,4,84,0.7145927483340777,0.40541501928733503
ot,0,85,0.6747422435030901,0.3819534659172897
ot,1,85,0.6907411397749288,0.3949465672921522
ot,2,85,0.7193881724081399,0.3704038117511026
ot,3,85,0.7009335413067036,0.3601451220287481
ot,4,85,0.714439700133802,0.4046819853923889
ot,0,86,0.6765384549348206,0.3811108432898683
ot,1,86,0.6918263990903042,0.3958963725609822
ot,2,86,0.7223513911006664,0.37159307618479986
ot,3,86,0.7006053001806578,0.36034467022488015
ot,4,86,0.7145172667310502,0.40389835556435266
ot,0,87,0.677538591919667,0.3794422336319484
ot,1,87,0.693834720728444,0.3978219311614036
ot,2,87,0.725048297238949,0.3730810801374704
ot,3,87,0.7022551450544287,0.3600613327123286
ot,4,87,0.7142061697188945,0.40282975787736597
ot,0,88,0.6782126660726181,0.3772476484076917
ot,1,88,0.6956047699958091,0.3999925084355016
ot,2,88,0.7280664288882792,0.37470992596594016
ot,3,88,0.7032637002260623,0.36000446399318664
ot,4,88,0.7141310310583363,0.4004392241558007
ot,0,89,0.6797854226229689,0.37584272996368234
ot,1,89,0.6973787226424881,0.4013812570114386
ot,2,89,0.7305957491309685,0.3769598522860925
ot,3,89,0.7037005038508907,0.35934071147763097
ot,4,89,0.714204444277944,0.3960471216411848
ot,0,90,0.6820351731991884,0.3732283835870738
ot,1,90,0.6983131316014086,0.4024611211655175
ot,2,90,0.7331880477687499,0.37845859214641153
ot,3,90,0.7042108023136351,0.35922819563552266
ot,4,90,0.7152541904850128,0.3922588483875349
ot,0,91,0.684279810238364,0.37109365052531645
ot,1,91,0.7003904199360393,0.4031390571625183
ot,2,91,0.7359768956417687,0.3794523495356948
ot,3,91,0.7045921825609428,0.35813481414897946
ot,4,91,0.716750155191762,0.38896682511757086
ot,0,92,0.6855419835897002,0.3705055963586142
ot,1,92,0.7014432416386763,0.40420030878343116
ot,2,92,0.7384861179501948,0.38052621662510994
ot,3,92,0.7050417667386862,0.3592026132682739
ot,4,92,0.7180829768116797,0.3858783879536435
ot,0,93,0.6865927847706561,0.37075970699236255
ot,1,93,0.7018139605928356,0.40466641432966227
ot,2,93,0.7415224247683014,0.38201250872759335
ot,3,93,0.704319894530484,0.35966672488518125
ot,4,93,0.7193932682592279,0.38403040149491674
ot,0,94,0.6865450829871649,0.3705559322363085
ot,1,94,0.7018299883014619,0.4053483312398678
ot,2,94,0.7446982745026981,0.3835228804735834
ot,3,94,0.7029929635669658,0.3604372032980172
ot,4,94,0.7207022864944269,0.3828865040617543
ot,0,95,0.6861694337624364,0.3707894498503217
ot,1,95,0.7031712569622319,0.40623178521691145
ot,2,95,0.7474802218560043,0.3848462652668276
ot,3,95,0.7026649465500603,0.36047914411997917
ot,4,95,0.7223109093950022,0.3800464059715563
ot,0,96,0.6858512820369814,0.37067817219426513
ot,1,96,0.7060113751856183,0.40717080489999025
ot,2,96,0.7487973740176306,0.38701354078282324
ot,3,96,0.7036851440420946,0.3619484446163723
ot,4,96,0.7239657375126126,0.37671399663529836
ot,0,97,0.6865988115291084,0.36971333873367096
ot,1,97,0.707637905033273,0.40832504985192264
ot,2,97,0.7477049750517256,0.39032740289975915
ot,3,97,0.7039573606583576,0.36295005428004823
ot,4,97,0.7257228667966605,0.37302476524626155
ot,0,98,0.6867547039609957,0.3689580989305091
ot,1,98,0.710518996725726,0.4083370961210657
ot,2,98,0.7464087074989569,0.3943359451044724
ot,3,98,0.7034299992532359,0.36373289011727694
ot,4,98,0.7280265493696654,0.37003702883125167
ot,0,99,0.6871654397181451,0.36870846018744013
ot,1,99,0.7132861311018158,0.4088464832673166
ot,2,99,0.7452087398247569,0.39726758367701737
ot,3,99,0.7028345638808937,0.3653792914451429
ot,4,99,0.7310578166038592,0.36776398442791625
ot,0,100,0.686636630656938,0.36846724719447693
ot,1,100,0.7147195081413925,0.40862660412037555
ot,2,100,0.7436915056390445,0.4008005484901855
ot,3,100,0.7013446033436646,0.366157982439565
ot,4,100,0.733177241889708,0.36584501033123434
ot,0,101,0.6866385332675613,0.36800967194711787
ot,1,101,0.7167166253799846,0.40793650093038936
ot,2,101,0.7417136758921731,0.40249816919643944
ot,3,101,0.698651283636501,0.3675138805729093
ot,4,101,0.7349293382274976,0.36455338088425693
ot,0,102,0.6864195393919215,0.36910867291538424
ot,1,102,0.7191135472986201,0.40601783603044117
ot,2,102,0.7385122605610012,0.40333137048926293
ot,3,102,0.696523261637864,0.36865516467503784
ot,4,102,0.7367761645137225,0.36412015011402477
ot,0,103,0.6853930790353429,0.36999856717482216
ot,1,103,0.7211647232071255,0.4036556167540624
ot,2,103,0.7360435283470943,0.40400811409986814
ot,3,103,0.6939359404972001,0.3694669348417865
ot,4,103,0.7386463725679414,0.3633283678319469
ot,0,104,0.6841375213258545,0.3708531147349423
ot,1,104,0.722050936850623,0.40082469792266573
ot,2,104,0.7338605753038795,0.4032437183068122
ot,3,104,0.6910825280175452,0.3707499190214265
ot,4,104,0.7407303127788386,0.36291085712704796
ot,0,105,0.6838405816023194,0.37142040294856227
ot,1,105,0.7227771515122541,0.39748790353587254
ot,2,105,0.732084309265099,0.40257516283118394
ot,3,105,0.6881811058388476,0.3724673887268706
ot,4,105,0.7411424980419712,0.36231104784154977
ot,0,106,0.6825276043234157,0.3731723383857414
ot,1,106,0.7214880619534886,0.39393654413340545
ot,2,106,0.7301967462965552,0.40122573062276573
ot,3,106,0.6855093672219246,0.3737535301194072
ot,4,106,0.74080058481618,0.3607694504643855
ot,0,107,0.6808654180360288,0.3759615744071468
ot,1,107,0.7196889667537174,0.3913176833494836
ot,2,107,0.7289123795159254,0.3998994614654199
ot,3,107,0.6854820383958881,0.3751899051402983
ot,4,107,0.7392885132628447,0.3597746453729814
ot,0,108,0.6797531832875507,0.378338629047843
ot,1,108,0.7194665123751226,0.3890925130587407
ot,2,108,0.7289630024522683,0.39774943044858224
ot,3,108,0.6853613911996861,0.3764154190318548
ot,4,108,0.736379397779942,0.3579226166681165
ot,0,109,0.6792506897816298,0.3801114664952725
ot,1,109,0.7184918902911872,0.38746315078794885
ot,2,109,0.7290959418044228,0.39420479009892107
ot,3,109,0.6862709878987315,0.3788131509248165
ot,4,109,0.7330414016233637,0.3562577930615889
ot,0,110,0.6794914493142418,0.3827751432260332
ot,1,110,0.7171337367281622,0.38618440872061094
ot,2,110,0.727723496042383,0.3915031090965626
ot,3,110,0.6871582731762814,0.38190304421897403
ot,4,110,0.7304623346494944,0.35412395763456794
ot,0,111,0.6820541688133911,0.38344582433453267
ot,1,111,0.7160108634316075,0.38452984029824494
ot,2,111,0.727990381267402,0.38955799694804577
ot,3,111,0.6880635603024347,0.38528805487565476
ot,4,111,0.7290283331104401,0.35332431928972663
ot,0,112,0.6841580783152302,0.3841679587671666
ot,1,112,0.71517129424523,0.38318552321170507
ot,2,112,0.7293578421043555,0.38753294465944643
ot,3,112,0.6884115782890643,0.38734095436606714
ot,4,112,0.7273557285448806,0.35256005355434933
ot,0,113,0.6865411195833812,0.3844236730286803
ot,1,113,0.7137745468418407,0.381409533906479
ot,2,113,0.7308344655165823,0.3858804763814603
ot,3,113,0.6887023740240115,0.3885742366522626
ot,4,113,0.726077194466736,0.3515422084535205
ot,0,114,0.6897263115351457,0.38470012799884074
ot,1,114,0.7130015028520462,0.37904695254347737
ot,2,114,0.7332147745554017,0.38418796427120905
ot,3,114,0.6869623756012742,0.3900317512992853
ot,4,114,0.7255564069495165,0.35065054603593626
ot,0,115,0.6920869933724699,0.3848908411221976
ot,1,115,0.7132145431185595,0.37662637059258885
ot,2,115,0.7361455681279516,0.3814793456446397
ot,3,115,0.6859848130631729,0.39248929668201016
ot,4,115,0.7249639031671926,0.35108828205806947
ot,0,116,0.6934202493622837,0.38532612661089155
ot,1,116,0.7141094603296879,0.3739951802064723
ot,2,116,0.7364498425042091,0.38089418491593724
ot,3,116,0.68551446370329,0.3951235769770975
ot,4,116,0.7255458629050819,0.35226557799450436
ot,0,117,0.6956321188522835,0.3859320683609818
ot,1,117,0.7154855769921347,0.37144565618246217
ot,2,117,0.7383016944403644,0.38087235489195037
ot,3,117,0.6846860318001516,0.3969321014121842
ot,4,117,0.72608031743588,0.3534178470346437
ot,0,118,0.6976466631916859,0.387163772521393
ot,1,118,0.7186456106673208,0.36741662192828317
ot,2,118,0.7391421295129684,0.38062547359316884
ot,3,118,0.6842511446479893,0.3995726785805802
ot,4,118,0.7257636964970869,0.3547862000717905
ot,0,119,0.7010300107925661,0.38659502732439843
ot,1,119,0.7219562066193868,0.36284677772476326
ot,2,119,0.7403063501459862,0.38089696903917053
ot,3,119,0.6839776820520439,0.4012059375682635
ot,4,119,0.7261260599002569,0.3558423450133667
ot,0,120,0.7051292211014031,0.3864836906449107
ot,1,120,0.7250216420502905,0.3600927983699194
ot,2,120,0.74092258517156,0.38149877678544186
ot,3,120,0.6842687335846647,0.4019693398099698
ot,4,120,0.7266574391033237,0.3579227405329939
ot,0,121,0.7101446329977722,0.38772216128119297
ot,1,121,0.7272490950982716,0.35797970240720983
ot,2,121,0.7404611341356852,0.3836144148360003
ot,3,121,0.6856055966166965,0.4016583053014132
ot,4,121,0.7269883180458852,0.3603816715967882
ot,0,122,0.7141158963953316,0.389417243649122
ot,1,122,0.7295606576088107,0.35664538709983723
ot,2,122,0.7404295433415892,0.3868907711627326
ot,3,122,0.6873012580775272,0.4014142029616095
ot,4,122,0.7278502943462998,0.3625000874708717
ot,0,123,0.7181027440051544,0.3888233054090717
ot,1,123,0.7314088352028562,0.355907629255606
ot,2,123,0.7383922028913615,0.3903705187133767
ot,3,123,0.6897109677819948,0.4015728245483577
ot,4,123,0.7274877813401243,0.363022041420903
ot,0,124,0.7209873456716629,0.3881979065721695
ot,1,124,0.733864685559568,0.35492267404881206
ot,2,124,0.7349006329201414,0.39326461613493774
ot,3,124,0.6927007113801652,0.4015588827229861
ot,4,124,0.726547202616558,0.3642267483989553
ot,0,125,0.724950445427173,0.38703819283600344
ot,1,125,0.7353188745402348,0.3534971045520579
ot,2,125,0.7322479852360572,0.3958156043758126
ot,3,125,0.6964268101557987,0.39996353311447286
ot,4,125,0.7241507404803531,0.3634546116169602
ot,0,126,0.7283690118009235,0.3848620644570266
ot,1,126,0.7365069281768566,0.3519626348731607
ot,2,126,0.7301600870217906,0.3982866874279744
ot,3,126,0.698789194535019,0.4000218551950018
ot,4,126,0.7208808646624107,0.3628001209327856
ot,0,127,0.7306684889200166,0.3831578583587641
ot,1,127,0.7394651747260369,0.3503859245985128
ot,2,127,0.7265139926947292,0.400877410426838
ot,3,127,0.7012852772022256,0.40070012028665436
ot,4,127,0.7173055026983802,0.36258088807118494
ot,0,128,0.731891425239506,0.3819223436492185
ot,1,128,0.7426760557529019,0.3504649927871488
ot,2,128,0.7237876270087366,0.403696013827991
ot,3,128,0.7020127751552846,0.4013819567255788
ot,4,128,0.7139915765464506,0.36449694615149963
ot,0,129,0.7325933582749774,0.38069194253963307
ot,1,129,0.7447528259833437,0.3501344042438458
ot,2,129,0.7213683960973539,0.4054347097153608
ot,3,129,0.7039080339917128,0.40400531949525514
ot,4,129,0.7106718920378923,0.3669855395914311
ot,0,130,0.7330501542463053,0.3798423409037171
ot,1,130,0.7473594701520201,0.34976837465491933
ot,2,130,0.7191289999874935,0.4080436699587137
ot,3,130,0.705563289162442,0.4082939598296846
ot,4,130,0.7074631274274925,0.3694436852962282
ot,0,131,0.7335444688687272,0.3792379385265126
ot,1,131,0.7508121507392185,0.3490279807270425
ot,2,131,0.716850879375276,0.4104383027417239
ot,3,131,0.7071349534384105,0.4117021877691077
ot,4,131,0.7041502682093108,0.37125126518331913
ot,0,132,0.7337096878356565,0.3800318746691936
ot,1,132,0.753732052167167,0.34936759043857596
ot,2,132,0.7132389360854975,0.41208591534405575
ot,3,132,0.708021027648656,0.4131773777098759
ot,4,132,0.7030572799627746,0.37277296335776905
ot,0,133,0.7335664605196156,0.3819646030706553
ot,1,133,0.756017373556542,0.3500964875111582
ot,2,133,0.7108752152660495,0.41216985534161305
ot,3,133,0.7094164551178358,0.41553454676523566
ot,4,133,0.7036824785852669,0.37529362317469456
ot,0,134,0.734223582835298,0.38518054034850335
ot,1,134,0.7583040680019788,0.34983810538701937
ot,2,134,0.7104812299845026,0.41318741005390747
ot,3,134,0.7101137295029144,0.41801124520654
ot,4,134,0.7052473960745456,0.378070299983969
ot,0,135,0.7335829264754892,0.38828911974548014
ot,1,135,0.7601635334049173,0.3493513852334906
ot,2,135,0.709205758946828,0.41570441003171865
ot,3,135,0.7099753723872121,0.42120201250656486
ot,4,135,0.7055451555980617,0.3824139459416752
ot,0,136,0.7336181354696457,0.3912994650712958
ot,1,136,0.7607245827850735,0.35084652032915736
ot,2,136,0.7080747719668365,0.41765079767378366
ot,3,136,0.7087681402040964,0.42433680125804163
ot,4,136,0.7057126233677169,0.386389520790558
ot,0,137,0.73346428154618,0.39299015664705134
ot,1,137,0.7586816271406157,0.35245578012550577
ot,2,137,0.7080408315382154,0.41921748978818973
ot,3,137,0.7079606110029174,0.4261573932380793
ot,4,137,0.7083728024284992,0.3916944347951081
ot,0,138,0.7345781117088124,0.39570383437720236
ot,1,138,0.7561882375339335,0.3534811006923721
ot,2,138,0.7072857404854428,0.42194575151386676
ot,3,138,0.7075599146993303,0.42741259556810623
ot,4,138,0.7128486501608232,0.39605785837970986
ot,0,139,0.7342547640850471,0.3983382587014402
ot,1,139,0.7556809380655805,0.353177885365877
ot,2,139,0.7067560004523026,0.42500577793179384
ot,3,139,0.7084273451053609,0.42850136679342105
ot,4,139,0.7181457939982219,0.39924199784981496
ot,0,140,0.733542231127144,0.40040572813330255
ot,1,140,0.7567342765051999,0.3519377223694089
ot,2,140,0.7070219644477564,0.42719546925856955
ot,3,140,0.7084842343890659,0.4302233396353427
ot,4,140,0.722116681434747,0.40175000662264154
ot,0,141,0.7331450297062433,0.4018602197774949
ot,1,141,0.7569772466682028,0.3502352909087299
ot,2,141,0.7083950133452735,0.4308278455643557
ot,3,141,0.7081552928865329,0.43291752162665514
ot,4,141,0.7252397642431183,0.40275256792279257
ot,0,142,0.7317510475222047,0.402589779676492
ot,1,142,0.7581654470860685,0.34975671201446074
ot,2,142,0.7121687233200688,0.43307141388006665
ot,3,142,0.7071675681771066,0.432614453657668
ot,4,142,0.7270491986966576,0.4039038909962331
ot,0,143,0.7306317895419074,0.40324200292035023
ot,1,143,0.7584887056944062,0.34938109791353666
ot,2,143,0.7155595248884296,0.434417649974983
ot,3,143,0.7072758246123811,0.4313935319178489
ot,4,143,0.7282381684571609,0.40435535072701834
ot,0,144,0.7292016767305122,0.40257820368829494
ot,1,144,0.7589721434295649,0.34995029631193114
ot,2,144,0.7194903640026983,0.4357998329011067
ot,3,144,0.7072808360004466,0.4293569837400116
ot,4,144,0.7293815567774823,0.40459524750410836
ot,0,145,0.727922577357171,0.4015217629771667
ot,1,145,0.7586288831563684,0.3509263457717347
ot,2,145,0.7222469608570772,0.4359603695684166
ot,3,145,0.7043702816859214,0.42599209781171504
ot,4,145,0.7291313966628205,0.40597001066437177
ot,0,146,0.7267547647765304,0.4010363390776892
ot,1,146,0.7549311773616121,0.3511417295567633
ot,2,146,0.7264306932428584,0.4353031199504919
ot,3,146,0.7036693861683697,0.42195538025091756
ot,4,146,0.728596520384239,0.40449178475649716
ot,0,147,0.7252383099127192,0.4007705405325776
ot,1,147,0.7496418526941436,0.3515789127495052
ot,2,147,0.7291287385185216,0.43382337467094395
ot,3,147,0.7024693855382211,0.4165614722846865
ot,4,147,0.7280801752245541,0.40132230567659716
ot,0,148,0.7242492240727583,0.39951625480073666
ot,1,148,0.7447531643643356,0.3534579132700906
ot,2,148,0.7328597112679485,0.43069210990886386
ot,3,148,0.701088803204301,0.411187518728235
ot,4,148,0.7276244542560528,0.39599606526172565
ot,0,149,0.7230732040286771,0.39786323368764515
ot,1,149,0.7391995459998636,0.3570593223240711
ot,2,149,0.7353522488962895,0.42773187751441655
ot,3,149,0.6994692767787606,0.40587381317172444
ot,4,149,0.7275650372345226,0.3908364663235425
ot,0,150,0.7216938362049669,0.3966693946686609
ot,1,150,0.7332831571230543,0.3604040864843986
ot,2,150,0.7369781258631098,0.4245312593460965
ot,3,150,0.698808464415757,0.40245222390784796
ot,4,150,0.7276167289098037,0.3853916020780484
