theta_1,theta_2,log_likelihood
0.0,0.0,-344.30681019406893
0.0,0.0125,-343.98203336905317
0.0,0.025,-343.6672923072928
0.0,0.037500000000000006,-343.3626674856074
0.0,0.05,-343.0682388725726
0.0,0.0625,-342.78408589837727
0.0,0.07500000000000001,-342.5102874232386
0.0,0.08750000000000001,-342.24692170436145
0.0,0.1,-341.99406636142936
0.0,0.1125,-341.7517983406264
0.0,0.125,-341.52019387718553
0.0,0.1375,-341.2993284564633
0.0,0.15000000000000002,-341.089276773546
0.0,0.1625,-340.8901126913966
0.0,0.17500000000000002,-340.7019091975558
0.0,0.1875,-340.5247383594074
0.0,0.2,-340.3586712780382
0.0,0.21250000000000002,-340.20377804070495
0.0,0.225,-340.0601276719513
0.0,0.23750000000000002,-339.92778808339074
0.0,0.25,-339.8068260222092
0.0,0.2625,-339.6973070184165
0.0,0.275,-339.5992953309019
0.0,0.28750000000000003,-339.5128538923363
0.0,0.30000000000000004,-339.4380442529835
0.0,0.3125,-339.37492652347487
0.0,0.325,-339.32355931661374
0.0,0.3375,-339.28399968827705
0.0,0.35000000000000003,-339.2563030774878
0.0,0.36250000000000004,-339.2405232457354
0.0,0.375,-339.236712215623
0.0,0.3875,-339.24492020893115
0.0,0.4,-339.26519558418386
0.0,0.41250000000000003,-339.29758477381216
0.0,0.42500000000000004,-339.3421322210135
0.0,0.4375,-339.3988803164017
0.0,0.45,-339.4678693345626
0.0,0.4625,-339.5491373706117
0.0,0.47500000000000003,-339.64272027687196
0.0,0.48750000000000004,-339.74865159978026
0.0,0.5,-339.86696251714284
0.0,0.5125,-339.9976817758543
0.0,0.525,-340.1408356302031
0.0,0.5375,-340.2964477808847
0.0,0.5499999999999999,-340.46453931484467
0.0,0.5625,-340.64512864608207
0.0,0.575,-340.83823145753087
0.0,0.5875,-341.0438606441524
0.0,0.6,-341.262026257364
0.0,0.6124999999999999,-341.4927354509291
0.0,0.625,-341.73599242843346
0.0,0.6375,-341.9917983924795
0.0,0.65,-342.2601514957143
0.0,0.6625,-342.541046793821
0.0,0.6749999999999999,-342.83447620059036
0.0,0.6875,-343.14042844519184
0.0,0.7,-343.45888903176166
0.0,0.7125,-343.78984020141974
0.0,0.725,-344.1332608968229
0.0,0.7374999999999999,-344.48912672936603
0.0,0.75,-344.85740994912646
0.0,0.7625,-345.238079417654
0.0,0.775,-345.63110058369546
0.0,0.7875,-346.03643546194644
0.0,0.8,-346.4540426149071
0.0,0.8125,-346.8838771379229
0.0,0.825,-347.3258906474789
0.0,0.8375,-347.7800312728143
0.0,0.85,-348.2462436509128
0.0,0.8625,-348.7244689249227
0.0,0.875,-349.2146447460506
0.0,0.8875,-349.7167052789669
0.0,0.9,-350.2305812107523
0.0,0.9125,-350.7561997634113
0.0,0.925,-351.2934847099641
0.0,0.9375,-351.84235639413055
0.0,0.95,-352.4027317536015
0.0,0.9625,-352.9745243468957
0.0,0.975,-353.5576443837815
0.0,0.9875,-354.15199875924674
0.0,1.0,-354.757491090985
0.0125,0.0,-343.28507792335927
0.0125,0.0125,-342.96030109834334
0.0125,0.025,-342.6455600365827
0.0125,0.037500000000000006,-342.3409352148977
0.0125,0.05,-342.0465066018627
0.0125,0.0625,-341.76235362766715
0.0125,0.07500000000000001,-341.4885551525288
0.0125,0.08750000000000001,-341.2251894336517
0.0125,0.1,-340.97233409071936
0.0125,0.1125,-340.73006606991663
0.0125,0.125,-340.4984616064757
0.0125,0.1375,-340.27759618575345
0.0125,0.15000000000000002,-340.0675445028361
0.0125,0.1625,-339.86838042068683
0.0125,0.17500000000000002,-339.68017692684583
0.0125,0.1875,-339.50300608869765
0.0125,0.2,-339.33693900732806
0.0125,0.21250000000000002,-339.1820457699951
0.0125,0.225,-339.03839540124136
0.0125,0.23750000000000002,-338.906055812681
0.0125,0.25,-338.78509375149935
0.0125,0.2625,-338.6755747477066
0.0125,0.275,-338.5775630601919
0.0125,0.28750000000000003,-338.49112162162646
0.0125,0.30000000000000004,-338.4163119822736
0.0125,0.3125,-338.35319425276504
0.0125,0.325,-338.3018270459039
0.0125,0.3375,-338.2622674175671
0.0125,0.35000000000000003,-338.23457080677804
0.0125,0.36250000000000004,-338.21879097502546
0.0125,0.375,-338.21497994491295
0.0125,0.3875,-338.22318793822126
0.0125,0.4,-338.2434633134738
0.0125,0.41250000000000003,-338.2758525031025
0.0125,0.42500000000000004,-338.3203999503037
0.0125,0.4375,-338.3771480456917
0.0125,0.45,-338.4461370638526
0.0125,0.4625,-338.52740509990167
0.0125,0.47500000000000003,-338.62098800616195
0.0125,0.48750000000000004,-338.72691932907037
0.0125,0.5,-338.84523024643295
0.0125,0.5125,-338.9759495051445
0.0125,0.525,-339.1191033594931
0.0125,0.5375,-339.2747155101747
0.0125,0.5499999999999999,-339.44280704413484
0.0125,0.5625,-339.6233963753724
0.0125,0.575,-339.8164991868209
0.0125,0.5875,-340.02212837344234
0.0125,0.6,-340.24029398665436
0.0125,0.6124999999999999,-340.4710031802191
0.0125,0.625,-340.71426015772363
0.0125,0.6375,-340.97006612176966
0.0125,0.65,-341.23841922500435
0.0125,0.6625,-341.51931452311123
0.0125,0.6749999999999999,-341.8127439298804
0.0125,0.6875,-342.1186961744821
0.0125,0.7,-342.43715676105194
0.0125,0.7125,-342.7681079307097
0.0125,0.725,-343.11152862611283
0.0125,0.7374999999999999,-343.4673944586561
0.0125,0.75,-343.83567767841663
0.0125,0.7625,-344.21634714694403
0.0125,0.775,-344.6093683129856
0.0125,0.7875,-345.0147031912366
0.0125,0.8,-345.4323103441972
0.0125,0.8125,-345.86214486721303
0.0125,0.825,-346.304158376769
0.0125,0.8375,-346.7582990021046
0.0125,0.85,-347.2245113802029
0.0125,0.8625,-347.70273665421297
0.0125,0.875,-348.1929124753405
0.0125,0.8875,-348.6949730082569
0.0125,0.9,-349.2088489400424
0.0125,0.9125,-349.73446749270136
0.0125,0.925,-350.2717524392542
0.0125,0.9375,-350.82062412342043
0.0125,0.95,-351.38099948289164
0.0125,0.9625,-351.9527920761859
0.0125,0.975,-352.53591211307145
0.0125,0.9875,-353.13026648853673
0.0125,1.0,-353.73575882027507
0.025,0.0,-342.2748697785983
0.025,0.0125,-341.95009295358267
0.025,0.025,-341.635351891822
0.025,0.037500000000000006,-341.33072707013685
0.025,0.05,-341.0362984571017
0.025,0.0625,-340.7521454829063
0.025,0.07500000000000001,-340.47834700776787
0.025,0.08750000000000001,-340.21498128889084
0.025,0.1,-339.9621259459588
0.025,0.1125,-339.7198579251555
0.025,0.125,-339.488253461715
0.025,0.1375,-339.26738804099256
0.025,0.15000000000000002,-339.0573363580751
0.025,0.1625,-338.85817227592594
0.025,0.17500000000000002,-338.66996878208505
0.025,0.1875,-338.4927979439367
0.025,0.2,-338.3267308625673
0.025,0.21250000000000002,-338.1718376252343
0.025,0.225,-338.02818725648046
0.025,0.23750000000000002,-337.8958476679202
0.025,0.25,-337.7748856067384
0.025,0.2625,-337.6653666029457
0.025,0.275,-337.5673549154312
0.025,0.28750000000000003,-337.48091347686534
0.025,0.30000000000000004,-337.4061038375127
0.025,0.3125,-337.3429861080042
0.025,0.325,-337.29161890114307
0.025,0.3375,-337.25205927280626
0.025,0.35000000000000003,-337.22436266201703
0.025,0.36250000000000004,-337.2085828302645
0.025,0.375,-337.2047718001522
0.025,0.3875,-337.21297979346025
0.025,0.4,-337.2332551687129
0.025,0.41250000000000003,-337.2656443583416
0.025,0.42500000000000004,-337.3101918055426
0.025,0.4375,-337.36693990093084
0.025,0.45,-337.43592891909185
0.025,0.4625,-337.517196955141
0.025,0.47500000000000003,-337.61077986140106
0.025,0.48750000000000004,-337.7167111843096
0.025,0.5,-337.835022101672
0.025,0.5125,-337.9657413603836
0.025,0.525,-338.1088952147324
0.025,0.5375,-338.26450736541386
0.025,0.5499999999999999,-338.43259889937394
0.025,0.5625,-338.61318823061134
0.025,0.575,-338.80629104205997
0.025,0.5875,-339.0119202286816
0.025,0.6,-339.2300858418933
0.025,0.6124999999999999,-339.4607950354584
0.025,0.625,-339.70405201296273
0.025,0.6375,-339.95985797700877
0.025,0.65,-340.2282110802436
0.025,0.6625,-340.5091063783504
0.025,0.6749999999999999,-340.8025357851195
0.025,0.6875,-341.1084880297211
0.025,0.7,-341.4269486162911
0.025,0.7125,-341.7578997859488
0.025,0.725,-342.10132048135205
0.025,0.7374999999999999,-342.4571863138952
0.025,0.75,-342.8254695336556
0.025,0.7625,-343.20613900218314
0.025,0.775,-343.59916016822467
0.025,0.7875,-344.00449504647565
0.025,0.8,-344.4221021994363
0.025,0.8125,-344.851936722452
0.025,0.825,-345.2939502320081
0.025,0.8375,-345.7480908573436
0.025,0.85,-346.21430323544206
0.025,0.8625,-346.6925285094518
0.025,0.875,-347.1827043305796
0.025,0.8875,-347.6847648634959
0.025,0.9,-348.19864079528145
0.025,0.9125,-348.7242593479406
0.025,0.925,-349.2615442944932
0.025,0.9375,-349.8104159786598
0.025,0.95,-350.37079133813086
0.025,0.9625,-350.94258393142496
0.025,0.975,-351.52570396831067
0.025,0.9875,-352.120058343776
0.025,1.0,-352.7255506755141
0.037500000000000006,0.0,-341.2764356468336
0.037500000000000006,0.0125,-340.951658821818
0.037500000000000006,0.025,-340.63691776005754
0.037500000000000006,0.037500000000000006,-340.33229293837223
0.037500000000000006,0.05,-340.03786432533724
0.037500000000000006,0.0625,-339.7537113511418
0.037500000000000006,0.07500000000000001,-339.4799128760032
0.037500000000000006,0.08750000000000001,-339.2165471571263
0.037500000000000006,0.1,-338.9636918141942
0.037500000000000006,0.1125,-338.72142379339107
0.037500000000000006,0.125,-338.48981932995025
0.037500000000000006,0.1375,-338.268953909228
0.037500000000000006,0.15000000000000002,-338.0589022263106
0.037500000000000006,0.1625,-337.85973814416144
0.037500000000000006,0.17500000000000002,-337.67153465032067
0.037500000000000006,0.1875,-337.49436381217237
0.037500000000000006,0.2,-337.3282967308028
0.037500000000000006,0.21250000000000002,-337.1734034934698
0.037500000000000006,0.225,-337.0297531247161
0.037500000000000006,0.23750000000000002,-336.8974135361557
0.037500000000000006,0.25,-336.77645147497384
0.037500000000000006,0.2625,-336.6669324711814
0.037500000000000006,0.275,-336.56892078366656
0.037500000000000006,0.28750000000000003,-336.4824793451011
0.037500000000000006,0.30000000000000004,-336.4076697057483
0.037500000000000006,0.3125,-336.34455197623976
0.037500000000000006,0.325,-336.29318476937857
0.037500000000000006,0.3375,-336.2536251410418
0.037500000000000006,0.35000000000000003,-336.2259285302526
0.037500000000000006,0.36250000000000004,-336.21014869850006
0.037500000000000006,0.375,-336.20633766838773
0.037500000000000006,0.3875,-336.21454566169587
0.037500000000000006,0.4,-336.2348210369486
0.037500000000000006,0.41250000000000003,-336.26721022657705
0.037500000000000006,0.42500000000000004,-336.3117576737782
0.037500000000000006,0.4375,-336.3685057691664
0.037500000000000006,0.45,-336.4374947873271
0.037500000000000006,0.4625,-336.5187628233766
0.037500000000000006,0.47500000000000003,-336.6123457296367
0.037500000000000006,0.48750000000000004,-336.718277052545
0.037500000000000006,0.5,-336.8365879699075
0.037500000000000006,0.5125,-336.96730722861906
0.037500000000000006,0.525,-337.1104610829681
0.037500000000000006,0.5375,-337.2660732336494
0.037500000000000006,0.5499999999999999,-337.43416476760956
0.037500000000000006,0.5625,-337.6147540988471
0.037500000000000006,0.575,-337.80785691029564
0.037500000000000006,0.5875,-338.0134860969169
0.037500000000000006,0.6,-338.23165171012903
0.037500000000000006,0.6124999999999999,-338.46236090369393
0.037500000000000006,0.625,-338.7056178811981
0.037500000000000006,0.6375,-338.9614238452441
0.037500000000000006,0.65,-339.22977694847907
0.037500000000000006,0.6625,-339.5106722465857
0.037500000000000006,0.6749999999999999,-339.8041016533551
0.037500000000000006,0.6875,-340.11005389795656
0.037500000000000006,0.7,-340.4285144845267
0.037500000000000006,0.7125,-340.7594656541843
0.037500000000000006,0.725,-341.1028863495875
0.037500000000000006,0.7374999999999999,-341.4587521821307
0.037500000000000006,0.75,-341.82703540189124
0.037500000000000006,0.7625,-342.2077048704187
0.037500000000000006,0.775,-342.6007260364602
0.037500000000000006,0.7875,-343.00606091471116
0.037500000000000006,0.8,-343.4236680676719
0.037500000000000006,0.8125,-343.8535025906877
0.037500000000000006,0.825,-344.2955161002438
0.037500000000000006,0.8375,-344.74965672557914
0.037500000000000006,0.85,-345.21586910367773
0.037500000000000006,0.8625,-345.6940943776873
0.037500000000000006,0.875,-346.18427019881545
0.037500000000000006,0.8875,-346.6863307317315
0.037500000000000006,0.9,-347.2002066635169
0.037500000000000006,0.9125,-347.72582521617596
0.037500000000000006,0.925,-348.2631101627286
0.037500000000000006,0.9375,-348.8119818468952
0.037500000000000006,0.95,-349.37235720636625
0.037500000000000006,0.9625,-349.9441497996606
0.037500000000000006,0.975,-350.5272698365461
0.037500000000000006,0.9875,-351.12162421201145
0.037500000000000006,1.0,-351.7271165437497
0.05,0.0,-340.29002691971607
0.05,0.0125,-339.9652500947002
0.05,0.025,-339.65050903293985
0.05,0.037500000000000006,-339.34588421125454
0.05,0.05,-339.05145559821955
0.05,0.0625,-338.76730262402407
0.05,0.07500000000000001,-338.49350414888585
0.05,0.08750000000000001,-338.23013843000854
0.05,0.1,-337.97728308707644
0.05,0.1125,-337.7350150662735
0.05,0.125,-337.5034106028326
0.05,0.1375,-337.2825451821104
0.05,0.15000000000000002,-337.072493499193
0.05,0.1625,-336.87332941704375
0.05,0.17500000000000002,-336.68512592320286
0.05,0.1875,-336.50795508505456
0.05,0.2,-336.34188800368514
0.05,0.21250000000000002,-336.18699476635214
0.05,0.225,-336.04334439759833
0.05,0.23750000000000002,-335.91100480903776
0.05,0.25,-335.7900427478562
0.05,0.2625,-335.6805237440635
0.05,0.275,-335.5825120565488
0.05,0.28750000000000003,-335.49607061798326
0.05,0.30000000000000004,-335.42126097863047
0.05,0.3125,-335.358143249122
0.05,0.325,-335.3067760422607
0.05,0.3375,-335.267216413924
0.05,0.35000000000000003,-335.2395198031349
0.05,0.36250000000000004,-335.22373997138254
0.05,0.375,-335.21992894127004
0.05,0.3875,-335.2281369345782
0.05,0.4,-335.24841230983105
0.05,0.41250000000000003,-335.2808014994596
0.05,0.42500000000000004,-335.3253489466603
0.05,0.4375,-335.3820970420487
0.05,0.45,-335.4510860602095
0.05,0.4625,-335.53235409625864
0.05,0.47500000000000003,-335.6259370025191
0.05,0.48750000000000004,-335.7318683254273
0.05,0.5,-335.85017924278986
0.05,0.5125,-335.9808985015015
0.05,0.525,-336.12405235585027
0.05,0.5375,-336.27966450653156
0.05,0.5499999999999999,-336.44775604049204
0.05,0.5625,-336.6283453717293
0.05,0.575,-336.8214481831778
0.05,0.5875,-337.02707736979914
0.05,0.6,-337.245242983011
0.05,0.6124999999999999,-337.47595217657613
0.05,0.625,-337.71920915408066
0.05,0.6375,-337.9750151181265
0.05,0.65,-338.2433682213612
0.05,0.6625,-338.524263519468
0.05,0.6749999999999999,-338.8176929262375
0.05,0.6875,-339.123645170839
0.05,0.7,-339.4421057574088
0.05,0.7125,-339.77305692706665
0.05,0.725,-340.11647762246986
0.05,0.7374999999999999,-340.47234345501295
0.05,0.75,-340.8406266747736
0.05,0.7625,-341.2212961433009
0.05,0.775,-341.61431730934254
0.05,0.7875,-342.0196521875935
0.05,0.8,-342.43725934055425
0.05,0.8125,-342.86709386356983
0.05,0.825,-343.3091073731259
0.05,0.8375,-343.76324799846157
0.05,0.85,-344.22946037655987
0.05,0.8625,-344.70768565056983
0.05,0.875,-345.19786147169765
0.05,0.8875,-345.69992200461377
0.05,0.9,-346.2137979363994
0.05,0.9125,-346.73941648905816
0.05,0.925,-347.2767014356111
0.05,0.9375,-347.8255731197774
0.05,0.95,-348.3859484792486
0.05,0.9625,-348.9577410725427
0.05,0.975,-349.5408611094283
0.05,0.9875,-350.1352154848939
0.05,1.0,-350.7407078166319
0.0625,0.0,-339.31589638023854
0.0625,0.0125,-338.9911195552228
0.0625,0.025,-338.6763784934621
0.0625,0.037500000000000006,-338.3717536717769
0.0625,0.05,-338.0773250587418
0.0625,0.0625,-337.79317208454654
0.0625,0.07500000000000001,-337.5193736094082
0.0625,0.08750000000000001,-337.2560078905311
0.0625,0.1,-337.0031525475989
0.0625,0.1125,-336.7608845267961
0.0625,0.125,-336.5292800633551
0.0625,0.1375,-336.3084146426328
0.0625,0.15000000000000002,-336.0983629597153
0.0625,0.1625,-335.8991988775662
0.0625,0.17500000000000002,-335.7109953837252
0.0625,0.1875,-335.533824545577
0.0625,0.2,-335.3677574642075
0.0625,0.21250000000000002,-335.2128642268746
0.0625,0.225,-335.069213858121
0.0625,0.23750000000000002,-334.9368742695603
0.0625,0.25,-334.8159122083786
0.0625,0.2625,-334.7063932045861
0.0625,0.275,-334.60838151707134
0.0625,0.28750000000000003,-334.5219400785059
0.0625,0.30000000000000004,-334.447130439153
0.0625,0.3125,-334.3840127096444
0.0625,0.325,-334.332645502783
0.0625,0.3375,-334.29308587444655
0.0625,0.35000000000000003,-334.2653892636573
0.0625,0.36250000000000004,-334.249609431905
0.0625,0.375,-334.2457984017925
0.0625,0.3875,-334.25400639510076
0.0625,0.4,-334.2742817703532
0.0625,0.41250000000000003,-334.306670959982
0.0625,0.42500000000000004,-334.35121840718307
0.0625,0.4375,-334.4079665025711
0.0625,0.45,-334.476955520732
0.0625,0.4625,-334.55822355678134
0.0625,0.47500000000000003,-334.6518064630415
0.0625,0.48750000000000004,-334.75773778594976
0.0625,0.5,-334.87604870331234
0.0625,0.5125,-335.0067679620238
0.0625,0.525,-335.14992181637274
0.0625,0.5375,-335.3055339670542
0.0625,0.5499999999999999,-335.4736255010142
0.0625,0.5625,-335.6542148322515
0.0625,0.575,-335.8473176437002
0.0625,0.5875,-336.0529468303219
0.0625,0.6,-336.27111244353364
0.0625,0.6124999999999999,-336.50182163709854
0.0625,0.625,-336.7450786146031
0.0625,0.6375,-337.0008845786489
0.0625,0.65,-337.26923768188374
0.0625,0.6625,-337.5501329799905
0.0625,0.6749999999999999,-337.8435623867601
0.0625,0.6875,-338.14951463136134
0.0625,0.7,-338.4679752179311
0.0625,0.7125,-338.79892638758906
0.0625,0.725,-339.1423470829922
0.0625,0.7374999999999999,-339.4982129155353
0.0625,0.75,-339.86649613529613
0.0625,0.7625,-340.24716560382336
0.0625,0.775,-340.64018676986495
0.0625,0.7875,-341.045521648116
0.0625,0.8,-341.46312880107666
0.0625,0.8125,-341.8929633240926
0.0625,0.825,-342.33497683364834
0.0625,0.8375,-342.789117458984
0.0625,0.85,-343.25532983708246
0.0625,0.8625,-343.7335551110923
0.0625,0.875,-344.22373093221995
0.0625,0.8875,-344.72579146513635
0.0625,0.9,-345.23966739692185
0.0625,0.9125,-345.76528594958086
0.0625,0.925,-346.30257089613355
0.0625,0.9375,-346.8514425802999
0.0625,0.95,-347.41181793977086
0.0625,0.9625,-347.98361053306513
0.0625,0.975,-348.5667305699511
0.0625,0.9875,-349.1610849454163
0.0625,1.0,-349.76657727715434
0.07500000000000001,0.0,-338.3542980846772
0.07500000000000001,0.0125,-338.0295212596615
0.07500000000000001,0.025,-337.714780197901
0.07500000000000001,0.037500000000000006,-337.41015537621587
0.07500000000000001,0.05,-337.11572676318076
0.07500000000000001,0.0625,-336.8315737889853
0.07500000000000001,0.07500000000000001,-336.557775313847
0.07500000000000001,0.08750000000000001,-336.29440959496986
0.07500000000000001,0.1,-336.04155425203743
0.07500000000000001,0.1125,-335.7992862312346
0.07500000000000001,0.125,-335.5676817677939
0.07500000000000001,0.1375,-335.34681634707175
0.07500000000000001,0.15000000000000002,-335.1367646641541
0.07500000000000001,0.1625,-334.937600582005
0.07500000000000001,0.17500000000000002,-334.74939708816396
0.07500000000000001,0.1875,-334.5722262500157
0.07500000000000001,0.2,-334.4061591686463
0.07500000000000001,0.21250000000000002,-334.2512659313133
0.07500000000000001,0.225,-334.1076155625595
0.07500000000000001,0.23750000000000002,-333.97527597399903
0.07500000000000001,0.25,-333.85431391281736
0.07500000000000001,0.2625,-333.7447949090248
0.07500000000000001,0.275,-333.6467832215102
0.07500000000000001,0.28750000000000003,-333.5603417829444
0.07500000000000001,0.30000000000000004,-333.48553214359146
0.07500000000000001,0.3125,-333.4224144140833
0.07500000000000001,0.325,-333.371047207222
0.07500000000000001,0.3375,-333.33148757888523
0.07500000000000001,0.35000000000000003,-333.30379096809605
0.07500000000000001,0.36250000000000004,-333.28801113634387
0.07500000000000001,0.375,-333.28420010623114
0.07500000000000001,0.3875,-333.29240809953944
0.07500000000000001,0.4,-333.312683474792
0.07500000000000001,0.41250000000000003,-333.3450726644207
0.07500000000000001,0.42500000000000004,-333.3896201116217
0.07500000000000001,0.4375,-333.4463682070097
0.07500000000000001,0.45,-333.5153572251707
0.07500000000000001,0.4625,-333.59662526121997
0.07500000000000001,0.47500000000000003,-333.6902081674803
0.07500000000000001,0.48750000000000004,-333.79613949038855
0.07500000000000001,0.5,-333.9144504077512
0.07500000000000001,0.5125,-334.04516966646247
0.07500000000000001,0.525,-334.18832352081154
0.07500000000000001,0.5375,-334.3439356714929
0.07500000000000001,0.5499999999999999,-334.51202720545314
0.07500000000000001,0.5625,-334.6926165366905
0.07500000000000001,0.575,-334.88571934813905
0.07500000000000001,0.5875,-335.0913485347606
0.07500000000000001,0.6,-335.3095141479724
0.07500000000000001,0.6124999999999999,-335.5402233415372
0.07500000000000001,0.625,-335.7834803190416
0.07500000000000001,0.6375,-336.03928628308756
0.07500000000000001,0.65,-336.30763938632253
0.07500000000000001,0.6625,-336.58853468442925
0.07500000000000001,0.6749999999999999,-336.8819640911987
0.07500000000000001,0.6875,-337.18791633579997
0.07500000000000001,0.7,-337.50637692236995
0.07500000000000001,0.7125,-337.83732809202786
0.07500000000000001,0.725,-338.180748787431
0.07500000000000001,0.7374999999999999,-338.5366146199743
0.07500000000000001,0.75,-338.9048978397348
0.07500000000000001,0.7625,-339.2855673082624
0.07500000000000001,0.775,-339.67858847430375
0.07500000000000001,0.7875,-340.08392335255456
0.07500000000000001,0.8,-340.50153050551546
0.07500000000000001,0.8125,-340.93136502853116
0.07500000000000001,0.825,-341.3733785380869
0.07500000000000001,0.8375,-341.8275191634225
0.07500000000000001,0.85,-342.29373154152097
0.07500000000000001,0.8625,-342.7719568155309
0.07500000000000001,0.875,-343.26213263665886
0.07500000000000001,0.8875,-343.76419316957504
0.07500000000000001,0.9,-344.27806910136053
0.07500000000000001,0.9125,-344.8036876540195
0.07500000000000001,0.925,-345.3409726005721
0.07500000000000001,0.9375,-345.88984428473856
0.07500000000000001,0.95,-346.45021964420965
0.07500000000000001,0.9625,-347.0220122375038
0.07500000000000001,0.975,-347.6051322743897
0.07500000000000001,0.9875,-348.1994866498551
0.07500000000000001,1.0,-348.80497898159314
0.08750000000000001,0.0,-337.4054872397598
0.08750000000000001,0.0125,-337.0807104147441
0.08750000000000001,0.025,-336.7659693529838
0.08750000000000001,0.037500000000000006,-336.4613445312985
0.08750000000000001,0.05,-336.1669159182634
0.08750000000000001,0.0625,-335.88276294406825
0.08750000000000001,0.07500000000000001,-335.6089644689297
0.08750000000000001,0.08750000000000001,-335.3455987500526
0.08750000000000001,0.1,-335.0927434071203
0.08750000000000001,0.1125,-334.85047538631744
0.08750000000000001,0.125,-334.6188709228765
0.08750000000000001,0.1375,-334.39800550215426
0.08750000000000001,0.15000000000000002,-334.18795381923684
0.08750000000000001,0.1625,-333.98878973708764
0.08750000000000001,0.17500000000000002,-333.8005862432468
0.08750000000000001,0.1875,-333.6234154050987
0.08750000000000001,0.2,-333.457348323729
0.08750000000000001,0.21250000000000002,-333.302455086396
0.08750000000000001,0.225,-333.15880471764206
0.08750000000000001,0.23750000000000002,-333.0264651290818
0.08750000000000001,0.25,-332.9055030679002
0.08750000000000001,0.2625,-332.79598406410764
0.08750000000000001,0.275,-332.6979723765927
0.08750000000000001,0.28750000000000003,-332.6115309380272
0.08750000000000001,0.30000000000000004,-332.5367212986745
0.08750000000000001,0.3125,-332.4736035691658
0.08750000000000001,0.325,-332.42223636230455
0.08750000000000001,0.3375,-332.3826767339679
0.08750000000000001,0.35000000000000003,-332.35498012317885
0.08750000000000001,0.36250000000000004,-332.3392002914265
0.08750000000000001,0.375,-332.33538926131394
0.08750000000000001,0.3875,-332.34359725462224
0.08750000000000001,0.4,-332.3638726298748
0.08750000000000001,0.41250000000000003,-332.3962618195033
0.08750000000000001,0.42500000000000004,-332.44080926670443
0.08750000000000001,0.4375,-332.49755736209266
0.08750000000000001,0.45,-332.5665463802534
0.08750000000000001,0.4625,-332.6478144163028
0.08750000000000001,0.47500000000000003,-332.74139732256293
0.08750000000000001,0.48750000000000004,-332.8473286454713
0.08750000000000001,0.5,-332.9656395628337
0.08750000000000001,0.5125,-333.0963588215452
0.08750000000000001,0.525,-333.2395126758941
0.08750000000000001,0.5375,-333.3951248265757
0.08750000000000001,0.5499999999999999,-333.56321636053576
0.08750000000000001,0.5625,-333.743805691773
0.08750000000000001,0.575,-333.9369085032217
0.08750000000000001,0.5875,-334.14253768984327
0.08750000000000001,0.6,-334.36070330305506
0.08750000000000001,0.6124999999999999,-334.59141249662
0.08750000000000001,0.625,-334.8346694741244
0.08750000000000001,0.6375,-335.0904754381705
0.08750000000000001,0.65,-335.3588285414054
0.08750000000000001,0.6625,-335.63972383951216
0.08750000000000001,0.6749999999999999,-335.93315324628145
0.08750000000000001,0.6875,-336.23910549088276
0.08750000000000001,0.7,-336.55756607745275
0.08750000000000001,0.7125,-336.8885172471105
0.08750000000000001,0.725,-337.2319379425138
0.08750000000000001,0.7374999999999999,-337.58780377505684
0.08750000000000001,0.75,-337.9560869948174
0.08750000000000001,0.7625,-338.3367564633447
0.08750000000000001,0.775,-338.7297776293865
0.08750000000000001,0.7875,-339.13511250763764
0.08750000000000001,0.8,-339.55271966059803
0.08750000000000001,0.8125,-339.9825541836139
0.08750000000000001,0.825,-340.42456769317016
0.08750000000000001,0.8375,-340.8787083185053
0.08750000000000001,0.85,-341.3449206966039
0.08750000000000001,0.8625,-341.8231459706138
0.08750000000000001,0.875,-342.3133217917413
0.08750000000000001,0.8875,-342.81538232465783
0.08750000000000001,0.9,-343.3292582564433
0.08750000000000001,0.9125,-343.8548768091023
0.08750000000000001,0.925,-344.3921617556552
0.08750000000000001,0.9375,-344.94103343982135
0.08750000000000001,0.95,-345.5014087992925
0.08750000000000001,0.9625,-346.0732013925866
0.08750000000000001,0.975,-346.65632142947237
0.08750000000000001,0.9875,-347.2506758049378
0.08750000000000001,1.0,-347.856168136676
0.1,0.0,-336.4697200751018
0.1,0.0125,-336.1449432500862
0.1,0.025,-335.83020218832564
0.1,0.037500000000000006,-335.52557736664056
0.1,0.05,-335.2311487536055
0.1,0.0625,-334.94699577941
0.1,0.07500000000000001,-334.6731973042718
0.1,0.08750000000000001,-334.40983158539456
0.1,0.1,-334.1569762424623
0.1,0.1125,-333.91470822165934
0.1,0.125,-333.6831037582186
0.1,0.1375,-333.4622383374962
0.1,0.15000000000000002,-333.2521866545789
0.1,0.1625,-333.05302257242965
0.1,0.17500000000000002,-332.86481907858894
0.1,0.1875,-332.6876482404407
0.1,0.2,-332.521581159071
0.1,0.21250000000000002,-332.36668792173816
0.1,0.225,-332.2230375529842
0.1,0.23750000000000002,-332.0906979644236
0.1,0.25,-331.96973590324194
0.1,0.2625,-331.8602168994494
0.1,0.275,-331.762205211935
0.1,0.28750000000000003,-331.67576377336934
0.1,0.30000000000000004,-331.60095413401655
0.1,0.3125,-331.5378364045079
0.1,0.325,-331.4864691976466
0.1,0.3375,-331.44690956931004
0.1,0.35000000000000003,-331.41921295852086
0.1,0.36250000000000004,-331.4034331267686
0.1,0.375,-331.399622096656
0.1,0.3875,-331.40783008996414
0.1,0.4,-331.42810546521685
0.1,0.41250000000000003,-331.46049465484543
0.1,0.42500000000000004,-331.5050421020464
0.1,0.4375,-331.5617901974346
0.1,0.45,-331.6307792155954
0.1,0.4625,-331.71204725164444
0.1,0.47500000000000003,-331.80563015790483
0.1,0.48750000000000004,-331.9115614808133
0.1,0.5,-332.0298723981758
0.1,0.5125,-332.1605916568873
0.1,0.525,-332.3037455112361
0.1,0.5375,-332.4593576619175
0.1,0.5499999999999999,-332.62744919587783
0.1,0.5625,-332.80803852711506
0.1,0.575,-333.00114133856357
0.1,0.5875,-333.2067705251853
0.1,0.6,-333.4249361383971
0.1,0.6124999999999999,-333.6556453319621
0.1,0.625,-333.8989023094665
0.1,0.6375,-334.15470827351237
0.1,0.65,-334.4230613767472
0.1,0.6625,-334.7039566748542
0.1,0.6749999999999999,-334.99738608162335
0.1,0.6875,-335.30333832622466
0.1,0.7,-335.6217989127949
0.1,0.7125,-335.9527500824526
0.1,0.725,-336.2961707778557
0.1,0.7374999999999999,-336.652036610399
0.1,0.75,-337.02031983015956
0.1,0.7625,-337.4009892986869
0.1,0.775,-337.79401046472833
0.1,0.7875,-338.19934534297954
0.1,0.8,-338.6169524959402
0.1,0.8125,-339.04678701895574
0.1,0.825,-339.4888005285119
0.1,0.8375,-339.9429411538473
0.1,0.85,-340.4091535319459
0.1,0.8625,-340.88737880595545
0.1,0.875,-341.37755462708344
0.1,0.8875,-341.8796151599998
0.1,0.9,-342.3934910917852
0.1,0.9125,-342.91910964444423
0.1,0.925,-343.45639459099704
0.1,0.9375,-344.0052662751633
0.1,0.95,-344.5656416346345
0.1,0.9625,-345.1374342279288
0.1,0.975,-345.72055426481427
0.1,0.9875,-346.31490864027967
0.1,1.0,-346.9204009720178
0.1125,0.0,-335.5472537109553
0.1125,0.0125,-335.2224768859395
0.1125,0.025,-334.90773582417904
0.1125,0.037500000000000006,-334.60311100249385
0.1125,0.05,-334.30868238945897
0.1125,0.0625,-334.0245294152634
0.1125,0.07500000000000001,-333.750730940125
0.1125,0.08750000000000001,-333.48736522124796
0.1125,0.1,-333.23450987831586
0.1125,0.1125,-332.9922418575127
0.1125,0.125,-332.7606373940719
0.1125,0.1375,-332.5397719733496
0.1125,0.15000000000000002,-332.32972029043214
0.1125,0.1625,-332.1305562082831
0.1125,0.17500000000000002,-331.9423527144423
0.1125,0.1875,-331.7651818762938
0.1125,0.2,-331.5991147949244
0.1125,0.21250000000000002,-331.44422155759145
0.1125,0.225,-331.30057118883775
0.1125,0.23750000000000002,-331.16823160027707
0.1125,0.25,-331.0472695390955
0.1125,0.2625,-330.9377505353029
0.1125,0.275,-330.8397388477881
0.1125,0.28750000000000003,-330.75329740922245
0.1125,0.30000000000000004,-330.6784877698699
0.1125,0.3125,-330.6153700403612
0.1125,0.325,-330.56400283350007
0.1125,0.3375,-330.5244432051633
0.1125,0.35000000000000003,-330.4967465943744
0.1125,0.36250000000000004,-330.4809667626216
0.1125,0.375,-330.4771557325094
0.1125,0.3875,-330.4853637258174
0.1125,0.4,-330.50563910107
0.1125,0.41250000000000003,-330.53802829069866
0.1125,0.42500000000000004,-330.58257573789996
0.1125,0.4375,-330.63932383328796
0.1125,0.45,-330.7083128514489
0.1125,0.4625,-330.789580887498
0.1125,0.47500000000000003,-330.8831637937583
0.1125,0.48750000000000004,-330.9890951166667
0.1125,0.5,-331.1074060340293
0.1125,0.5125,-331.2381252927406
0.1125,0.525,-331.3812791470896
0.1125,0.5375,-331.5368912977711
0.1125,0.5499999999999999,-331.70498283173123
0.1125,0.5625,-331.88557216296846
0.1125,0.575,-332.0786749744169
0.1125,0.5875,-332.2843041610387
0.1125,0.6,-332.50246977425064
0.1125,0.6124999999999999,-332.7331789678156
0.1125,0.625,-332.9764359453197
0.1125,0.6375,-333.2322419093659
0.1125,0.65,-333.5005950126006
0.1125,0.6625,-333.7814903107074
0.1125,0.6749999999999999,-334.07491971747675
0.1125,0.6875,-334.3808719620781
0.1125,0.7,-334.699332548648
0.1125,0.7125,-335.0302837183059
0.1125,0.725,-335.3737044137091
0.1125,0.7374999999999999,-335.7295702462522
0.1125,0.75,-336.0978534660128
0.1125,0.7625,-336.47852293454025
0.1125,0.775,-336.8715441005819
0.1125,0.7875,-337.2768789788329
0.1125,0.8,-337.69448613179367
0.1125,0.8125,-338.1243206548094
0.1125,0.825,-338.56633416436546
0.1125,0.8375,-339.02047478970076
0.1125,0.85,-339.4866871677991
0.1125,0.8625,-339.96491244180896
0.1125,0.875,-340.45508826293684
0.1125,0.8875,-340.9571487958531
0.1125,0.9,-341.4710247276388
0.1125,0.9125,-341.9966432802975
0.1125,0.925,-342.53392822685043
0.1125,0.9375,-343.0827999110168
0.1125,0.95,-343.64317527048786
0.1125,0.9625,-344.2149678637822
0.1125,0.975,-344.7980879006677
0.1125,0.9875,-345.392442276133
0.1125,1.0,-345.99793460787146
0.125,0.0,-334.6383460213273
0.125,0.0125,-334.3135691963117
0.125,0.025,-333.9988281345513
0.125,0.037500000000000006,-333.694203312866
0.125,0.05,-333.399774699831
0.125,0.0625,-333.11562172563566
0.125,0.07500000000000001,-332.8418232504973
0.125,0.08750000000000001,-332.57845753162013
0.125,0.1,-332.32560218868787
0.125,0.1125,-332.0833341678849
0.125,0.125,-331.85172970444415
0.125,0.1375,-331.63086428372173
0.125,0.15000000000000002,-331.42081260080437
0.125,0.1625,-331.22164851865523
0.125,0.17500000000000002,-331.03344502481434
0.125,0.1875,-330.85627418666616
0.125,0.2,-330.6902071052964
0.125,0.21250000000000002,-330.5353138679635
0.125,0.225,-330.3916634992097
0.125,0.23750000000000002,-330.2593239106492
0.125,0.25,-330.13836184946746
0.125,0.2625,-330.02884284567494
0.125,0.275,-329.9308311581603
0.125,0.28750000000000003,-329.8443897195948
0.125,0.30000000000000004,-329.76958008024206
0.125,0.3125,-329.7064623507333
0.125,0.325,-329.6550951438722
0.125,0.3375,-329.61553551553544
0.125,0.35000000000000003,-329.58783890474626
0.125,0.36250000000000004,-329.5720590729939
0.125,0.375,-329.56824804288146
0.125,0.3875,-329.57645603618954
0.125,0.4,-329.5967314114424
0.125,0.41250000000000003,-329.62912060107084
0.125,0.42500000000000004,-329.67366804827196
0.125,0.4375,-329.73041614366014
0.125,0.45,-329.79940516182097
0.125,0.4625,-329.88067319787024
0.125,0.47500000000000003,-329.97425610413035
0.125,0.48750000000000004,-330.08018742703894
0.125,0.5,-330.19849834440123
0.125,0.5125,-330.3292176031127
0.125,0.525,-330.4723714574618
0.125,0.5375,-330.6279836081434
0.125,0.5499999999999999,-330.79607514210323
0.125,0.5625,-330.97666447334063
0.125,0.575,-331.1697672847891
0.125,0.5875,-331.3753964714108
0.125,0.6,-331.5935620846227
0.125,0.6124999999999999,-331.82427127818755
0.125,0.625,-332.0675282556919
0.125,0.6375,-332.32333421973806
0.125,0.65,-332.5916873229729
0.125,0.6625,-332.87258262107974
0.125,0.6749999999999999,-333.166012027849
0.125,0.6875,-333.4719642724503
0.125,0.7,-333.7904248590203
0.125,0.7125,-334.121376028678
0.125,0.725,-334.4647967240813
0.125,0.7374999999999999,-334.82066255662437
0.125,0.75,-335.188945776385
0.125,0.7625,-335.5696152449125
0.125,0.775,-335.96263641095396
0.125,0.7875,-336.367971289205
0.125,0.8,-336.7855784421656
0.125,0.8125,-337.2154129651814
0.125,0.825,-337.65742647473746
0.125,0.8375,-338.111567100073
0.125,0.85,-338.5777794781713
0.125,0.8625,-339.0560047521812
0.125,0.875,-339.5461805733091
0.125,0.8875,-340.04824110622536
0.125,0.9,-340.5621170380107
0.125,0.9125,-341.0877355906697
0.125,0.925,-341.6250205372225
0.125,0.9375,-342.1738922213888
0.125,0.95,-342.73426758086003
0.125,0.9625,-343.30606017415414
0.125,0.975,-343.8891802110399
0.125,0.9875,-344.4835345865052
0.125,1.0,-345.0890269182434
0.1375,0.0,-333.74325549253376
0.1375,0.0125,-333.4184786675182
0.1375,0.025,-333.1037376057578
0.1375,0.037500000000000006,-332.7991127840725
0.1375,0.05,-332.50468417103747
0.1375,0.0625,-332.22053119684216
0.1375,0.07500000000000001,-331.94673272170365
0.1375,0.08750000000000001,-331.68336700282657
0.1375,0.1,-331.4305116598944
0.1375,0.1125,-331.18824363909124
0.1375,0.125,-330.9566391756507
0.1375,0.1375,-330.7357737549281
0.1375,0.15000000000000002,-330.52572207201075
0.1375,0.1625,-330.32655798986144
0.1375,0.17500000000000002,-330.13835449602084
0.1375,0.1875,-329.9611836578724
0.1375,0.2,-329.79511657650295
0.1375,0.21250000000000002,-329.64022333917006
0.1375,0.225,-329.49657297041625
0.1375,0.23750000000000002,-329.3642333818559
0.1375,0.25,-329.2432713206742
0.1375,0.2625,-329.1337523168816
0.1375,0.275,-329.03574062936667
0.1375,0.28750000000000003,-328.9492991908013
0.1375,0.30000000000000004,-328.87448955144845
0.1375,0.3125,-328.81137182194
0.1375,0.325,-328.7600046150788
0.1375,0.3375,-328.72044498674217
0.1375,0.35000000000000003,-328.69274837595293
0.1375,0.36250000000000004,-328.6769685442003
0.1375,0.375,-328.6731575140881
0.1375,0.3875,-328.68136550739604
0.1375,0.4,-328.70164088264903
0.1375,0.41250000000000003,-328.73403007227733
0.1375,0.42500000000000004,-328.7785775194783
0.1375,0.4375,-328.83532561486663
0.1375,0.45,-328.9043146330275
0.1375,0.4625,-328.98558266907685
0.1375,0.47500000000000003,-329.0791655753369
0.1375,0.48750000000000004,-329.18509689824526
0.1375,0.5,-329.3034078156078
0.1375,0.5125,-329.43412707431935
0.1375,0.525,-329.57728092866813
0.1375,0.5375,-329.7328930793494
0.1375,0.5499999999999999,-329.9009846133098
0.1375,0.5625,-330.0815739445471
0.1375,0.575,-330.2746767559957
0.1375,0.5875,-330.4803059426172
0.1375,0.6,-330.69847155582914
0.1375,0.6124999999999999,-330.92918074939394
0.1375,0.625,-331.1724377268984
0.1375,0.6375,-331.4282436909443
0.1375,0.65,-331.69659679417913
0.1375,0.6625,-331.9774920922862
0.1375,0.6749999999999999,-332.2709214990555
0.1375,0.6875,-332.57687374365696
0.1375,0.7,-332.8953343302268
0.1375,0.7125,-333.22628549988457
0.1375,0.725,-333.56970619528795
0.1375,0.7374999999999999,-333.925572027831
0.1375,0.75,-334.2938552475917
0.1375,0.7625,-334.6745247161191
0.1375,0.775,-335.0675458821605
0.1375,0.7875,-335.4728807604114
0.1375,0.8,-335.890487913372
0.1375,0.8125,-336.32032243638776
0.1375,0.825,-336.76233594594385
0.1375,0.8375,-337.21647657127954
0.1375,0.85,-337.68268894937773
0.1375,0.8625,-338.1609142233875
0.1375,0.875,-338.6510900445156
0.1375,0.8875,-339.15315057743163
0.1375,0.9,-339.66702650921724
0.1375,0.9125,-340.1926450618764
0.1375,0.925,-340.729930008429
0.1375,0.9375,-341.27880169259544
0.1375,0.95,-341.8391770520665
0.1375,0.9625,-342.4109696453609
0.1375,0.975,-342.99408968224634
0.1375,0.9875,-343.58844405771174
0.1375,1.0,-344.19393638944996
0.15000000000000002,0.0,-332.86224107725894
0.15000000000000002,0.0125,-332.53746425224307
0.15000000000000002,0.025,-332.22272319048267
0.15000000000000002,0.037500000000000006,-331.91809836879736
0.15000000000000002,0.05,-331.6236697557626
0.15000000000000002,0.0625,-331.33951678156706
0.15000000000000002,0.07500000000000001,-331.0657183064287
0.15000000000000002,0.08750000000000001,-330.8023525875515
0.15000000000000002,0.1,-330.54949724461926
0.15000000000000002,0.1125,-330.30722922381625
0.15000000000000002,0.125,-330.0756247603756
0.15000000000000002,0.1375,-329.85475933965307
0.15000000000000002,0.15000000000000002,-329.64470765673565
0.15000000000000002,0.1625,-329.4455435745867
0.15000000000000002,0.17500000000000002,-329.25734008074585
0.15000000000000002,0.1875,-329.0801692425975
0.15000000000000002,0.2,-328.9141021612277
0.15000000000000002,0.21250000000000002,-328.7592089238949
0.15000000000000002,0.225,-328.615558555141
0.15000000000000002,0.23750000000000002,-328.4832189665807
0.15000000000000002,0.25,-328.3622569053991
0.15000000000000002,0.2625,-328.25273790160645
0.15000000000000002,0.275,-328.15472621409157
0.15000000000000002,0.28750000000000003,-328.0682847755262
0.15000000000000002,0.30000000000000004,-327.99347513617334
0.15000000000000002,0.3125,-327.9303574066647
0.15000000000000002,0.325,-327.87899019980364
0.15000000000000002,0.3375,-327.83943057146695
0.15000000000000002,0.35000000000000003,-327.8117339606778
0.15000000000000002,0.36250000000000004,-327.7959541289254
0.15000000000000002,0.375,-327.79214309881297
0.15000000000000002,0.3875,-327.80035109212093
0.15000000000000002,0.4,-327.8206264673737
0.15000000000000002,0.41250000000000003,-327.85301565700206
0.15000000000000002,0.42500000000000004,-327.897563104203
0.15000000000000002,0.4375,-327.9543111995917
0.15000000000000002,0.45,-328.0233002177522
0.15000000000000002,0.4625,-328.1045682538017
0.15000000000000002,0.47500000000000003,-328.1981511600618
0.15000000000000002,0.48750000000000004,-328.3040824829702
0.15000000000000002,0.5,-328.4223934003327
0.15000000000000002,0.5125,-328.55311265904425
0.15000000000000002,0.525,-328.6962665133933
0.15000000000000002,0.5375,-328.8518786640746
0.15000000000000002,0.5499999999999999,-329.01997019803474
0.15000000000000002,0.5625,-329.200559529272
0.15000000000000002,0.575,-329.39366234072065
0.15000000000000002,0.5875,-329.5992915273421
0.15000000000000002,0.6,-329.81745714055404
0.15000000000000002,0.6124999999999999,-330.0481663341191
0.15000000000000002,0.625,-330.2914233116233
0.15000000000000002,0.6375,-330.5472292756693
0.15000000000000002,0.65,-330.81558237890414
0.15000000000000002,0.6625,-331.0964776770111
0.15000000000000002,0.6749999999999999,-331.3899070837804
0.15000000000000002,0.6875,-331.6958593283821
0.15000000000000002,0.7,-332.0143199149518
0.15000000000000002,0.7125,-332.34527108460946
0.15000000000000002,0.725,-332.68869178001273
0.15000000000000002,0.7374999999999999,-333.04455761255576
0.15000000000000002,0.75,-333.4128408323164
0.15000000000000002,0.7625,-333.79351030084405
0.15000000000000002,0.775,-334.1865314668854
0.15000000000000002,0.7875,-334.5918663451364
0.15000000000000002,0.8,-335.0094734980971
0.15000000000000002,0.8125,-335.4393080211129
0.15000000000000002,0.825,-335.8813215306689
0.15000000000000002,0.8375,-336.3354621560041
0.15000000000000002,0.85,-336.80167453410274
0.15000000000000002,0.8625,-337.2798998081125
0.15000000000000002,0.875,-337.7700756292403
0.15000000000000002,0.8875,-338.27213616215676
0.15000000000000002,0.9,-338.78601209394213
0.15000000000000002,0.9125,-339.31163064660115
0.15000000000000002,0.925,-339.8489155931541
0.15000000000000002,0.9375,-340.3977872773203
0.15000000000000002,0.95,-340.9581626367915
0.15000000000000002,0.9625,-341.5299552300856
0.15000000000000002,0.975,-342.1130752669713
0.15000000000000002,0.9875,-342.70742964243675
0.15000000000000002,1.0,-343.31292197417474
0.1625,0.0,-331.99556204420765
0.1625,0.0125,-331.6707852191918
0.1625,0.025,-331.35604415743126
0.1625,0.037500000000000006,-331.051419335746
0.1625,0.05,-330.75699072271124
0.1625,0.0625,-330.47283774851576
0.1625,0.07500000000000001,-330.1990392733775
0.1625,0.08750000000000001,-329.93567355450006
0.1625,0.1,-329.6828182115679
0.1625,0.1125,-329.44055019076484
0.1625,0.125,-329.2089457273241
0.1625,0.1375,-328.98808030660194
0.1625,0.15000000000000002,-328.7780286236846
0.1625,0.1625,-328.5788645415354
0.1625,0.17500000000000002,-328.3906610476942
0.1625,0.1875,-328.21349020954614
0.1625,0.2,-328.0474231281766
0.1625,0.21250000000000002,-327.89252989084366
0.1625,0.225,-327.74887952208985
0.1625,0.23750000000000002,-327.6165399335295
0.1625,0.25,-327.49557787234755
0.1625,0.2625,-327.38605886855515
0.1625,0.275,-327.2880471810404
0.1625,0.28750000000000003,-327.20160574247484
0.1625,0.30000000000000004,-327.126796103122
0.1625,0.3125,-327.06367837361364
0.1625,0.325,-327.0123111667524
0.1625,0.3375,-326.9727515384156
0.1625,0.35000000000000003,-326.9450549276264
0.1625,0.36250000000000004,-326.92927509587395
0.1625,0.375,-326.9254640657615
0.1625,0.3875,-326.9336720590698
0.1625,0.4,-326.9539474343226
0.1625,0.41250000000000003,-326.98633662395105
0.1625,0.42500000000000004,-327.03088407115206
0.1625,0.4375,-327.0876321665404
0.1625,0.45,-327.15662118470095
0.1625,0.4625,-327.2378892207504
0.1625,0.47500000000000003,-327.3314721270104
0.1625,0.48750000000000004,-327.4374034499189
0.1625,0.5,-327.5557143672814
0.1625,0.5125,-327.68643362599283
0.1625,0.525,-327.82958748034184
0.1625,0.5375,-327.9851996310232
0.1625,0.5499999999999999,-328.15329116498344
0.1625,0.5625,-328.3338804962208
0.1625,0.575,-328.52698330766935
0.1625,0.5875,-328.7326124942909
0.1625,0.6,-328.95077810750286
0.1625,0.6124999999999999,-329.18148730106765
0.1625,0.625,-329.4247442785721
0.1625,0.6375,-329.6805502426181
0.1625,0.65,-329.94890334585284
0.1625,0.6625,-330.2297986439597
0.1625,0.6749999999999999,-330.52322805072896
0.1625,0.6875,-330.82918029533033
0.1625,0.7,-331.14764088190043
0.1625,0.7125,-331.47859205155834
0.1625,0.725,-331.82201274696143
0.1625,0.7374999999999999,-332.1778785795045
0.1625,0.75,-332.546161799265
0.1625,0.7625,-332.9268312677925
0.1625,0.775,-333.319852433834
0.1625,0.7875,-333.7251873120851
0.1625,0.8,-334.1427944650457
0.1625,0.8125,-334.57262898806147
0.1625,0.825,-335.01464249761744
0.1625,0.8375,-335.46878312295297
0.1625,0.85,-335.9349955010515
0.1625,0.8625,-336.41322077506123
0.1625,0.875,-336.90339659618917
0.1625,0.8875,-337.4054571291051
0.1625,0.9,-337.9193330608907
0.1625,0.9125,-338.44495161354985
0.1625,0.925,-338.9822365601026
0.1625,0.9375,-339.5311082442688
0.1625,0.95,-340.09148360374
0.1625,0.9625,-340.6632761970341
0.1625,0.975,-341.2463962339198
0.1625,0.9875,-341.8407506093853
0.1625,1.0,-342.44624294112356
0.17500000000000002,0.0,-331.1434778234442
0.17500000000000002,0.0125,-330.8187009984282
0.17500000000000002,0.025,-330.50395993666785
0.17500000000000002,0.037500000000000006,-330.1993351149826
0.17500000000000002,0.05,-329.9049065019477
0.17500000000000002,0.0625,-329.62075352775213
0.17500000000000002,0.07500000000000001,-329.3469550526139
0.17500000000000002,0.08750000000000001,-329.0835893337367
0.17500000000000002,0.1,-328.8307339908044
0.17500000000000002,0.1125,-328.5884659700015
0.17500000000000002,0.125,-328.35686150656085
0.17500000000000002,0.1375,-328.1359960858383
0.17500000000000002,0.15000000000000002,-327.92594440292106
0.17500000000000002,0.1625,-327.7267803207717
0.17500000000000002,0.17500000000000002,-327.53857682693103
0.17500000000000002,0.1875,-327.36140598878274
0.17500000000000002,0.2,-327.1953389074131
0.17500000000000002,0.21250000000000002,-327.0404456700801
0.17500000000000002,0.225,-326.8967953013264
0.17500000000000002,0.23750000000000002,-326.764455712766
0.17500000000000002,0.25,-326.6434936515843
0.17500000000000002,0.2625,-326.53397464779164
0.17500000000000002,0.275,-326.43596296027704
0.17500000000000002,0.28750000000000003,-326.34952152171127
0.17500000000000002,0.30000000000000004,-326.2747118823587
0.17500000000000002,0.3125,-326.21159415285
0.17500000000000002,0.325,-326.1602269459887
0.17500000000000002,0.3375,-326.120667317652
0.17500000000000002,0.35000000000000003,-326.0929707068629
0.17500000000000002,0.36250000000000004,-326.07719087511055
0.17500000000000002,0.375,-326.0733798449982
0.17500000000000002,0.3875,-326.0815878383064
0.17500000000000002,0.4,-326.1018632135589
0.17500000000000002,0.41250000000000003,-326.13425240318776
0.17500000000000002,0.42500000000000004,-326.17879985038854
0.17500000000000002,0.4375,-326.23554794577683
0.17500000000000002,0.45,-326.3045369639376
0.17500000000000002,0.4625,-326.3858049999868
0.17500000000000002,0.47500000000000003,-326.4793879062469
0.17500000000000002,0.48750000000000004,-326.58531922915535
0.17500000000000002,0.5,-326.7036301465179
0.17500000000000002,0.5125,-326.8343494052294
0.17500000000000002,0.525,-326.97750325957827
0.17500000000000002,0.5375,-327.13311541025973
0.17500000000000002,0.5499999999999999,-327.30120694422004
0.17500000000000002,0.5625,-327.4817962754575
0.17500000000000002,0.575,-327.6748990869058
0.17500000000000002,0.5875,-327.88052827352755
0.17500000000000002,0.6,-328.09869388673906
0.17500000000000002,0.6124999999999999,-328.32940308030413
0.17500000000000002,0.625,-328.5726600578085
0.17500000000000002,0.6375,-328.82846602185424
0.17500000000000002,0.65,-329.0968191250894
0.17500000000000002,0.6625,-329.3777144231962
0.17500000000000002,0.6749999999999999,-329.67114382996556
0.17500000000000002,0.6875,-329.9770960745668
0.17500000000000002,0.7,-330.2955566611368
0.17500000000000002,0.7125,-330.6265078307946
0.17500000000000002,0.725,-330.9699285261979
0.17500000000000002,0.7374999999999999,-331.3257943587412
0.17500000000000002,0.75,-331.6940775785016
0.17500000000000002,0.7625,-332.074747047029
0.17500000000000002,0.775,-332.4677682130705
0.17500000000000002,0.7875,-332.87310309132147
0.17500000000000002,0.8,-333.2907102442822
0.17500000000000002,0.8125,-333.7205447672979
0.17500000000000002,0.825,-334.16255827685416
0.17500000000000002,0.8375,-334.6166989021895
0.17500000000000002,0.85,-335.08291128028804
0.17500000000000002,0.8625,-335.5611365542977
0.17500000000000002,0.875,-336.0513123754256
0.17500000000000002,0.8875,-336.5533729083418
0.17500000000000002,0.9,-337.0672488401273
0.17500000000000002,0.9125,-337.5928673927863
0.17500000000000002,0.925,-338.1301523393392
0.17500000000000002,0.9375,-338.67902402350546
0.17500000000000002,0.95,-339.23939938297667
0.17500000000000002,0.9625,-339.81119197627066
0.17500000000000002,0.975,-340.3943120131564
0.17500000000000002,0.9875,-340.98866638862194
0.17500000000000002,1.0,-341.5941587203602
0.1875,0.0,-330.3062478475171
0.1875,0.0125,-329.98147102250147
0.1875,0.025,-329.66672996074107
0.1875,0.037500000000000006,-329.36210513905564
0.1875,0.05,-329.0676765260208
0.1875,0.0625,-328.7835235518253
0.1875,0.07500000000000001,-328.5097250766869
0.1875,0.08750000000000001,-328.2463593578098
0.1875,0.1,-327.9935040148777
0.1875,0.1125,-327.7512359940746
0.1875,0.125,-327.5196315306339
0.1875,0.1375,-327.2987661099116
0.1875,0.15000000000000002,-327.08871442699404
0.1875,0.1625,-326.88955034484496
0.1875,0.17500000000000002,-326.701346851004
0.1875,0.1875,-326.52417601285583
0.1875,0.2,-326.3581089314861
0.1875,0.21250000000000002,-326.20321569415324
0.1875,0.225,-326.05956532539943
0.1875,0.23750000000000002,-325.927225736839
0.1875,0.25,-325.8062636756573
0.1875,0.2625,-325.6967446718648
0.1875,0.275,-325.5987329843501
0.1875,0.28750000000000003,-325.5122915457844
0.1875,0.30000000000000004,-325.43748190643174
0.1875,0.3125,-325.37436417692305
0.1875,0.325,-325.32299697006187
0.1875,0.3375,-325.2834373417251
0.1875,0.35000000000000003,-325.2557407309363
0.1875,0.36250000000000004,-325.23996089918364
0.1875,0.375,-325.2361498690715
0.1875,0.3875,-325.244357862379
0.1875,0.4,-325.264633237632
0.1875,0.41250000000000003,-325.2970224272607
0.1875,0.42500000000000004,-325.3415698744617
0.1875,0.4375,-325.39831796984976
0.1875,0.45,-325.4673069880108
0.1875,0.4625,-325.54857502405974
0.1875,0.47500000000000003,-325.64215793032014
0.1875,0.48750000000000004,-325.7480892532285
0.1875,0.5,-325.866400170591
0.1875,0.5125,-325.9971194293026
0.1875,0.525,-326.1402732836514
0.1875,0.5375,-326.2958854343328
0.1875,0.5499999999999999,-326.463976968293
0.1875,0.5625,-326.64456629953037
0.1875,0.575,-326.83766911097894
0.1875,0.5875,-327.0432982976003
0.1875,0.6,-327.2614639108124
0.1875,0.6124999999999999,-327.4921731043772
0.1875,0.625,-327.73543008188165
0.1875,0.6375,-327.9912360459275
0.1875,0.65,-328.25958914916254
0.1875,0.6625,-328.5404844472693
0.1875,0.6749999999999999,-328.83391385403866
0.1875,0.6875,-329.13986609863997
0.1875,0.7,-329.4583266852098
0.1875,0.7125,-329.78927785486775
0.1875,0.725,-330.1326985502709
0.1875,0.7374999999999999,-330.48856438281405
0.1875,0.75,-330.85684760257465
0.1875,0.7625,-331.237517071102
0.1875,0.775,-331.6305382371435
0.1875,0.7875,-332.0358731153947
0.1875,0.8,-332.45348026835546
0.1875,0.8125,-332.8833147913712
0.1875,0.825,-333.32532830092725
0.1875,0.8375,-333.77946892626244
0.1875,0.85,-334.24568130436097
0.1875,0.8625,-334.7239065783707
0.1875,0.875,-335.2140823994988
0.1875,0.8875,-335.716142932415
0.1875,0.9,-336.2300188642004
0.1875,0.9125,-336.7556374168594
0.1875,0.925,-337.2929223634121
0.1875,0.9375,-337.8417940475786
0.1875,0.95,-338.4021694070499
0.1875,0.9625,-338.9739620003441
0.1875,0.975,-339.5570820372295
0.1875,0.9875,-340.15143641269503
0.1875,1.0,-340.75692874443314
0.2,0.0,-329.48413138848673
0.2,0.0125,-329.15935456347097
0.2,0.025,-328.84461350171074
0.2,0.037500000000000006,-328.5399886800252
0.2,0.05,-328.2455600669904
0.2,0.0625,-327.96140709279484
0.2,0.07500000000000001,-327.68760861765657
0.2,0.08750000000000001,-327.42424289877954
0.2,0.1,-327.1713875558472
0.2,0.1125,-326.92911953504415
0.2,0.125,-326.69751507160333
0.2,0.1375,-326.4766496508811
0.2,0.15000000000000002,-326.26659796796383
0.2,0.1625,-326.0674338858145
0.2,0.17500000000000002,-325.8792303919737
0.2,0.1875,-325.70205955382545
0.2,0.2,-325.53599247245575
0.2,0.21250000000000002,-325.3810992351226
0.2,0.225,-325.2374488663691
0.2,0.23750000000000002,-325.1051092778086
0.2,0.25,-324.984147216627
0.2,0.2625,-324.8746282128343
0.2,0.275,-324.77661652531975
0.2,0.28750000000000003,-324.6901750867541
0.2,0.30000000000000004,-324.6153654474014
0.2,0.3125,-324.5522477178925
0.2,0.325,-324.5008805110316
0.2,0.3375,-324.46132088269485
0.2,0.35000000000000003,-324.4336242719059
0.2,0.36250000000000004,-324.4178444401534
0.2,0.375,-324.4140334100406
0.2,0.3875,-324.422241403349
0.2,0.4,-324.44251677860154
0.2,0.41250000000000003,-324.47490596823025
0.2,0.42500000000000004,-324.51945341543114
0.2,0.4375,-324.5762015108194
0.2,0.45,-324.64519052898027
0.2,0.4625,-324.7264585650297
0.2,0.47500000000000003,-324.8200414712897
0.2,0.48750000000000004,-324.92597279419806
0.2,0.5,-325.04428371156064
0.2,0.5125,-325.1750029702721
0.2,0.525,-325.31815682462087
0.2,0.5375,-325.4737689753023
0.2,0.5499999999999999,-325.64186050926276
0.2,0.5625,-325.82244984050016
0.2,0.575,-326.01555265194844
0.2,0.5875,-326.22118183857003
0.2,0.6,-326.439347451782
0.2,0.6124999999999999,-326.67005664534696
0.2,0.625,-326.91331362285115
0.2,0.6375,-327.16911958689724
0.2,0.65,-327.4374726901321
0.2,0.6625,-327.71836798823875
0.2,0.6749999999999999,-328.0117973950083
0.2,0.6875,-328.31774963960976
0.2,0.7,-328.6362102261796
0.2,0.7125,-328.96716139583754
0.2,0.725,-329.3105820912404
0.2,0.7374999999999999,-329.6664479237837
0.2,0.75,-330.03473114354426
0.2,0.7625,-330.41540061207195
0.2,0.775,-330.80842177811326
0.2,0.7875,-331.21375665636435
0.2,0.8,-331.631363809325
0.2,0.8125,-332.0611983323407
0.2,0.825,-332.50321184189676
0.2,0.8375,-332.9573524672322
0.2,0.85,-333.42356484533076
0.2,0.8625,-333.9017901193405
0.2,0.875,-334.39196594046837
0.2,0.8875,-334.8940264733846
0.2,0.9,-335.40790240517003
0.2,0.9125,-335.9335209578289
0.2,0.925,-336.47080590438185
0.2,0.9375,-337.0196775885481
0.2,0.95,-337.58005294801933
0.2,0.9625,-338.1518455413136
0.2,0.975,-338.7349655781992
0.2,0.9875,-339.3293199536645
0.2,1.0,-339.93481228540276
0.21250000000000002,0.0,-328.6773873909745
0.21250000000000002,0.0125,-328.3526105659586
0.21250000000000002,0.025,-328.03786950419845
0.21250000000000002,0.037500000000000006,-327.7332446825129
0.21250000000000002,0.05,-327.43881606947804
0.21250000000000002,0.0625,-327.1546630952827
0.21250000000000002,0.07500000000000001,-326.8808646201442
0.21250000000000002,0.08750000000000001,-326.6174989012671
0.21250000000000002,0.1,-326.36464355833493
0.21250000000000002,0.1125,-326.12237553753204
0.21250000000000002,0.125,-325.89077107409105
0.21250000000000002,0.1375,-325.6699056533687
0.21250000000000002,0.15000000000000002,-325.45985397045143
0.21250000000000002,0.1625,-325.2606898883021
0.21250000000000002,0.17500000000000002,-325.0724863944614
0.21250000000000002,0.1875,-324.8953155563132
0.21250000000000002,0.2,-324.7292484749435
0.21250000000000002,0.21250000000000002,-324.57435523761035
0.21250000000000002,0.225,-324.4307048688569
0.21250000000000002,0.23750000000000002,-324.29836528029625
0.21250000000000002,0.25,-324.17740321911447
0.21250000000000002,0.2625,-324.06788421532207
0.21250000000000002,0.275,-323.96987252780724
0.21250000000000002,0.28750000000000003,-323.88343108924164
0.21250000000000002,0.30000000000000004,-323.80862144988896
0.21250000000000002,0.3125,-323.74550372038027
0.21250000000000002,0.325,-323.6941365135192
0.21250000000000002,0.3375,-323.6545768851824
0.21250000000000002,0.35000000000000003,-323.62688027439344
0.21250000000000002,0.36250000000000004,-323.61110044264103
0.21250000000000002,0.375,-323.60728941252853
0.21250000000000002,0.3875,-323.61549740583666
0.21250000000000002,0.4,-323.6357727810893
0.21250000000000002,0.41250000000000003,-323.66816197071796
0.21250000000000002,0.42500000000000004,-323.712709417919
0.21250000000000002,0.4375,-323.7694575133071
0.21250000000000002,0.45,-323.8384465314679
0.21250000000000002,0.4625,-323.9197145675172
0.21250000000000002,0.47500000000000003,-324.01329747377736
0.21250000000000002,0.48750000000000004,-324.1192287966858
0.21250000000000002,0.5,-324.2375397140482
0.21250000000000002,0.5125,-324.3682589727598
0.21250000000000002,0.525,-324.51141282710864
0.21250000000000002,0.5375,-324.66702497779033
0.21250000000000002,0.5499999999999999,-324.8351165117503
0.21250000000000002,0.5625,-325.0157058429877
0.21250000000000002,0.575,-325.20880865443627
0.21250000000000002,0.5875,-325.4144378410578
0.21250000000000002,0.6,-325.6326034542697
0.21250000000000002,0.6124999999999999,-325.8633126478346
0.21250000000000002,0.625,-326.106569625339
0.21250000000000002,0.6375,-326.36237558938495
0.21250000000000002,0.65,-326.63072869262
0.21250000000000002,0.6625,-326.9116239907265
0.21250000000000002,0.6749999999999999,-327.2050533974958
0.21250000000000002,0.6875,-327.5110056420974
0.21250000000000002,0.7,-327.82946622866734
0.21250000000000002,0.7125,-328.160417398325
0.21250000000000002,0.725,-328.50383809372823
0.21250000000000002,0.7374999999999999,-328.8597039262714
0.21250000000000002,0.75,-329.227987146032
0.21250000000000002,0.7625,-329.6086566145593
0.21250000000000002,0.775,-330.0016777806008
0.21250000000000002,0.7875,-330.40701265885195
0.21250000000000002,0.8,-330.8246198118126
0.21250000000000002,0.8125,-331.25445433482844
0.21250000000000002,0.825,-331.69646784438453
0.21250000000000002,0.8375,-332.1506084697199
0.21250000000000002,0.85,-332.6168208478183
0.21250000000000002,0.8625,-333.09504612182803
0.21250000000000002,0.875,-333.585221942956
0.21250000000000002,0.8875,-334.0872824758723
0.21250000000000002,0.9,-334.6011584076578
0.21250000000000002,0.9125,-335.1267769603166
0.21250000000000002,0.925,-335.6640619068696
0.21250000000000002,0.9375,-336.21293359103583
0.21250000000000002,0.95,-336.7733089505073
0.21250000000000002,0.9625,-337.3451015438012
0.21250000000000002,0.975,-337.9282215806868
0.21250000000000002,0.9875,-338.5225759561523
0.21250000000000002,1.0,-339.1280682878906
0.225,0.0,-327.8862743013705
0.225,0.0125,-327.56149747635436
0.225,0.025,-327.24675641459413
0.225,0.037500000000000006,-326.9421315929089
0.225,0.05,-326.6477029798737
0.225,0.0625,-326.3635500056784
0.225,0.07500000000000001,-326.08975153054
0.225,0.08750000000000001,-325.82638581166304
0.225,0.1,-325.5735304687308
0.225,0.1125,-325.33126244792777
0.225,0.125,-325.0996579844867
0.225,0.1375,-324.87879256376436
0.225,0.15000000000000002,-324.66874088084717
0.225,0.1625,-324.4695767986982
0.225,0.17500000000000002,-324.28137330485714
0.225,0.1875,-324.10420246670884
0.225,0.2,-323.93813538533914
0.225,0.21250000000000002,-323.7832421480065
0.225,0.225,-323.63959177925267
0.225,0.23750000000000002,-323.50725219069204
0.225,0.25,-323.3862901295105
0.225,0.2625,-323.2767711257178
0.225,0.275,-323.17875943820314
0.225,0.28750000000000003,-323.0923179996375
0.225,0.30000000000000004,-323.01750836028486
0.225,0.3125,-322.9543906307761
0.225,0.325,-322.903023423915
0.225,0.3375,-322.86346379557824
0.225,0.35000000000000003,-322.83576718478923
0.225,0.36250000000000004,-322.81998735303665
0.225,0.375,-322.8161763229244
0.225,0.3875,-322.82438431623245
0.225,0.4,-322.84465969148505
0.225,0.41250000000000003,-322.8770488811137
0.225,0.42500000000000004,-322.9215963283149
0.225,0.4375,-322.9783444237028
0.225,0.45,-323.04733344186377
0.225,0.4625,-323.12860147791304
0.225,0.47500000000000003,-323.2221843841732
0.225,0.48750000000000004,-323.32811570708145
0.225,0.5,-323.44642662444403
0.225,0.5125,-323.57714588315565
0.225,0.525,-323.7202997375046
0.225,0.5375,-323.8759118881859
0.225,0.5499999999999999,-324.0440034221462
0.225,0.5625,-324.2245927533835
0.225,0.575,-324.4176955648322
0.225,0.5875,-324.6233247514535
0.225,0.6,-324.84149036466545
0.225,0.6124999999999999,-325.07219955823035
0.225,0.625,-325.31545653573477
0.225,0.6375,-325.5712624997807
0.225,0.65,-325.8396156030156
0.225,0.6625,-326.12051090112243
0.225,0.6749999999999999,-326.4139403078917
0.225,0.6875,-326.7198925524931
0.225,0.7,-327.0383531390631
0.225,0.7125,-327.36930430872076
0.225,0.725,-327.71272500412397
0.225,0.7374999999999999,-328.0685908366673
0.225,0.75,-328.43687405642777
0.225,0.7625,-328.8175435249553
0.225,0.775,-329.2105646909968
0.225,0.7875,-329.61589956924786
0.225,0.8,-330.03350672220864
0.225,0.8125,-330.4633412452242
0.225,0.825,-330.90535475478015
0.225,0.8375,-331.35949538011545
0.225,0.85,-331.82570775821415
0.225,0.8625,-332.303933032224
0.225,0.875,-332.7941088533519
0.225,0.8875,-333.29616938626805
0.225,0.9,-333.8100453180537
0.225,0.9125,-334.33566387071255
0.225,0.925,-334.8729488172652
0.225,0.9375,-335.42182050143174
0.225,0.95,-335.98219586090295
0.225,0.9625,-336.553988454197
0.225,0.975,-337.13710849108264
0.225,0.9875,-337.731462866548
0.225,1.0,-338.3369551982862
0.23750000000000002,0.0,-327.11104989333853
0.23750000000000002,0.0125,-326.78627306832266
0.23750000000000002,0.025,-326.47153200656237
0.23750000000000002,0.037500000000000006,-326.16690718487706
0.23750000000000002,0.05,-325.872478571842
0.23750000000000002,0.0625,-325.58832559764653
0.23750000000000002,0.07500000000000001,-325.31452712250825
0.23750000000000002,0.08750000000000001,-325.05116140363117
0.23750000000000002,0.1,-324.798306060699
0.23750000000000002,0.1125,-324.5560380398959
0.23750000000000002,0.125,-324.32443357645514
0.23750000000000002,0.1375,-324.10356815573266
0.23750000000000002,0.15000000000000002,-323.8935164728153
0.23750000000000002,0.1625,-323.69435239066615
0.23750000000000002,0.17500000000000002,-323.5061488968254
0.23750000000000002,0.1875,-323.32897805867714
0.23750000000000002,0.2,-323.1629109773075
0.23750000000000002,0.21250000000000002,-323.0080177399745
0.23750000000000002,0.225,-322.8643673712207
0.23750000000000002,0.23750000000000002,-322.7320277826603
0.23750000000000002,0.25,-322.61106572147867
0.23750000000000002,0.2625,-322.5015467176861
0.23750000000000002,0.275,-322.4035350301714
0.23750000000000002,0.28750000000000003,-322.3170935916058
0.23750000000000002,0.30000000000000004,-322.2422839522529
0.23750000000000002,0.3125,-322.1791662227443
0.23750000000000002,0.325,-322.1277990158833
0.23750000000000002,0.3375,-322.0882393875466
0.23750000000000002,0.35000000000000003,-322.06054277675753
0.23750000000000002,0.36250000000000004,-322.0447629450049
0.23750000000000002,0.375,-322.0409519148927
0.23750000000000002,0.3875,-322.04915990820064
0.23750000000000002,0.4,-322.0694352834533
0.23750000000000002,0.41250000000000003,-322.10182447308176
0.23750000000000002,0.42500000000000004,-322.1463719202829
0.23750000000000002,0.4375,-322.20312001567123
0.23750000000000002,0.45,-322.27210903383195
0.23750000000000002,0.4625,-322.3533770698812
0.23750000000000002,0.47500000000000003,-322.44695997614156
0.23750000000000002,0.48750000000000004,-322.55289129904986
0.23750000000000002,0.5,-322.6712022164124
0.23750000000000002,0.5125,-322.80192147512383
0.23750000000000002,0.525,-322.9450753294726
0.23750000000000002,0.5375,-323.10068748015414
0.23750000000000002,0.5499999999999999,-323.26877901411416
0.23750000000000002,0.5625,-323.44936834535156
0.23750000000000002,0.575,-323.6424711568002
0.23750000000000002,0.5875,-323.8481003434217
0.23750000000000002,0.6,-324.0662659566337
0.23750000000000002,0.6124999999999999,-324.29697515019865
0.23750000000000002,0.625,-324.54023212770295
0.23750000000000002,0.6375,-324.796038091749
0.23750000000000002,0.65,-325.0643911949838
0.23750000000000002,0.6625,-325.3452864930905
0.23750000000000002,0.6749999999999999,-325.63871589986
0.23750000000000002,0.6875,-325.94466814446133
0.23750000000000002,0.7,-326.2631287310313
0.23750000000000002,0.7125,-326.594079900689
0.23750000000000002,0.725,-326.9375005960922
0.23750000000000002,0.7374999999999999,-327.29336642863547
0.23750000000000002,0.75,-327.66164964839624
0.23750000000000002,0.7625,-328.04231911692335
0.23750000000000002,0.775,-328.43534028296494
0.23750000000000002,0.7875,-328.84067516121627
0.23750000000000002,0.8,-329.25828231417677
0.23750000000000002,0.8125,-329.68811683719247
0.23750000000000002,0.825,-330.13013034674856
0.23750000000000002,0.8375,-330.58427097208386
0.23750000000000002,0.85,-331.05048335018216
0.23750000000000002,0.8625,-331.52870862419206
0.23750000000000002,0.875,-332.01888444532005
0.23750000000000002,0.8875,-332.5209449782363
0.23750000000000002,0.9,-333.0348209100219
0.23750000000000002,0.9125,-333.5604394626808
0.23750000000000002,0.925,-334.09772440923354
0.23750000000000002,0.9375,-334.6465960933999
0.23750000000000002,0.95,-335.20697145287113
0.23750000000000002,0.9625,-335.7787640461653
0.23750000000000002,0.975,-336.361884083051
0.23750000000000002,0.9875,-336.95623845851645
0.23750000000000002,1.0,-337.56173079025444
0.25,0.0,-326.35197108977513
0.25,0.0125,-326.02719426475915
0.25,0.025,-325.71245320299874
0.25,0.037500000000000006,-325.4078283813135
0.25,0.05,-325.11339976827867
0.25,0.0625,-324.82924679408313
0.25,0.07500000000000001,-324.55544831894485
0.25,0.08750000000000001,-324.2920826000676
0.25,0.1,-324.0392272571354
0.25,0.1125,-323.79695923633244
0.25,0.125,-323.56535477289174
0.25,0.1375,-323.34448935216926
0.25,0.15000000000000002,-323.13443766925195
0.25,0.1625,-322.9352735871029
0.25,0.17500000000000002,-322.747070093262
0.25,0.1875,-322.56989925511374
0.25,0.2,-322.403832173744
0.25,0.21250000000000002,-322.2489389364111
0.25,0.225,-322.10528856765734
0.25,0.23750000000000002,-321.9729489790968
0.25,0.25,-321.85198691791544
0.25,0.2625,-321.7424679141226
0.25,0.275,-321.6444562266077
0.25,0.28750000000000003,-321.5580147880423
0.25,0.30000000000000004,-321.48320514868965
0.25,0.3125,-321.42008741918073
0.25,0.325,-321.3687202123198
0.25,0.3375,-321.329160583983
0.25,0.35000000000000003,-321.30146397319385
0.25,0.36250000000000004,-321.2856841414413
0.25,0.375,-321.281873111329
0.25,0.3875,-321.29008110463724
0.25,0.4,-321.31035647988995
0.25,0.41250000000000003,-321.34274566951854
0.25,0.42500000000000004,-321.38729311671943
0.25,0.4375,-321.44404121210766
0.25,0.45,-321.51303023026855
0.25,0.4625,-321.5942982663179
0.25,0.47500000000000003,-321.68788117257793
0.25,0.48750000000000004,-321.79381249548635
0.25,0.5,-321.91212341284887
0.25,0.5125,-322.04284267156027
0.25,0.525,-322.1859965259094
0.25,0.5375,-322.34160867659085
0.25,0.5499999999999999,-322.50970021055076
0.25,0.5625,-322.6902895417881
0.25,0.575,-322.8833923532368
0.25,0.5875,-323.0890215398583
0.25,0.6,-323.3071871530702
0.25,0.6124999999999999,-323.53789634663514
0.25,0.625,-323.7811533241396
0.25,0.6375,-324.0369592881854
0.25,0.65,-324.30531239142033
0.25,0.6625,-324.5862076895272
0.25,0.6749999999999999,-324.87963709629645
0.25,0.6875,-325.18558934089793
0.25,0.7,-325.50404992746786
0.25,0.7125,-325.8350010971256
0.25,0.725,-326.178421792529
0.25,0.7374999999999999,-326.534287625072
0.25,0.75,-326.9025708448325
0.25,0.7625,-327.28324031335984
0.25,0.775,-327.6762614794014
0.25,0.7875,-328.0815963576525
0.25,0.8,-328.4992035106132
0.25,0.8125,-328.929038033629
0.25,0.825,-329.371051543185
0.25,0.8375,-329.8251921685206
0.25,0.85,-330.2914045466188
0.25,0.8625,-330.76962982062884
0.25,0.875,-331.25980564175654
0.25,0.8875,-331.76186617467295
0.25,0.9,-332.2757421064584
0.25,0.9125,-332.8013606591173
0.25,0.925,-333.33864560567
0.25,0.9375,-333.8875172898365
0.25,0.95,-334.4478926493076
0.25,0.9625,-335.0196852426017
0.25,0.975,-335.6028052794874
0.25,0.9875,-336.1971596549527
0.25,1.0,-336.802651986691
0.2625,0.0,-325.6092937813793
0.2625,0.0125,-325.28451695636375
0.2625,0.025,-324.96977589460323
0.2625,0.037500000000000006,-324.66515107291787
0.2625,0.05,-324.370722459883
0.2625,0.0625,-324.0865694856875
0.2625,0.07500000000000001,-323.8127710105492
0.2625,0.08750000000000001,-323.5494052916721
0.2625,0.1,-323.2965499487398
0.2625,0.1125,-323.0542819279368
0.2625,0.125,-322.8226774644963
0.2625,0.1375,-322.6018120437739
0.2625,0.15000000000000002,-322.3917603608564
0.2625,0.1625,-322.1925962787073
0.2625,0.17500000000000002,-322.0043927848664
0.2625,0.1875,-321.82722194671805
0.2625,0.2,-321.66115486534846
0.2625,0.21250000000000002,-321.50626162801575
0.2625,0.225,-321.36261125926177
0.2625,0.23750000000000002,-321.2302716707012
0.2625,0.25,-321.10930960951976
0.2625,0.2625,-320.9997906057271
0.2625,0.275,-320.90177891821236
0.2625,0.28750000000000003,-320.81533747964664
0.2625,0.30000000000000004,-320.74052784029396
0.2625,0.3125,-320.67741011078533
0.2625,0.325,-320.62604290392414
0.2625,0.3375,-320.5864832755875
0.2625,0.35000000000000003,-320.5587866647984
0.2625,0.36250000000000004,-320.54300683304615
0.2625,0.375,-320.53919580293365
0.2625,0.3875,-320.54740379624155
0.2625,0.4,-320.56767917149426
0.2625,0.41250000000000003,-320.600068361123
0.2625,0.42500000000000004,-320.64461580832386
0.2625,0.4375,-320.7013639037121
0.2625,0.45,-320.770352921873
0.2625,0.4625,-320.8516209579222
0.2625,0.47500000000000003,-320.94520386418236
0.2625,0.48750000000000004,-321.05113518709084
0.2625,0.5,-321.1694461044533
0.2625,0.5125,-321.30016536316475
0.2625,0.525,-321.44331921751376
0.2625,0.5375,-321.59893136819517
0.2625,0.5499999999999999,-321.7670229021551
0.2625,0.5625,-321.94761223339265
0.2625,0.575,-322.1407150448412
0.2625,0.5875,-322.3463442314629
0.2625,0.6,-322.5645098446747
0.2625,0.6124999999999999,-322.79521903823957
0.2625,0.625,-323.0384760157439
0.2625,0.6375,-323.2942819797899
0.2625,0.65,-323.5626350830248
0.2625,0.6625,-323.84353038113176
0.2625,0.6749999999999999,-324.1369597879008
0.2625,0.6875,-324.4429120325022
0.2625,0.7,-324.7613726190722
0.2625,0.7125,-325.09232378873014
0.2625,0.725,-325.4357444841336
0.2625,0.7374999999999999,-325.7916103166763
0.2625,0.75,-326.1598935364369
0.2625,0.7625,-326.54056300496444
0.2625,0.775,-326.933584171006
0.2625,0.7875,-327.3389190492569
0.2625,0.8,-327.7565262022176
0.2625,0.8125,-328.1863607252333
0.2625,0.825,-328.6283742347893
0.2625,0.8375,-329.08251486012495
0.2625,0.85,-329.54872723822336
0.2625,0.8625,-330.0269525122331
0.2625,0.875,-330.517128333361
0.2625,0.8875,-331.01918886627715
0.2625,0.9,-331.53306479806264
0.2625,0.9125,-332.0586833507217
0.2625,0.925,-332.5959682972744
0.2625,0.9375,-333.14483998144095
0.2625,0.95,-333.70521534091205
0.2625,0.9625,-334.27700793420615
0.2625,0.975,-334.86012797109174
0.2625,0.9875,-335.45448234655726
0.2625,1.0,-336.0599746782956
0.275,0.0,-324.8832726420134
0.275,0.0125,-324.55849581699766
0.275,0.025,-324.24375475523715
0.275,0.037500000000000006,-323.9391299335518
0.275,0.05,-323.644701320517
0.275,0.0625,-323.3605483463216
0.275,0.07500000000000001,-323.0867498711833
0.275,0.08750000000000001,-322.82338415230595
0.275,0.1,-322.57052880937385
0.275,0.1125,-322.3282607885706
0.275,0.125,-322.09665632513
0.275,0.1375,-321.8757909044078
0.275,0.15000000000000002,-321.6657392214903
0.275,0.1625,-321.4665751393413
0.275,0.17500000000000002,-321.2783716455003
0.275,0.1875,-321.1012008073519
0.275,0.2,-320.9351337259823
0.275,0.21250000000000002,-320.78024048864955
0.275,0.225,-320.63659011989574
0.275,0.23750000000000002,-320.5042505313354
0.275,0.25,-320.3832884701537
0.275,0.2625,-320.27376946636105
0.275,0.275,-320.17575777884633
0.275,0.28750000000000003,-320.08931634028073
0.275,0.30000000000000004,-320.01450670092794
0.275,0.3125,-319.9513889714194
0.275,0.325,-319.90002176455806
0.275,0.3375,-319.86046213622143
0.275,0.35000000000000003,-319.83276552543236
0.275,0.36250000000000004,-319.8169856936799
0.275,0.375,-319.8131746635675
0.275,0.3875,-319.8213826568756
0.275,0.4,-319.84165803212835
0.275,0.41250000000000003,-319.87404722175694
0.275,0.42500000000000004,-319.918594668958
0.275,0.4375,-319.9753427643461
0.275,0.45,-320.04433178250684
0.275,0.4625,-320.12559981855634
0.275,0.47500000000000003,-320.21918272481645
0.275,0.48750000000000004,-320.32511404772487
0.275,0.5,-320.4434249650874
0.275,0.5125,-320.5741442237989
0.275,0.525,-320.71729807814773
0.275,0.5375,-320.87291022882926
0.275,0.5499999999999999,-321.04100176278934
0.275,0.5625,-321.22159109402673
0.275,0.575,-321.4146939054752
0.275,0.5875,-321.62032309209684
0.275,0.6,-321.8384887053087
0.275,0.6124999999999999,-322.06919789887354
0.275,0.625,-322.3124548763778
0.275,0.6375,-322.568260840424
0.275,0.65,-322.83661394365873
0.275,0.6625,-323.11750924176584
0.275,0.6749999999999999,-323.41093864853485
0.275,0.6875,-323.71689089313617
0.275,0.7,-324.03535147970626
0.275,0.7125,-324.36630264936406
0.275,0.725,-324.7097233447673
0.275,0.7374999999999999,-325.0655891773104
0.275,0.75,-325.433872397071
0.275,0.7625,-325.81454186559864
0.275,0.775,-326.20756303164006
0.275,0.7875,-326.6128979098909
0.275,0.8,-327.0305050628515
0.275,0.8125,-327.46033958586725
0.275,0.825,-327.9023530954234
0.275,0.8375,-328.3564937207589
0.275,0.85,-328.8227060988573
0.275,0.8625,-329.3009313728672
0.275,0.875,-329.791107193995
0.275,0.8875,-330.29316772691107
0.275,0.9,-330.8070436586967
0.275,0.9125,-331.3326622113558
0.275,0.925,-331.86994715790854
0.275,0.9375,-332.41881884207504
0.275,0.95,-332.97919420154614
0.275,0.9625,-333.5509867948401
0.275,0.975,-334.13410683172594
0.275,0.9875,-334.7284612071913
0.275,1.0,-335.33395353892956
0.28750000000000003,0.0,-324.1741609410287
0.28750000000000003,0.0125,-323.84938411601325
0.28750000000000003,0.025,-323.53464305425285
0.28750000000000003,0.037500000000000006,-323.2300182325674
0.28750000000000003,0.05,-322.93558961953244
0.28750000000000003,0.0625,-322.65143664533707
0.28750000000000003,0.07500000000000001,-322.3776381701987
0.28750000000000003,0.08750000000000001,-322.11427245132177
0.28750000000000003,0.1,-321.86141710838916
0.28750000000000003,0.1125,-321.61914908758615
0.28750000000000003,0.125,-321.38754462414545
0.28750000000000003,0.1375,-321.1666792034232
0.28750000000000003,0.15000000000000002,-320.9566275205057
0.28750000000000003,0.1625,-320.7574634383566
0.28750000000000003,0.17500000000000002,-320.5692599445157
0.28750000000000003,0.1875,-320.3920891063676
0.28750000000000003,0.2,-320.22602202499786
0.28750000000000003,0.21250000000000002,-320.071128787665
0.28750000000000003,0.225,-319.9274784189111
0.28750000000000003,0.23750000000000002,-319.79513883035077
0.28750000000000003,0.25,-319.674176769169
0.28750000000000003,0.2625,-319.56465776537647
0.28750000000000003,0.275,-319.46664607786175
0.28750000000000003,0.28750000000000003,-319.38020463929627
0.28750000000000003,0.30000000000000004,-319.30539499994325
0.28750000000000003,0.3125,-319.2422772704347
0.28750000000000003,0.325,-319.1909100635737
0.28750000000000003,0.3375,-319.15135043523685
0.28750000000000003,0.35000000000000003,-319.1236538244479
0.28750000000000003,0.36250000000000004,-319.10787399269543
0.28750000000000003,0.375,-319.10406296258293
0.28750000000000003,0.3875,-319.112270955891
0.28750000000000003,0.4,-319.13254633114366
0.28750000000000003,0.41250000000000003,-319.16493552077264
0.28750000000000003,0.42500000000000004,-319.2094829679734
0.28750000000000003,0.4375,-319.26623106336166
0.28750000000000003,0.45,-319.3352200815225
0.28750000000000003,0.4625,-319.4164881175716
0.28750000000000003,0.47500000000000003,-319.5100710238319
0.28750000000000003,0.48750000000000004,-319.61600234674034
0.28750000000000003,0.5,-319.73431326410275
0.28750000000000003,0.5125,-319.8650325228143
0.28750000000000003,0.525,-320.0081863771631
0.28750000000000003,0.5375,-320.1637985278446
0.28750000000000003,0.5499999999999999,-320.33189006180476
0.28750000000000003,0.5625,-320.512479393042
0.28750000000000003,0.575,-320.70558220449067
0.28750000000000003,0.5875,-320.9112113911121
0.28750000000000003,0.6,-321.129377004324
0.28750000000000003,0.6124999999999999,-321.36008619788896
0.28750000000000003,0.625,-321.60334317539343
0.28750000000000003,0.6375,-321.85914913943935
0.28750000000000003,0.65,-322.1275022426744
0.28750000000000003,0.6625,-322.40839754078104
0.28750000000000003,0.6749999999999999,-322.70182694755033
0.28750000000000003,0.6875,-323.0077791921517
0.28750000000000003,0.7,-323.3262397787217
0.28750000000000003,0.7125,-323.6571909483794
0.28750000000000003,0.725,-324.0006116437826
0.28750000000000003,0.7374999999999999,-324.35647747632584
0.28750000000000003,0.75,-324.72476069608626
0.28750000000000003,0.7625,-325.1054301646137
0.28750000000000003,0.775,-325.49845133065554
0.28750000000000003,0.7875,-325.9037862089064
0.28750000000000003,0.8,-326.3213933618671
0.28750000000000003,0.8125,-326.75122788488284
0.28750000000000003,0.825,-327.1932413944388
0.28750000000000003,0.8375,-327.6473820197743
0.28750000000000003,0.85,-328.1135943978729
0.28750000000000003,0.8625,-328.5918196718825
0.28750000000000003,0.875,-329.0819954930102
0.28750000000000003,0.8875,-329.5840560259265
0.28750000000000003,0.9,-330.0979319577122
0.28750000000000003,0.9125,-330.62355051037116
0.28750000000000003,0.925,-331.160835456924
0.28750000000000003,0.9375,-331.70970714109023
0.28750000000000003,0.95,-332.27008250056167
0.28750000000000003,0.9625,-332.84187509385566
0.28750000000000003,0.975,-333.42499513074114
0.28750000000000003,0.9875,-334.0193495062066
0.28750000000000003,1.0,-334.62484183794504
0.30000000000000004,0.0,-323.48221035275685
0.30000000000000004,0.0125,-323.15743352774115
0.30000000000000004,0.025,-322.8426924659805
0.30000000000000004,0.037500000000000006,-322.5380676442953
0.30000000000000004,0.05,-322.24363903126044
0.30000000000000004,0.0625,-321.95948605706496
0.30000000000000004,0.07500000000000001,-321.68568758192646
0.30000000000000004,0.08750000000000001,-321.42232186304943
0.30000000000000004,0.1,-321.16946652011717
0.30000000000000004,0.1125,-320.9271984993142
0.30000000000000004,0.125,-320.6955940358732
0.30000000000000004,0.1375,-320.47472861515115
0.30000000000000004,0.15000000000000002,-320.2646769322338
0.30000000000000004,0.1625,-320.06551285008464
0.30000000000000004,0.17500000000000002,-319.87730935624376
0.30000000000000004,0.1875,-319.70013851809534
0.30000000000000004,0.2,-319.5340714367259
0.30000000000000004,0.21250000000000002,-319.37917819939287
0.30000000000000004,0.225,-319.23552783063917
0.30000000000000004,0.23750000000000002,-319.1031882420788
0.30000000000000004,0.25,-318.982226180897
0.30000000000000004,0.2625,-318.87270717710453
0.30000000000000004,0.275,-318.7746954895897
0.30000000000000004,0.28750000000000003,-318.68825405102416
0.30000000000000004,0.30000000000000004,-318.6134444116711
0.30000000000000004,0.3125,-318.5503266821628
0.30000000000000004,0.325,-318.4989594753016
0.30000000000000004,0.3375,-318.45939984696486
0.30000000000000004,0.35000000000000003,-318.43170323617557
0.30000000000000004,0.36250000000000004,-318.4159234044232
0.30000000000000004,0.375,-318.4121123743108
0.30000000000000004,0.3875,-318.420320367619
0.30000000000000004,0.4,-318.4405957428717
0.30000000000000004,0.41250000000000003,-318.47298493250037
0.30000000000000004,0.42500000000000004,-318.51753237970127
0.30000000000000004,0.4375,-318.57428047508944
0.30000000000000004,0.45,-318.6432694932504
0.30000000000000004,0.4625,-318.7245375292997
0.30000000000000004,0.47500000000000003,-318.81812043555993
0.30000000000000004,0.48750000000000004,-318.9240517584681
0.30000000000000004,0.5,-319.0423626758307
0.30000000000000004,0.5125,-319.1730819345422
0.30000000000000004,0.525,-319.3162357888914
0.30000000000000004,0.5375,-319.4718479395723
0.30000000000000004,0.5499999999999999,-319.63993947353276
0.30000000000000004,0.5625,-319.8205288047699
0.30000000000000004,0.575,-320.01363161621873
0.30000000000000004,0.5875,-320.21926080284004
0.30000000000000004,0.6,-320.437426416052
0.30000000000000004,0.6124999999999999,-320.6681356096169
0.30000000000000004,0.625,-320.9113925871212
0.30000000000000004,0.6375,-321.1671985511672
0.30000000000000004,0.65,-321.4355516544021
0.30000000000000004,0.6625,-321.71644695250893
0.30000000000000004,0.6749999999999999,-322.00987635927834
0.30000000000000004,0.6875,-322.3158286038798
0.30000000000000004,0.7,-322.63428919044964
0.30000000000000004,0.7125,-322.96524036010743
0.30000000000000004,0.725,-323.3086610555105
0.30000000000000004,0.7374999999999999,-323.66452688805373
0.30000000000000004,0.75,-324.03281010781444
0.30000000000000004,0.7625,-324.4134795763417
0.30000000000000004,0.775,-324.80650074238326
0.30000000000000004,0.7875,-325.2118356206343
0.30000000000000004,0.8,-325.6294427735951
0.30000000000000004,0.8125,-326.0592772966106
0.30000000000000004,0.825,-326.5012908061667
0.30000000000000004,0.8375,-326.9554314315022
0.30000000000000004,0.85,-327.42164380960077
0.30000000000000004,0.8625,-327.8998690836105
0.30000000000000004,0.875,-328.3900449047383
0.30000000000000004,0.8875,-328.89210543765455
0.30000000000000004,0.9,-329.4059813694402
0.30000000000000004,0.9125,-329.93159992209905
0.30000000000000004,0.925,-330.468884868652
0.30000000000000004,0.9375,-331.01775655281824
0.30000000000000004,0.95,-331.5781319122895
0.30000000000000004,0.9625,-332.1499245055835
0.30000000000000004,0.975,-332.7330445424694
0.30000000000000004,0.9875,-333.3273989179346
0.30000000000000004,1.0,-333.932891249673
0.3125,0.0,-322.80767076336
0.3125,0.0125,-322.4828939383444
0.3125,0.025,-322.1681528765839
0.3125,0.037500000000000006,-321.86352805489855
0.3125,0.05,-321.5690994418636
0.3125,0.0625,-321.2849464676682
0.3125,0.07500000000000001,-321.01114799252997
0.3125,0.08750000000000001,-320.74778227365283
0.3125,0.1,-320.49492693072057
0.3125,0.1125,-320.2526589099176
0.3125,0.125,-320.0210544464767
0.3125,0.1375,-319.8001890257545
0.3125,0.15000000000000002,-319.59013734283695
0.3125,0.1625,-319.39097326068776
0.3125,0.17500000000000002,-319.202769766847
0.3125,0.1875,-319.0255989286986
0.3125,0.2,-318.859531847329
0.3125,0.21250000000000002,-318.7046386099962
0.3125,0.225,-318.5609882412424
0.3125,0.23750000000000002,-318.4286486526819
0.3125,0.25,-318.30768659150016
0.3125,0.2625,-318.1981675877078
0.3125,0.275,-318.1001559001929
0.3125,0.28750000000000003,-318.01371446162733
0.3125,0.30000000000000004,-317.93890482227465
0.3125,0.3125,-317.87578709276596
0.3125,0.325,-317.8244198859047
0.3125,0.3375,-317.78486025756814
0.3125,0.35000000000000003,-317.75716364677885
0.3125,0.36250000000000004,-317.7413838150265
0.3125,0.375,-317.73757278491416
0.3125,0.3875,-317.74578077822224
0.3125,0.4,-317.76605615347495
0.3125,0.41250000000000003,-317.7984453431037
0.3125,0.42500000000000004,-317.84299279030455
0.3125,0.4375,-317.89974088569284
0.3125,0.45,-317.9687299038538
0.3125,0.4625,-318.04999793990277
0.3125,0.47500000000000003,-318.1435808461631
0.3125,0.48750000000000004,-318.2495121690714
0.3125,0.5,-318.36782308643376
0.3125,0.5125,-318.49854234514555
0.3125,0.525,-318.6416961994944
0.3125,0.5375,-318.7973083501756
0.3125,0.5499999999999999,-318.965399884136
0.3125,0.5625,-319.1459892153732
0.3125,0.575,-319.3390920268219
0.3125,0.5875,-319.5447212134434
0.3125,0.6,-319.7628868266552
0.3125,0.6124999999999999,-319.99359602022014
0.3125,0.625,-320.23685299772455
0.3125,0.6375,-320.4926589617706
0.3125,0.65,-320.76101206500545
0.3125,0.6625,-321.0419073631123
0.3125,0.6749999999999999,-321.3353367698816
0.3125,0.6875,-321.64128901448294
0.3125,0.7,-321.95974960105275
0.3125,0.7125,-322.2907007707107
0.3125,0.725,-322.63412146611375
0.3125,0.7374999999999999,-322.9899872986569
0.3125,0.75,-323.35827051841756
0.3125,0.7625,-323.7389399869451
0.3125,0.775,-324.1319611529866
0.3125,0.7875,-324.53729603123764
0.3125,0.8,-324.9549031841981
0.3125,0.8125,-325.38473770721396
0.3125,0.825,-325.82675121677016
0.3125,0.8375,-326.2808918421056
0.3125,0.85,-326.747104220204
0.3125,0.8625,-327.2253294942139
0.3125,0.875,-327.7155053153415
0.3125,0.8875,-328.21756584825783
0.3125,0.9,-328.73144178004344
0.3125,0.9125,-329.2570603327022
0.3125,0.925,-329.794345279255
0.3125,0.9375,-330.3432169634214
0.3125,0.95,-330.90359232289256
0.3125,0.9625,-331.47538491618695
0.3125,0.975,-332.05850495307254
0.3125,0.9875,-332.65285932853794
0.3125,1.0,-333.2583516602762
0.325,0.0,-322.1507900752601
0.325,0.0125,-321.8260132502442
0.325,0.025,-321.51127218848393
0.325,0.037500000000000006,-321.20664736679856
0.325,0.05,-320.91221875376357
0.325,0.0625,-320.62806577956826
0.325,0.07500000000000001,-320.35426730442975
0.325,0.08750000000000001,-320.09090158555273
0.325,0.1,-319.8380462426204
0.325,0.1125,-319.59577822181757
0.325,0.125,-319.36417375837664
0.325,0.1375,-319.1433083376544
0.325,0.15000000000000002,-318.9332566547369
0.325,0.1625,-318.734092572588
0.325,0.17500000000000002,-318.5458890787469
0.325,0.1875,-318.36871824059875
0.325,0.2,-318.2026511592291
0.325,0.21250000000000002,-318.0477579218962
0.325,0.225,-317.9041075531424
0.325,0.23750000000000002,-317.7717679645819
0.325,0.25,-317.65080590340006
0.325,0.2625,-317.54128689960777
0.325,0.275,-317.4432752120929
0.325,0.28750000000000003,-317.3568337735273
0.325,0.30000000000000004,-317.2820241341747
0.325,0.3125,-317.218906404666
0.325,0.325,-317.1675391978046
0.325,0.3375,-317.1279795694681
0.325,0.35000000000000003,-317.100282958679
0.325,0.36250000000000004,-317.08450312692645
0.325,0.375,-317.0806920968142
0.325,0.3875,-317.08890009012214
0.325,0.4,-317.10917546537485
0.325,0.41250000000000003,-317.14156465500355
0.325,0.42500000000000004,-317.18611210220445
0.325,0.4375,-317.2428601975926
0.325,0.45,-317.3118492157537
0.325,0.4625,-317.3931172518029
0.325,0.47500000000000003,-317.48670015806294
0.325,0.48750000000000004,-317.5926314809714
0.325,0.5,-317.7109423983338
0.325,0.5125,-317.8416616570457
0.325,0.525,-317.9848155113944
0.325,0.5375,-318.1404276620757
0.325,0.5499999999999999,-318.30851919603595
0.325,0.5625,-318.48910852727323
0.325,0.575,-318.6822113387219
0.325,0.5875,-318.8878405253433
0.325,0.6,-319.1060061385552
0.325,0.6124999999999999,-319.33671533212026
0.325,0.625,-319.57997230962474
0.325,0.6375,-319.8357782736707
0.325,0.65,-320.1041313769054
0.325,0.6625,-320.38502667501217
0.325,0.6749999999999999,-320.67845608178135
0.325,0.6875,-320.9844083263829
0.325,0.7,-321.30286891295293
0.325,0.7125,-321.6338200826106
0.325,0.725,-321.9772407780138
0.325,0.7374999999999999,-322.3331066105571
0.325,0.75,-322.7013898303176
0.325,0.7625,-323.0820592988449
0.325,0.775,-323.47508046488656
0.325,0.7875,-323.88041534313766
0.325,0.8,-324.2980224960982
0.325,0.8125,-324.72785701911397
0.325,0.825,-325.16987052866995
0.325,0.8375,-325.62401115400553
0.325,0.85,-326.0902235321039
0.325,0.8625,-326.5684488061137
0.325,0.875,-327.0586246272416
0.325,0.8875,-327.5606851601579
0.325,0.9,-328.07456109194345
0.325,0.9125,-328.60017964460224
0.325,0.925,-329.137464591155
0.325,0.9375,-329.68633627532154
0.325,0.95,-330.2467116347927
0.325,0.9625,-330.81850422808674
0.325,0.975,-331.4016242649723
0.325,0.9875,-331.995978640438
0.325,1.0,-332.6014709721761
0.3375,0.0,-321.5118140093582
0.3375,0.0125,-321.1870371843427
0.3375,0.025,-320.8722961225823
0.3375,0.037500000000000006,-320.5676713008969
0.3375,0.05,-320.2732426878621
0.3375,0.0625,-319.98908971366654
0.3375,0.07500000000000001,-319.7152912385281
0.3375,0.08750000000000001,-319.45192551965107
0.3375,0.1,-319.19907017671886
0.3375,0.1125,-318.95680215591574
0.3375,0.125,-318.725197692475
0.3375,0.1375,-318.50433227175284
0.3375,0.15000000000000002,-318.29428058883514
0.3375,0.1625,-318.09511650668605
0.3375,0.17500000000000002,-317.9069130128453
0.3375,0.1875,-317.7297421746969
0.3375,0.2,-317.5636750933275
0.3375,0.21250000000000002,-317.4087818559946
0.3375,0.225,-317.26513148724075
0.3375,0.23750000000000002,-317.1327918986802
0.3375,0.25,-317.01182983749857
0.3375,0.2625,-316.90231083370594
0.3375,0.275,-316.8042991461912
0.3375,0.28750000000000003,-316.71785770762557
0.3375,0.30000000000000004,-316.643048068273
0.3375,0.3125,-316.57993033876426
0.3375,0.325,-316.52856313190296
0.3375,0.3375,-316.4890035035663
0.3375,0.35000000000000003,-316.4613068927774
0.3375,0.36250000000000004,-316.445527061025
0.3375,0.375,-316.44171603091246
0.3375,0.3875,-316.4499240242205
0.3375,0.4,-316.47019939947324
0.3375,0.41250000000000003,-316.50258858910183
0.3375,0.42500000000000004,-316.5471360363029
0.3375,0.4375,-316.6038841316909
0.3375,0.45,-316.6728731498519
0.3375,0.4625,-316.7541411859012
0.3375,0.47500000000000003,-316.84772409216123
0.3375,0.48750000000000004,-316.95365541506976
0.3375,0.5,-317.0719663324322
0.3375,0.5125,-317.20268559114373
0.3375,0.525,-317.3458394454927
0.3375,0.5375,-317.50145159617404
0.3375,0.5499999999999999,-317.66954313013423
0.3375,0.5625,-317.8501324613716
0.3375,0.575,-318.04323527282014
0.3375,0.5875,-318.2488644594416
0.3375,0.6,-318.4670300726534
0.3375,0.6124999999999999,-318.6977392662185
0.3375,0.625,-318.94099624372285
0.3375,0.6375,-319.19680220776866
0.3375,0.65,-319.46515531100374
0.3375,0.6625,-319.74605060911057
0.3375,0.6749999999999999,-320.0394800158799
0.3375,0.6875,-320.34543226048106
0.3375,0.7,-320.6638928470512
0.3375,0.7125,-320.994844016709
0.3375,0.725,-321.33826471211205
0.3375,0.7374999999999999,-321.6941305446553
0.3375,0.75,-322.06241376441596
0.3375,0.7625,-322.44308323294325
0.3375,0.775,-322.83610439898484
0.3375,0.7875,-323.24143927723594
0.3375,0.8,-323.65904643019655
0.3375,0.8125,-324.08888095321225
0.3375,0.825,-324.5308944627683
0.3375,0.8375,-324.9850350881038
0.3375,0.85,-325.45124746620223
0.3375,0.8625,-325.9294727402119
0.3375,0.875,-326.41964856133984
0.3375,0.8875,-326.9217090942563
0.3375,0.9,-327.43558502604157
0.3375,0.9125,-327.9612035787005
0.3375,0.925,-328.4984885252533
0.3375,0.9375,-329.0473602094199
0.3375,0.95,-329.607735568891
0.3375,0.9625,-330.1795281621852
0.3375,0.975,-330.76264819907084
0.3375,0.9875,-331.3570025745361
0.3375,1.0,-331.96249490627446
0.35000000000000003,0.0,-320.8909859052834
0.35000000000000003,0.0125,-320.5662090802675
0.35000000000000003,0.025,-320.251468018507
0.35000000000000003,0.037500000000000006,-319.94684319682176
0.35000000000000003,0.05,-319.6524145837868
0.35000000000000003,0.0625,-319.3682616095912
0.35000000000000003,0.07500000000000001,-319.0944631344529
0.35000000000000003,0.08750000000000001,-318.83109741557587
0.35000000000000003,0.1,-318.57824207264355
0.35000000000000003,0.1125,-318.3359740518404
0.35000000000000003,0.125,-318.10436958839966
0.35000000000000003,0.1375,-317.88350416767736
0.35000000000000003,0.15000000000000002,-317.6734524847601
0.35000000000000003,0.1625,-317.4742884026109
0.35000000000000003,0.17500000000000002,-317.28608490877014
0.35000000000000003,0.1875,-317.1089140706217
0.35000000000000003,0.2,-316.9428469892521
0.35000000000000003,0.21250000000000002,-316.7879537519192
0.35000000000000003,0.225,-316.64430338316544
0.35000000000000003,0.23750000000000002,-316.5119637946049
0.35000000000000003,0.25,-316.3910017334233
0.35000000000000003,0.2625,-316.2814827296307
0.35000000000000003,0.275,-316.183471042116
0.35000000000000003,0.28750000000000003,-316.0970296035505
0.35000000000000003,0.30000000000000004,-316.02221996419763
0.35000000000000003,0.3125,-315.959102234689
0.35000000000000003,0.325,-315.9077350278278
0.35000000000000003,0.3375,-315.86817539949124
0.35000000000000003,0.35000000000000003,-315.8404787887022
0.35000000000000003,0.36250000000000004,-315.82469895694976
0.35000000000000003,0.375,-315.8208879268374
0.35000000000000003,0.3875,-315.8290959201453
0.35000000000000003,0.4,-315.849371295398
0.35000000000000003,0.41250000000000003,-315.88176048502675
0.35000000000000003,0.42500000000000004,-315.9263079322277
0.35000000000000003,0.4375,-315.98305602761576
0.35000000000000003,0.45,-316.0520450457767
0.35000000000000003,0.4625,-316.1333130818259
0.35000000000000003,0.47500000000000003,-316.226895988086
0.35000000000000003,0.48750000000000004,-316.33282731099433
0.35000000000000003,0.5,-316.45113822835714
0.35000000000000003,0.5125,-316.58185748706836
0.35000000000000003,0.525,-316.72501134141737
0.35000000000000003,0.5375,-316.88062349209895
0.35000000000000003,0.5499999999999999,-317.0487150260591
0.35000000000000003,0.5625,-317.2293043572964
0.35000000000000003,0.575,-317.4224071687449
0.35000000000000003,0.5875,-317.6280363553665
0.35000000000000003,0.6,-317.8462019685784
0.35000000000000003,0.6124999999999999,-318.0769111621433
0.35000000000000003,0.625,-318.32016813964776
0.35000000000000003,0.6375,-318.5759741036935
0.35000000000000003,0.65,-318.8443272069286
0.35000000000000003,0.6625,-319.12522250503514
0.35000000000000003,0.6749999999999999,-319.4186519118047
0.35000000000000003,0.6875,-319.7246041564061
0.35000000000000003,0.7,-320.04306474297607
0.35000000000000003,0.7125,-320.37401591263375
0.35000000000000003,0.725,-320.71743660803685
0.35000000000000003,0.7374999999999999,-321.0733024405802
0.35000000000000003,0.75,-321.4415856603407
0.35000000000000003,0.7625,-321.8222551288681
0.35000000000000003,0.775,-322.21527629490976
0.35000000000000003,0.7875,-322.62061117316074
0.35000000000000003,0.8,-323.0382183261215
0.35000000000000003,0.8125,-323.46805284913705
0.35000000000000003,0.825,-323.9100663586933
0.35000000000000003,0.8375,-324.36420698402856
0.35000000000000003,0.85,-324.8304193621271
0.35000000000000003,0.8625,-325.3086446361369
0.35000000000000003,0.875,-325.79882045726475
0.35000000000000003,0.8875,-326.3008809901808
0.35000000000000003,0.9,-326.8147569219664
0.35000000000000003,0.9125,-327.34037547462543
0.35000000000000003,0.925,-327.8776604211781
0.35000000000000003,0.9375,-328.42653210534434
0.35000000000000003,0.95,-328.98690746481566
0.35000000000000003,0.9625,-329.55870005810993
0.35000000000000003,0.975,-330.14182009499564
0.35000000000000003,0.9875,-330.736174470461
0.35000000000000003,1.0,-331.3416668021992
0.36250000000000004,0.0,-320.2885465198985
0.36250000000000004,0.0125,-319.96376969488284
0.36250000000000004,0.025,-319.64902863312244
0.36250000000000004,0.037500000000000006,-319.34440381143713
0.36250000000000004,0.05,-319.049975198402
0.36250000000000004,0.0625,-318.76582222420666
0.36250000000000004,0.07500000000000001,-318.4920237490682
0.36250000000000004,0.08750000000000001,-318.2286580301913
0.36250000000000004,0.1,-317.9758026872588
0.36250000000000004,0.1125,-317.7335346664558
0.36250000000000004,0.125,-317.50193020301515
0.36250000000000004,0.1375,-317.28106478229284
0.36250000000000004,0.15000000000000002,-317.0710130993754
0.36250000000000004,0.1625,-316.8718490172262
0.36250000000000004,0.17500000000000002,-316.6836455233852
0.36250000000000004,0.1875,-316.50647468523727
0.36250000000000004,0.2,-316.3404076038676
0.36250000000000004,0.21250000000000002,-316.18551436653456
0.36250000000000004,0.225,-316.041863997781
0.36250000000000004,0.23750000000000002,-315.9095244092204
0.36250000000000004,0.25,-315.7885623480388
0.36250000000000004,0.2625,-315.6790433442462
0.36250000000000004,0.275,-315.58103165673145
0.36250000000000004,0.28750000000000003,-315.4945902181659
0.36250000000000004,0.30000000000000004,-315.41978057881306
0.36250000000000004,0.3125,-315.35666284930454
0.36250000000000004,0.325,-315.30529564244324
0.36250000000000004,0.3375,-315.26573601410666
0.36250000000000004,0.35000000000000003,-315.2380394033174
0.36250000000000004,0.36250000000000004,-315.2222595715651
0.36250000000000004,0.375,-315.2184485414527
0.36250000000000004,0.3875,-315.22665653476076
0.36250000000000004,0.4,-315.24693191001336
0.36250000000000004,0.41250000000000003,-315.2793210996421
0.36250000000000004,0.42500000000000004,-315.323868546843
0.36250000000000004,0.4375,-315.3806166422312
0.36250000000000004,0.45,-315.4496056603921
0.36250000000000004,0.4625,-315.5308736964413
0.36250000000000004,0.47500000000000003,-315.62445660270157
0.36250000000000004,0.48750000000000004,-315.7303879256099
0.36250000000000004,0.5,-315.8486988429724
0.36250000000000004,0.5125,-315.97941810168396
0.36250000000000004,0.525,-316.12257195603274
0.36250000000000004,0.5375,-316.27818410671426
0.36250000000000004,0.5499999999999999,-316.4462756406744
0.36250000000000004,0.5625,-316.6268649719117
0.36250000000000004,0.575,-316.8199677833604
0.36250000000000004,0.5875,-317.02559696998196
0.36250000000000004,0.6,-317.24376258319364
0.36250000000000004,0.6124999999999999,-317.4744717767585
0.36250000000000004,0.625,-317.71772875426296
0.36250000000000004,0.6375,-317.97353471830905
0.36250000000000004,0.65,-318.2418878215438
0.36250000000000004,0.6625,-318.52278311965057
0.36250000000000004,0.6749999999999999,-318.8162125264201
0.36250000000000004,0.6875,-319.1221647710214
0.36250000000000004,0.7,-319.44062535759133
0.36250000000000004,0.7125,-319.7715765272491
0.36250000000000004,0.725,-320.11499722265245
0.36250000000000004,0.7374999999999999,-320.47086305519554
0.36250000000000004,0.75,-320.83914627495597
0.36250000000000004,0.7625,-321.2198157434836
0.36250000000000004,0.775,-321.61283690952496
0.36250000000000004,0.7875,-322.018171787776
0.36250000000000004,0.8,-322.4357789407367
0.36250000000000004,0.8125,-322.8656134637525
0.36250000000000004,0.825,-323.30762697330863
0.36250000000000004,0.8375,-323.7617675986439
0.36250000000000004,0.85,-324.22797997674246
0.36250000000000004,0.8625,-324.706205250752
0.36250000000000004,0.875,-325.19638107188007
0.36250000000000004,0.8875,-325.6984416047964
0.36250000000000004,0.9,-326.21231753658185
0.36250000000000004,0.9125,-326.73793608924086
0.36250000000000004,0.925,-327.27522103579366
0.36250000000000004,0.9375,-327.8240927199601
0.36250000000000004,0.95,-328.3844680794311
0.36250000000000004,0.9625,-328.95626067272536
0.36250000000000004,0.975,-329.539380709611
0.36250000000000004,0.9875,-330.1337350850765
0.36250000000000004,1.0,-330.7392274168145
0.375,0.0,-319.7047338243236
0.375,0.0125,-319.3799569993081
0.375,0.025,-319.06521593754763
0.375,0.037500000000000006,-318.76059111586227
0.375,0.05,-318.4661625028273
0.375,0.0625,-318.18200952863185
0.375,0.07500000000000001,-317.9082110534934
0.375,0.08750000000000001,-317.64484533461643
0.375,0.1,-317.3919899916842
0.375,0.1125,-317.1497219708812
0.375,0.125,-316.91811750744046
0.375,0.1375,-316.69725208671804
0.375,0.15000000000000002,-316.48720040380067
0.375,0.1625,-316.28803632165125
0.375,0.17500000000000002,-316.09983282781053
0.375,0.1875,-315.9226619896623
0.375,0.2,-315.7565949082928
0.375,0.21250000000000002,-315.60170167095987
0.375,0.225,-315.458051302206
0.375,0.23750000000000002,-315.32571171364555
0.375,0.25,-315.20474965246376
0.375,0.2625,-315.0952306486713
0.375,0.275,-314.99721896115665
0.375,0.28750000000000003,-314.91077752259093
0.375,0.30000000000000004,-314.83596788323825
0.375,0.3125,-314.7728501537297
0.375,0.325,-314.72148294686843
0.375,0.3375,-314.6819233185318
0.375,0.35000000000000003,-314.6542267077427
0.375,0.36250000000000004,-314.6384468759902
0.375,0.375,-314.63463584587794
0.375,0.3875,-314.6428438391859
0.375,0.4,-314.6631192144386
0.375,0.41250000000000003,-314.6955084040671
0.375,0.42500000000000004,-314.7400558512682
0.375,0.4375,-314.7968039466564
0.375,0.45,-314.8657929648173
0.375,0.4625,-314.9470610008665
0.375,0.47500000000000003,-315.0406439071266
0.375,0.48750000000000004,-315.146575230035
0.375,0.5,-315.26488614739776
0.375,0.5125,-315.39560540610887
0.375,0.525,-315.5387592604578
0.375,0.5375,-315.6943714111394
0.375,0.5499999999999999,-315.86246294509965
0.375,0.5625,-316.0430522763367
0.375,0.575,-316.2361550877855
0.375,0.5875,-316.441784274407
0.375,0.6,-316.65994988761884
0.375,0.6124999999999999,-316.8906590811837
0.375,0.625,-317.13391605868827
0.375,0.6375,-317.38972202273413
0.375,0.65,-317.658075125969
0.375,0.6625,-317.9389704240758
0.375,0.6749999999999999,-318.2323998308451
0.375,0.6875,-318.53835207544677
0.375,0.7,-318.8568126620165
0.375,0.7125,-319.1877638316742
0.375,0.725,-319.5311845270775
0.375,0.7374999999999999,-319.88705035962073
0.375,0.75,-320.25533357938133
0.375,0.7625,-320.63600304790873
0.375,0.775,-321.02902421395027
0.375,0.7875,-321.4343590922011
0.375,0.8,-321.8519662451621
0.375,0.8125,-322.2818007681775
0.375,0.825,-322.7238142777336
0.375,0.8375,-323.17795490306935
0.375,0.85,-323.64416728116754
0.375,0.8625,-324.12239255517744
0.375,0.875,-324.61256837630526
0.375,0.8875,-325.1146289092216
0.375,0.9,-325.62850484100704
0.375,0.9125,-326.1541233936659
0.375,0.925,-326.69140834021874
0.375,0.9375,-327.24028002438524
0.375,0.95,-327.8006553838562
0.375,0.9625,-328.3724479771507
0.375,0.975,-328.9555680140363
0.375,0.9875,-329.5499223895015
0.375,1.0,-330.1554147212398
0.3875,0.0,-319.13978279971764
0.3875,0.0125,-318.81500597470193
0.3875,0.025,-318.5002649129415
0.3875,0.037500000000000006,-318.19564009125617
0.3875,0.05,-317.90121147822106
0.3875,0.0625,-317.6170585040258
0.3875,0.07500000000000001,-317.34326002888736
0.3875,0.08750000000000001,-317.0798943100104
0.3875,0.1,-316.827038967078
0.3875,0.1125,-316.5847709462749
0.3875,0.125,-316.35316648283424
0.3875,0.1375,-316.1323010621118
0.3875,0.15000000000000002,-315.92224937919457
0.3875,0.1625,-315.7230852970453
0.3875,0.17500000000000002,-315.5348818032044
0.3875,0.1875,-315.3577109650561
0.3875,0.2,-315.1916438836867
0.3875,0.21250000000000002,-315.03675064635354
0.3875,0.225,-314.89310027759984
0.3875,0.23750000000000002,-314.76076068903944
0.3875,0.25,-314.6397986278579
0.3875,0.2625,-314.53027962406543
0.3875,0.275,-314.4322679365506
0.3875,0.28750000000000003,-314.345826497985
0.3875,0.30000000000000004,-314.27101685863204
0.3875,0.3125,-314.2078991291237
0.3875,0.325,-314.15653192226233
0.3875,0.3375,-314.1169722939257
0.3875,0.35000000000000003,-314.08927568313663
0.3875,0.36250000000000004,-314.07349585138394
0.3875,0.375,-314.06968482127184
0.3875,0.3875,-314.07789281457974
0.3875,0.4,-314.09816818983256
0.3875,0.41250000000000003,-314.13055737946115
0.3875,0.42500000000000004,-314.175104826662
0.3875,0.4375,-314.23185292205034
0.3875,0.45,-314.30084194021134
0.3875,0.4625,-314.3821099762603
0.3875,0.47500000000000003,-314.4756928825207
0.3875,0.48750000000000004,-314.5816242054289
0.3875,0.5,-314.6999351227914
0.3875,0.5125,-314.8306543815029
0.3875,0.525,-314.9738082358518
0.3875,0.5375,-315.12942038653324
0.3875,0.5499999999999999,-315.29751192049343
0.3875,0.5625,-315.47810125173095
0.3875,0.575,-315.6712040631794
0.3875,0.5875,-315.8768332498008
0.3875,0.6,-316.0949988630129
0.3875,0.6124999999999999,-316.32570805657764
0.3875,0.625,-316.568965034082
0.3875,0.6375,-316.82477099812803
0.3875,0.65,-317.0931241013629
0.3875,0.6625,-317.37401939946966
0.3875,0.6749999999999999,-317.66744880623907
0.3875,0.6875,-317.9734010508405
0.3875,0.7,-318.29186163741053
0.3875,0.7125,-318.6228128070682
0.3875,0.725,-318.96623350247137
0.3875,0.7374999999999999,-319.32209933501474
0.3875,0.75,-319.69038255477517
0.3875,0.7625,-320.0710520233026
0.3875,0.775,-320.4640731893442
0.3875,0.7875,-320.86940806759515
0.3875,0.8,-321.2870152205559
0.3875,0.8125,-321.7168497435716
0.3875,0.825,-322.1588632531275
0.3875,0.8375,-322.6130038784631
0.3875,0.85,-323.07921625656144
0.3875,0.8625,-323.5574415305713
0.3875,0.875,-324.0476173516992
0.3875,0.8875,-324.54967788461516
0.3875,0.9,-325.0635538164011
0.3875,0.9125,-325.5891723690599
0.3875,0.925,-326.1264573156126
0.3875,0.9375,-326.6753289997789
0.3875,0.95,-327.23570435925024
0.3875,0.9625,-327.8074969525446
0.3875,0.975,-328.39061698943
0.3875,0.9875,-328.98497136489544
0.3875,1.0,-329.5904636966335
0.4,0.0,-318.593925232092
0.4,0.0125,-318.26914840707616
0.4,0.025,-317.95440734531564
0.4,0.037500000000000006,-317.6497825236304
0.4,0.05,-317.35535391059545
0.4,0.0625,-317.0712009363999
0.4,0.07500000000000001,-316.7974024612617
0.4,0.08750000000000001,-316.5340367423845
0.4,0.1,-316.2811813994523
0.4,0.1125,-316.03891337864917
0.4,0.125,-315.80730891520864
0.4,0.1375,-315.58644349448605
0.4,0.15000000000000002,-315.37639181156874
0.4,0.1625,-315.1772277294196
0.4,0.17500000000000002,-314.98902423557877
0.4,0.1875,-314.8118533974305
0.4,0.2,-314.64578631606076
0.4,0.21250000000000002,-314.490893078728
0.4,0.225,-314.3472427099742
0.4,0.23750000000000002,-314.2149031214137
0.4,0.25,-314.0939410602321
0.4,0.2625,-313.9844220564394
0.4,0.275,-313.8864103689248
0.4,0.28750000000000003,-313.79996893035917
0.4,0.30000000000000004,-313.7251592910063
0.4,0.3125,-313.66204156149786
0.4,0.325,-313.61067435463667
0.4,0.3375,-313.57111472629987
0.4,0.35000000000000003,-313.5434181155108
0.4,0.36250000000000004,-313.52763828375845
0.4,0.375,-313.5238272536462
0.4,0.3875,-313.53203524695414
0.4,0.4,-313.55231062220685
0.4,0.41250000000000003,-313.5846998118354
0.4,0.42500000000000004,-313.62924725903633
0.4,0.4375,-313.68599535442456
0.4,0.45,-313.7549843725854
0.4,0.4625,-313.8362524086347
0.4,0.47500000000000003,-313.929835314895
0.4,0.48750000000000004,-314.03576663780314
0.4,0.5,-314.1540775551659
0.4,0.5125,-314.2847968138773
0.4,0.525,-314.42795066822623
0.4,0.5375,-314.58356281890747
0.4,0.5499999999999999,-314.7516543528677
0.4,0.5625,-314.9322436841053
0.4,0.575,-315.1253464955537
0.4,0.5875,-315.33097568217516
0.4,0.6,-315.54914129538713
0.4,0.6124999999999999,-315.77985048895187
0.4,0.625,-316.0231074664564
0.4,0.6375,-316.27891343050226
0.4,0.65,-316.5472665337372
0.4,0.6625,-316.82816183184394
0.4,0.6749999999999999,-317.1215912386133
0.4,0.6875,-317.42754348321483
0.4,0.7,-317.74600406978465
0.4,0.7125,-318.0769552394424
0.4,0.725,-318.4203759348455
0.4,0.7374999999999999,-318.7762417673887
0.4,0.75,-319.1445249871494
0.4,0.7625,-319.52519445567685
0.4,0.775,-319.9182156217185
0.4,0.7875,-320.3235504999694
0.4,0.8,-320.74115765293004
0.4,0.8125,-321.1709921759459
0.4,0.825,-321.61300568550195
0.4,0.8375,-322.0671463108375
0.4,0.85,-322.53335868893555
0.4,0.8625,-323.01158396294556
0.4,0.875,-323.50175978407344
0.4,0.8875,-324.00382031698973
0.4,0.9,-324.5176962487751
0.4,0.9125,-325.0433148014341
0.4,0.925,-325.580599747987
0.4,0.9375,-326.12947143215325
0.4,0.95,-326.68984679162446
0.4,0.9625,-327.2616393849186
0.4,0.975,-327.84475942180427
0.4,0.9875,-328.4391137972699
0.4,1.0,-329.0446061290077
0.41250000000000003,0.0,-318.06738950642267
0.41250000000000003,0.0125,-317.74261268140697
0.41250000000000003,0.025,-317.42787161964657
0.41250000000000003,0.037500000000000006,-317.1232467979614
0.41250000000000003,0.05,-316.8288181849263
0.41250000000000003,0.0625,-316.5446652107308
0.41250000000000003,0.07500000000000001,-316.27086673559256
0.41250000000000003,0.08750000000000001,-316.0075010167155
0.41250000000000003,0.1,-315.7546456737832
0.41250000000000003,0.1125,-315.5123776529803
0.41250000000000003,0.125,-315.28077318953945
0.41250000000000003,0.1375,-315.05990776881714
0.41250000000000003,0.15000000000000002,-314.8498560858997
0.41250000000000003,0.1625,-314.65069200375063
0.41250000000000003,0.17500000000000002,-314.46248850990975
0.41250000000000003,0.1875,-314.28531767176145
0.41250000000000003,0.2,-314.11925059039186
0.41250000000000003,0.21250000000000002,-313.9643573530587
0.41250000000000003,0.225,-313.820706984305
0.41250000000000003,0.23750000000000002,-313.6883673957446
0.41250000000000003,0.25,-313.567405334563
0.41250000000000003,0.2625,-313.4578863307704
0.41250000000000003,0.275,-313.35987464325575
0.41250000000000003,0.28750000000000003,-313.2734332046901
0.41250000000000003,0.30000000000000004,-313.1986235653373
0.41250000000000003,0.3125,-313.1355058358286
0.41250000000000003,0.325,-313.0841386289675
0.41250000000000003,0.3375,-313.0445790006308
0.41250000000000003,0.35000000000000003,-313.01688238984167
0.41250000000000003,0.36250000000000004,-313.00110255808926
0.41250000000000003,0.375,-312.99729152797704
0.41250000000000003,0.3875,-313.0054995212849
0.41250000000000003,0.4,-313.02577489653765
0.41250000000000003,0.41250000000000003,-313.05816408616624
0.41250000000000003,0.42500000000000004,-313.1027115333673
0.41250000000000003,0.4375,-313.1594596287554
0.41250000000000003,0.45,-313.22844864691643
0.41250000000000003,0.4625,-313.30971668296564
0.41250000000000003,0.47500000000000003,-313.40329958922587
0.41250000000000003,0.48750000000000004,-313.50923091213406
0.41250000000000003,0.5,-313.6275418294966
0.41250000000000003,0.5125,-313.75826108820814
0.41250000000000003,0.525,-313.9014149425572
0.41250000000000003,0.5375,-314.05702709323833
0.41250000000000003,0.5499999999999999,-314.2251186271986
0.41250000000000003,0.5625,-314.405707958436
0.41250000000000003,0.575,-314.5988107698845
0.41250000000000003,0.5875,-314.80443995650603
0.41250000000000003,0.6,-315.02260556971794
0.41250000000000003,0.6124999999999999,-315.2533147632827
0.41250000000000003,0.625,-315.4965717407872
0.41250000000000003,0.6375,-315.75237770483307
0.41250000000000003,0.65,-316.02073080806815
0.41250000000000003,0.6625,-316.301626106175
0.41250000000000003,0.6749999999999999,-316.59505551294427
0.41250000000000003,0.6875,-316.90100775754564
0.41250000000000003,0.7,-317.21946834411546
0.41250000000000003,0.7125,-317.5504195137735
0.41250000000000003,0.725,-317.8938402091766
0.41250000000000003,0.7374999999999999,-318.2497060417197
0.41250000000000003,0.75,-318.6179892614803
0.41250000000000003,0.7625,-318.99865873000766
0.41250000000000003,0.775,-319.3916798960493
0.41250000000000003,0.7875,-319.79701477430024
0.41250000000000003,0.8,-320.21462192726074
0.41250000000000003,0.8125,-320.6444564502765
0.41250000000000003,0.825,-321.0864699598329
0.41250000000000003,0.8375,-321.54061058516805
0.41250000000000003,0.85,-322.0068229632666
0.41250000000000003,0.8625,-322.4850482372764
0.41250000000000003,0.875,-322.9752240584043
0.41250000000000003,0.8875,-323.47728459132054
0.41250000000000003,0.9,-323.991160523106
0.41250000000000003,0.9125,-324.51677907576504
0.41250000000000003,0.925,-325.0540640223178
0.41250000000000003,0.9375,-325.6029357064842
0.41250000000000003,0.95,-326.16331106595555
0.41250000000000003,0.9625,-326.7351036592495
0.41250000000000003,0.975,-327.3182236961353
0.41250000000000003,0.9875,-327.91257807160076
0.41250000000000003,1.0,-328.51807040333887
0.42500000000000004,0.0,-317.56040040034014
0.42500000000000004,0.0125,-317.2356235753244
0.42500000000000004,0.025,-316.92088251356404
0.42500000000000004,0.037500000000000006,-316.61625769187873
0.42500000000000004,0.05,-316.32182907884356
0.42500000000000004,0.0625,-316.0376761046482
0.42500000000000004,0.07500000000000001,-315.7638776295099
0.42500000000000004,0.08750000000000001,-315.5005119106326
0.42500000000000004,0.1,-315.2476565677005
0.42500000000000004,0.1125,-315.00538854689745
0.42500000000000004,0.125,-314.77378408345675
0.42500000000000004,0.1375,-314.5529186627343
0.42500000000000004,0.15000000000000002,-314.342866979817
0.42500000000000004,0.1625,-314.1437028976679
0.42500000000000004,0.17500000000000002,-313.955499403827
0.42500000000000004,0.1875,-313.77832856567863
0.42500000000000004,0.2,-313.61226148430904
0.42500000000000004,0.21250000000000002,-313.45736824697605
0.42500000000000004,0.225,-313.31371787822223
0.42500000000000004,0.23750000000000002,-313.18137828966195
0.42500000000000004,0.25,-313.06041622848034
0.42500000000000004,0.2625,-312.9508972246876
0.42500000000000004,0.275,-312.8528855371729
0.42500000000000004,0.28750000000000003,-312.76644409860745
0.42500000000000004,0.30000000000000004,-312.6916344592545
0.42500000000000004,0.3125,-312.6285167297462
0.42500000000000004,0.325,-312.57714952288484
0.42500000000000004,0.3375,-312.5375898945481
0.42500000000000004,0.35000000000000003,-312.5098932837589
0.42500000000000004,0.36250000000000004,-312.4941134520066
0.42500000000000004,0.375,-312.4903024218942
0.42500000000000004,0.3875,-312.4985104152023
0.42500000000000004,0.4,-312.518785790455
0.42500000000000004,0.41250000000000003,-312.5511749800836
0.42500000000000004,0.42500000000000004,-312.5957224272845
0.42500000000000004,0.4375,-312.6524705226728
0.42500000000000004,0.45,-312.7214595408336
0.42500000000000004,0.4625,-312.8027275768829
0.42500000000000004,0.47500000000000003,-312.8963104831432
0.42500000000000004,0.48750000000000004,-313.0022418060513
0.42500000000000004,0.5,-313.1205527234141
0.42500000000000004,0.5125,-313.25127198212533
0.42500000000000004,0.525,-313.39442583647434
0.42500000000000004,0.5375,-313.55003798715563
0.42500000000000004,0.5499999999999999,-313.71812952111594
0.42500000000000004,0.5625,-313.89871885235334
0.42500000000000004,0.575,-314.09182166380197
0.42500000000000004,0.5875,-314.2974508504237
0.42500000000000004,0.6,-314.5156164636353
0.42500000000000004,0.6124999999999999,-314.7463256572002
0.42500000000000004,0.625,-314.9895826347046
0.42500000000000004,0.6375,-315.24538859875054
0.42500000000000004,0.65,-315.51374170198545
0.42500000000000004,0.6625,-315.7946370000922
0.42500000000000004,0.6749999999999999,-316.0880664068615
0.42500000000000004,0.6875,-316.3940186514631
0.42500000000000004,0.7,-316.7124792380329
0.42500000000000004,0.7125,-317.0434304076907
0.42500000000000004,0.725,-317.3868511030937
0.42500000000000004,0.7374999999999999,-317.74271693563696
0.42500000000000004,0.75,-318.11100015539773
0.42500000000000004,0.7625,-318.491669623925
0.42500000000000004,0.775,-318.8846907899666
0.42500000000000004,0.7875,-319.29002566821754
0.42500000000000004,0.8,-319.7076328211782
0.42500000000000004,0.8125,-320.1374673441939
0.42500000000000004,0.825,-320.5794808537499
0.42500000000000004,0.8375,-321.03362147908564
0.42500000000000004,0.85,-321.499833857184
0.42500000000000004,0.8625,-321.97805913119385
0.42500000000000004,0.875,-322.4682349523216
0.42500000000000004,0.8875,-322.97029548523767
0.42500000000000004,0.9,-323.48417141702345
0.42500000000000004,0.9125,-324.00978996968234
0.42500000000000004,0.925,-324.5470749162351
0.42500000000000004,0.9375,-325.0959466004016
0.42500000000000004,0.95,-325.6563219598727
0.42500000000000004,0.9625,-326.22811455316696
0.42500000000000004,0.975,-326.8112345900525
0.42500000000000004,0.9875,-327.4055889655179
0.42500000000000004,1.0,-328.0110812972561
0.4375,0.0,-317.0731788776775
0.4375,0.0125,-316.7484020526617
0.4375,0.025,-316.4336609909014
0.4375,0.037500000000000006,-316.1290361692161
0.4375,0.05,-315.83460755618086
0.4375,0.0625,-315.55045458198566
0.4375,0.07500000000000001,-315.27665610684727
0.4375,0.08750000000000001,-315.0132903879701
0.4375,0.1,-314.7604350450379
0.4375,0.1125,-314.5181670242349
0.4375,0.125,-314.2865625607941
0.4375,0.1375,-314.0656971400717
0.4375,0.15000000000000002,-313.8556454571543
0.4375,0.1625,-313.6564813750053
0.4375,0.17500000000000002,-313.4682778811642
0.4375,0.1875,-313.29110704301615
0.4375,0.2,-313.1250399616464
0.4375,0.21250000000000002,-312.9701467243138
0.4375,0.225,-312.82649635555975
0.4375,0.23750000000000002,-312.69415676699936
0.4375,0.25,-312.5731947058177
0.4375,0.2625,-312.463675702025
0.4375,0.275,-312.36566401451046
0.4375,0.28750000000000003,-312.27922257594463
0.4375,0.30000000000000004,-312.204412936592
0.4375,0.3125,-312.14129520708343
0.4375,0.325,-312.08992800022213
0.4375,0.3375,-312.0503683718855
0.4375,0.35000000000000003,-312.02267176109626
0.4375,0.36250000000000004,-312.00689192934374
0.4375,0.375,-312.0030808992316
0.4375,0.3875,-312.0112888925397
0.4375,0.4,-312.0315642677923
0.4375,0.41250000000000003,-312.0639534574209
0.4375,0.42500000000000004,-312.10850090462174
0.4375,0.4375,-312.1652490000101
0.4375,0.45,-312.234238018171
0.4375,0.4625,-312.3155060542202
0.4375,0.47500000000000003,-312.40908896048046
0.4375,0.48750000000000004,-312.5150202833888
0.4375,0.5,-312.6333312007514
0.4375,0.5125,-312.76405045946285
0.4375,0.525,-312.90720431381175
0.4375,0.5375,-313.0628164644931
0.4375,0.5499999999999999,-313.2309079984534
0.4375,0.5625,-313.41149732969063
0.4375,0.575,-313.60460014113914
0.4375,0.5875,-313.8102293277608
0.4375,0.6,-314.02839494097276
0.4375,0.6124999999999999,-314.2591041345376
0.4375,0.625,-314.5023611120419
0.4375,0.6375,-314.75816707608794
0.4375,0.65,-315.0265201793227
0.4375,0.6625,-315.30741547742963
0.4375,0.6749999999999999,-315.6008448841988
0.4375,0.6875,-315.90679712880046
0.4375,0.7,-316.22525771537016
0.4375,0.7125,-316.5562088850281
0.4375,0.725,-316.89962958043134
0.4375,0.7374999999999999,-317.2554954129744
0.4375,0.75,-317.6237786327351
0.4375,0.7625,-318.00444810126237
0.4375,0.775,-318.397469267304
0.4375,0.7875,-318.802804145555
0.4375,0.8,-319.2204112985157
0.4375,0.8125,-319.6502458215315
0.4375,0.825,-320.0922593310874
0.4375,0.8375,-320.5463999564228
0.4375,0.85,-321.01261233452135
0.4375,0.8625,-321.490837608531
0.4375,0.875,-321.9810134296591
0.4375,0.8875,-322.4830739625751
0.4375,0.9,-322.9969498943608
0.4375,0.9125,-323.5225684470198
0.4375,0.925,-324.0598533935725
0.4375,0.9375,-324.608725077739
0.4375,0.95,-325.16910043721015
0.4375,0.9625,-325.74089303050425
0.4375,0.975,-326.3240130673898
0.4375,0.9875,-326.91836744285536
0.4375,1.0,-327.52385977459346
0.45,0.0,-316.60594188217465
0.45,0.0125,-316.2811650571588
0.45,0.025,-315.9664239953984
0.45,0.037500000000000006,-315.661799173713
0.45,0.05,-315.3673705606782
0.45,0.0625,-315.0832175864829
0.45,0.07500000000000001,-314.80941911134437
0.45,0.08750000000000001,-314.5460533924671
0.45,0.1,-314.29319804953485
0.45,0.1125,-314.05093002873195
0.45,0.125,-313.8193255652912
0.45,0.1375,-313.5984601445689
0.45,0.15000000000000002,-313.3884084616515
0.45,0.1625,-313.18924437950244
0.45,0.17500000000000002,-313.00104088566127
0.45,0.1875,-312.82387004751297
0.45,0.2,-312.6578029661436
0.45,0.21250000000000002,-312.50290972881066
0.45,0.225,-312.35925936005697
0.45,0.23750000000000002,-312.2269197714963
0.45,0.25,-312.1059577103148
0.45,0.2625,-311.9964387065221
0.45,0.275,-311.89842701900733
0.45,0.28750000000000003,-311.81198558044184
0.45,0.30000000000000004,-311.73717594108916
0.45,0.3125,-311.67405821158036
0.45,0.325,-311.6226910047193
0.45,0.3375,-311.58313137638254
0.45,0.35000000000000003,-311.5554347655934
0.45,0.36250000000000004,-311.53965493384106
0.45,0.375,-311.53584390372845
0.45,0.3875,-311.5440518970367
0.45,0.4,-311.56432727228946
0.45,0.41250000000000003,-311.59671646191805
0.45,0.42500000000000004,-311.6412639091192
0.45,0.4375,-311.69801200450706
0.45,0.45,-311.76700102266807
0.45,0.4625,-311.8482690587171
0.45,0.47500000000000003,-311.94185196497745
0.45,0.48750000000000004,-312.0477832878858
0.45,0.5,-312.1660942052486
0.45,0.5125,-312.29681346396
0.45,0.525,-312.4399673183089
0.45,0.5375,-312.5955794689903
0.45,0.5499999999999999,-312.76367100295045
0.45,0.5625,-312.9442603341878
0.45,0.575,-313.1373631456364
0.45,0.5875,-313.342992332258
0.45,0.6,-313.56115794546963
0.45,0.6124999999999999,-313.79186713903465
0.45,0.625,-314.03512411653907
0.45,0.6375,-314.29093008058504
0.45,0.65,-314.55928318381984
0.45,0.6625,-314.84017848192667
0.45,0.6749999999999999,-315.13360788869613
0.45,0.6875,-315.4395601332974
0.45,0.7,-315.7580207198673
0.45,0.7125,-316.0889718895251
0.45,0.725,-316.4323925849284
0.45,0.7374999999999999,-316.7882584174715
0.45,0.75,-317.15654163723207
0.45,0.7625,-317.5372111057595
0.45,0.775,-317.9302322718012
0.45,0.7875,-318.33556715005204
0.45,0.8,-318.7531743030128
0.45,0.8125,-319.18300882602847
0.45,0.825,-319.62502233558445
0.45,0.8375,-320.07916296092
0.45,0.85,-320.54537533901856
0.45,0.8625,-321.0236006130282
0.45,0.875,-321.51377643415617
0.45,0.8875,-322.01583696707246
0.45,0.9,-322.5297128988579
0.45,0.9125,-323.05533145151657
0.45,0.925,-323.5926163980695
0.45,0.9375,-324.14148808223587
0.45,0.95,-324.70186344170696
0.45,0.9625,-325.27365603500135
0.45,0.975,-325.8567760718871
0.45,0.9875,-326.45113044735245
0.45,1.0,-327.0566227790905
0.4625,0.0,-316.1589021316281
0.4625,0.0125,-315.83412530661246
0.4625,0.025,-315.5193842448518
0.4625,0.037500000000000006,-315.2147594231666
0.4625,0.05,-314.9203308101316
0.4625,0.0625,-314.636177835936
0.4625,0.07500000000000001,-314.36237936079783
0.4625,0.08750000000000001,-314.09901364192064
0.4625,0.1,-313.8461582989884
0.4625,0.1125,-313.60389027818525
0.4625,0.125,-313.3722858147446
0.4625,0.1375,-313.1514203940222
0.4625,0.15000000000000002,-312.9413687111048
0.4625,0.1625,-312.7422046289558
0.4625,0.17500000000000002,-312.5540011351149
0.4625,0.1875,-312.37683029696655
0.4625,0.2,-312.2107632155969
0.4625,0.21250000000000002,-312.05586997826407
0.4625,0.225,-311.91221960951026
0.4625,0.23750000000000002,-311.77988002094986
0.4625,0.25,-311.6589179597681
0.4625,0.2625,-311.5493989559758
0.4625,0.275,-311.45138726846096
0.4625,0.28750000000000003,-311.36494582989525
0.4625,0.30000000000000004,-311.29013619054246
0.4625,0.3125,-311.22701846103394
0.4625,0.325,-311.17565125417275
0.4625,0.3375,-311.13609162583583
0.4625,0.35000000000000003,-311.10839501504705
0.4625,0.36250000000000004,-311.0926151832946
0.4625,0.375,-311.0888041531821
0.4625,0.3875,-311.09701214649016
0.4625,0.4,-311.1172875217428
0.4625,0.41250000000000003,-311.14967671137157
0.4625,0.42500000000000004,-311.19422415857247
0.4625,0.4375,-311.25097225396075
0.4625,0.45,-311.3199612721216
0.4625,0.4625,-311.40122930817074
0.4625,0.47500000000000003,-311.49481221443097
0.4625,0.48750000000000004,-311.60074353733927
0.4625,0.5,-311.71905445470196
0.4625,0.5125,-311.8497737134133
0.4625,0.525,-311.99292756776237
0.4625,0.5375,-312.1485397184437
0.4625,0.5499999999999999,-312.31663125240397
0.4625,0.5625,-312.4972205836412
0.4625,0.575,-312.6903233950897
0.4625,0.5875,-312.89595258171136
0.4625,0.6,-313.1141181949232
0.4625,0.6124999999999999,-313.3448273884881
0.4625,0.625,-313.5880843659925
0.4625,0.6375,-313.8438903300382
0.4625,0.65,-314.1122434332733
0.4625,0.6625,-314.3931387313802
0.4625,0.6749999999999999,-314.6865681381496
0.4625,0.6875,-314.9925203827509
0.4625,0.7,-315.3109809693209
0.4625,0.7125,-315.64193213897863
0.4625,0.725,-315.98535283438184
0.4625,0.7374999999999999,-316.3412186669249
0.4625,0.75,-316.7095018866854
0.4625,0.7625,-317.090171355213
0.4625,0.775,-317.4831925212545
0.4625,0.7875,-317.8885273995055
0.4625,0.8,-318.3061345524661
0.4625,0.8125,-318.73596907548176
0.4625,0.825,-319.177982585038
0.4625,0.8375,-319.63212321037344
0.4625,0.85,-320.09833558847185
0.4625,0.8625,-320.57656086248153
0.4625,0.875,-321.0667366836096
0.4625,0.8875,-321.5687972165257
0.4625,0.9,-322.0826731483113
0.4625,0.9125,-322.6082917009703
0.4625,0.925,-323.1455766475231
0.4625,0.9375,-323.6944483316893
0.4625,0.95,-324.25482369116065
0.4625,0.9625,-324.8266162844547
0.4625,0.975,-325.4097363213405
0.4625,0.9875,-326.00409069680575
0.4625,1.0,-326.60958302854414
0.47500000000000003,0.0,-315.73226791279205
0.47500000000000003,0.0125,-315.40749108777635
0.47500000000000003,0.025,-315.0927500260159
0.47500000000000003,0.037500000000000006,-314.78812520433064
0.47500000000000003,0.05,-314.4936965912957
0.47500000000000003,0.0625,-314.2095436171003
0.47500000000000003,0.07500000000000001,-313.9357451419619
0.47500000000000003,0.08750000000000001,-313.6723794230847
0.47500000000000003,0.1,-313.4195240801525
0.47500000000000003,0.1125,-313.1772560593496
0.47500000000000003,0.125,-312.94565159590877
0.47500000000000003,0.1375,-312.72478617518647
0.47500000000000003,0.15000000000000002,-312.514734492269
0.47500000000000003,0.1625,-312.31557041011996
0.47500000000000003,0.17500000000000002,-312.1273669162789
0.47500000000000003,0.1875,-311.9501960781307
0.47500000000000003,0.2,-311.7841289967611
0.47500000000000003,0.21250000000000002,-311.6292357594283
0.47500000000000003,0.225,-311.48558539067443
0.47500000000000003,0.23750000000000002,-311.35324580211403
0.47500000000000003,0.25,-311.2322837409323
0.47500000000000003,0.2625,-311.1227647371397
0.47500000000000003,0.275,-311.0247530496251
0.47500000000000003,0.28750000000000003,-310.9383116110595
0.47500000000000003,0.30000000000000004,-310.8635019717068
0.47500000000000003,0.3125,-310.80038424219805
0.47500000000000003,0.325,-310.7490170353369
0.47500000000000003,0.3375,-310.7094574070003
0.47500000000000003,0.35000000000000003,-310.68176079621105
0.47500000000000003,0.36250000000000004,-310.66598096445847
0.47500000000000003,0.375,-310.66216993434614
0.47500000000000003,0.3875,-310.67037792765416
0.47500000000000003,0.4,-310.690653302907
0.47500000000000003,0.41250000000000003,-310.7230424925358
0.47500000000000003,0.42500000000000004,-310.7675899397366
0.47500000000000003,0.4375,-310.8243380351248
0.47500000000000003,0.45,-310.8933270532857
0.47500000000000003,0.4625,-310.97459508933497
0.47500000000000003,0.47500000000000003,-311.06817799559514
0.47500000000000003,0.48750000000000004,-311.1741093185035
0.47500000000000003,0.5,-311.2924202358661
0.47500000000000003,0.5125,-311.42313949457736
0.47500000000000003,0.525,-311.56629334892637
0.47500000000000003,0.5375,-311.7219054996079
0.47500000000000003,0.5499999999999999,-311.88999703356797
0.47500000000000003,0.5625,-312.0705863648053
0.47500000000000003,0.575,-312.26368917625405
0.47500000000000003,0.5875,-312.46931836287547
0.47500000000000003,0.6,-312.6874839760873
0.47500000000000003,0.6124999999999999,-312.91819316965217
0.47500000000000003,0.625,-313.16145014715664
0.47500000000000003,0.6375,-313.4172561112027
0.47500000000000003,0.65,-313.6856092144375
0.47500000000000003,0.6625,-313.9665045125443
0.47500000000000003,0.6749999999999999,-314.2599339193135
0.47500000000000003,0.6875,-314.5658861639149
0.47500000000000003,0.7,-314.88434675048484
0.47500000000000003,0.7125,-315.21529792014263
0.47500000000000003,0.725,-315.55871861554596
0.47500000000000003,0.7374999999999999,-315.914584448089
0.47500000000000003,0.75,-316.2828676678497
0.47500000000000003,0.7625,-316.66353713637716
0.47500000000000003,0.775,-317.05655830241864
0.47500000000000003,0.7875,-317.46189318066956
0.47500000000000003,0.8,-317.87950033363035
0.47500000000000003,0.8125,-318.3093348566461
0.47500000000000003,0.825,-318.7513483662021
0.47500000000000003,0.8375,-319.2054889915376
0.47500000000000003,0.85,-319.6717013696359
0.47500000000000003,0.8625,-320.14992664364576
0.47500000000000003,0.875,-320.64010246477363
0.47500000000000003,0.8875,-321.1421629976899
0.47500000000000003,0.9,-321.6560389294755
0.47500000000000003,0.9125,-322.1816574821344
0.47500000000000003,0.925,-322.71894242868717
0.47500000000000003,0.9375,-323.2678141128538
0.47500000000000003,0.95,-323.8281894723248
0.47500000000000003,0.9625,-324.39998206561876
0.47500000000000003,0.975,-324.9831021025046
0.47500000000000003,0.9875,-325.57745647797014
0.47500000000000003,1.0,-326.1829488097082
0.48750000000000004,0.0,-315.3262428773364
0.48750000000000004,0.0125,-315.00146605232067
0.48750000000000004,0.025,-314.6867249905602
0.48750000000000004,0.037500000000000006,-314.38210016887496
0.48750000000000004,0.05,-314.08767155584
0.48750000000000004,0.0625,-313.8035185816446
0.48750000000000004,0.07500000000000001,-313.52972010650615
0.48750000000000004,0.08750000000000001,-313.2663543876291
0.48750000000000004,0.1,-313.0134990446968
0.48750000000000004,0.1125,-312.77123102389385
0.48750000000000004,0.125,-312.53962656045303
0.48750000000000004,0.1375,-312.3187611397309
0.48750000000000004,0.15000000000000002,-312.1087094568133
0.48750000000000004,0.1625,-311.90954537466433
0.48750000000000004,0.17500000000000002,-311.7213418808232
0.48750000000000004,0.1875,-311.54417104267503
0.48750000000000004,0.2,-311.37810396130527
0.48750000000000004,0.21250000000000002,-311.22321072397256
0.48750000000000004,0.225,-311.07956035521875
0.48750000000000004,0.23750000000000002,-310.9472207666584
0.48750000000000004,0.25,-310.82625870547673
0.48750000000000004,0.2625,-310.71673970168416
0.48750000000000004,0.275,-310.6187280141693
0.48750000000000004,0.28750000000000003,-310.5322865756037
0.48750000000000004,0.30000000000000004,-310.457476936251
0.48750000000000004,0.3125,-310.39435920674237
0.48750000000000004,0.325,-310.34299199988135
0.48750000000000004,0.3375,-310.30343237154443
0.48750000000000004,0.35000000000000003,-310.2757357607554
0.48750000000000004,0.36250000000000004,-310.259955929003
0.48750000000000004,0.375,-310.25614489889045
0.48750000000000004,0.3875,-310.2643528921986
0.48750000000000004,0.4,-310.28462826745124
0.48750000000000004,0.41250000000000003,-310.31701745708
0.48750000000000004,0.42500000000000004,-310.361564904281
0.48750000000000004,0.4375,-310.4183129996691
0.48750000000000004,0.45,-310.48730201782996
0.48750000000000004,0.4625,-310.5685700538794
0.48750000000000004,0.47500000000000003,-310.6621529601394
0.48750000000000004,0.48750000000000004,-310.7680842830478
0.48750000000000004,0.5,-310.8863952004103
0.48750000000000004,0.5125,-311.0171144591219
0.48750000000000004,0.525,-311.1602683134707
0.48750000000000004,0.5375,-311.3158804641522
0.48750000000000004,0.5499999999999999,-311.4839719981122
0.48750000000000004,0.5625,-311.66456132934974
0.48750000000000004,0.575,-311.8576641407982
0.48750000000000004,0.5875,-312.0632933274199
0.48750000000000004,0.6,-312.2814589406317
0.48750000000000004,0.6124999999999999,-312.5121681341965
0.48750000000000004,0.625,-312.7554251117009
0.48750000000000004,0.6375,-313.011231075747
0.48750000000000004,0.65,-313.27958417898185
0.48750000000000004,0.6625,-313.56047947708856
0.48750000000000004,0.6749999999999999,-313.8539088838578
0.48750000000000004,0.6875,-314.1598611284593
0.48750000000000004,0.7,-314.4783217150292
0.48750000000000004,0.7125,-314.80927288468723
0.48750000000000004,0.725,-315.15269358009033
0.48750000000000004,0.7374999999999999,-315.50855941263336
0.48750000000000004,0.75,-315.87684263239413
0.48750000000000004,0.7625,-316.2575121009214
0.48750000000000004,0.775,-316.65053326696295
0.48750000000000004,0.7875,-317.05586814521394
0.48750000000000004,0.8,-317.47347529817466
0.48750000000000004,0.8125,-317.90330982119025
0.48750000000000004,0.825,-318.34532333074657
0.48750000000000004,0.8375,-318.7994639560818
0.48750000000000004,0.85,-319.2656763341803
0.48750000000000004,0.8625,-319.7439016081901
0.48750000000000004,0.875,-320.23407742931795
0.48750000000000004,0.8875,-320.7361379622343
0.48750000000000004,0.9,-321.2500138940196
0.48750000000000004,0.9125,-321.7756324466788
0.48750000000000004,0.925,-322.3129173932316
0.48750000000000004,0.9375,-322.86178907739793
0.48750000000000004,0.95,-323.4221644368691
0.48750000000000004,0.9625,-323.9939570301632
0.48750000000000004,0.975,-324.57707706704866
0.48750000000000004,0.9875,-325.1714314425144
0.48750000000000004,1.0,-325.7769237742527
0.5,0.0,-314.94102583916947
0.5,0.0125,-314.61624901415377
0.5,0.025,-314.30150795239325
0.5,0.037500000000000006,-313.9968831307079
0.5,0.05,-313.7024545176731
0.5,0.0625,-313.4183015434777
0.5,0.07500000000000001,-313.14450306833925
0.5,0.08750000000000001,-312.88113734946205
0.5,0.1,-312.62828200652996
0.5,0.1125,-312.38601398572695
0.5,0.125,-312.15440952228596
0.5,0.1375,-311.93354410156377
0.5,0.15000000000000002,-311.72349241864623
0.5,0.1625,-311.52432833649704
0.5,0.17500000000000002,-311.3361248426565
0.5,0.1875,-311.15895400450785
0.5,0.2,-310.9928869231383
0.5,0.21250000000000002,-310.83799368580554
0.5,0.225,-310.69434331705173
0.5,0.23750000000000002,-310.56200372849133
0.5,0.25,-310.4410416673096
0.5,0.2625,-310.33152266351715
0.5,0.275,-310.2335109760023
0.5,0.28750000000000003,-310.14706953743666
0.5,0.30000000000000004,-310.07225989808404
0.5,0.3125,-310.00914216857547
0.5,0.325,-309.95777496171416
0.5,0.3375,-309.91821533337753
0.5,0.35000000000000003,-309.89051872258847
0.5,0.36250000000000004,-309.874738890836
0.5,0.375,-309.8709278607235
0.5,0.3875,-309.87913585403163
0.5,0.4,-309.8994112292842
0.5,0.41250000000000003,-309.93180041891287
0.5,0.42500000000000004,-309.97634786611405
0.5,0.4375,-310.03309596150206
0.5,0.45,-310.1020849796629
0.5,0.4625,-310.1833530157122
0.5,0.47500000000000003,-310.27693592197255
0.5,0.48750000000000004,-310.38286724488074
0.5,0.5,-310.50117816224355
0.5,0.5125,-310.6318974209549
0.5,0.525,-310.7750512753038
0.5,0.5375,-310.93066342598513
0.5,0.5499999999999999,-311.0987549599455
0.5,0.5625,-311.2793442911828
0.5,0.575,-311.4724471026313
0.5,0.5875,-311.67807628925283
0.5,0.6,-311.8962419024647
0.5,0.6124999999999999,-312.1269510960295
0.5,0.625,-312.37020807353395
0.5,0.6375,-312.62601403758
0.5,0.65,-312.8943671408148
0.5,0.6625,-313.1752624389216
0.5,0.6749999999999999,-313.4686918456909
0.5,0.6875,-313.7746440902925
0.5,0.7,-314.0931046768623
0.5,0.7125,-314.42405584651993
0.5,0.725,-314.7674765419231
0.5,0.7374999999999999,-315.12334237446646
0.5,0.75,-315.49162559422706
0.5,0.7625,-315.8722950627546
0.5,0.775,-316.26531622879605
0.5,0.7875,-316.67065110704715
0.5,0.8,-317.0882582600077
0.5,0.8125,-317.5180927830234
0.5,0.825,-317.9601062925793
0.5,0.8375,-318.41424691791497
0.5,0.85,-318.8804592960134
0.5,0.8625,-319.35868457002306
0.5,0.875,-319.84886039115094
0.5,0.8875,-320.35092092406734
0.5,0.9,-320.8647968558529
0.5,0.9125,-321.3904154085118
0.5,0.925,-321.9277003550644
0.5,0.9375,-322.47657203923103
0.5,0.95,-323.0369473987021
0.5,0.9625,-323.6087399919963
0.5,0.975,-324.1918600288821
0.5,0.9875,-324.7862144043473
0.5,1.0,-325.3917067360855
0.5125,0.0,-314.5768105734431
0.5125,0.0125,-314.25203374842727
0.5125,0.025,-313.937292686667
0.5125,0.037500000000000006,-313.6326678649815
0.5125,0.05,-313.3382392519468
0.5125,0.0625,-313.0540862777515
0.5125,0.07500000000000001,-312.7802878026129
0.5125,0.08750000000000001,-312.5169220837358
0.5125,0.1,-312.26406674080346
0.5125,0.1125,-312.02179872000045
0.5125,0.125,-311.79019425655997
0.5125,0.1375,-311.56932883583744
0.5125,0.15000000000000002,-311.3592771529202
0.5125,0.1625,-311.1601130707709
0.5125,0.17500000000000002,-310.97190957692993
0.5125,0.1875,-310.79473873878163
0.5125,0.2,-310.628671657412
0.5125,0.21250000000000002,-310.47377842007916
0.5125,0.225,-310.33012805132546
0.5125,0.23750000000000002,-310.197788462765
0.5125,0.25,-310.07682640158333
0.5125,0.2625,-309.9673073977908
0.5125,0.275,-309.8692957102761
0.5125,0.28750000000000003,-309.7828542717103
0.5125,0.30000000000000004,-309.70804463235777
0.5125,0.3125,-309.644926902849
0.5125,0.325,-309.5935596959879
0.5125,0.3375,-309.55400006765115
0.5125,0.35000000000000003,-309.52630345686197
0.5125,0.36250000000000004,-309.5105236251096
0.5125,0.375,-309.50671259499717
0.5125,0.3875,-309.5149205883053
0.5125,0.4,-309.53519596355807
0.5125,0.41250000000000003,-309.56758515318654
0.5125,0.42500000000000004,-309.61213260038767
0.5125,0.4375,-309.6688806957758
0.5125,0.45,-309.73786971393673
0.5125,0.4625,-309.81913774998577
0.5125,0.47500000000000003,-309.9127206562461
0.5125,0.48750000000000004,-310.01865197915436
0.5125,0.5,-310.1369628965169
0.5125,0.5125,-310.26768215522833
0.5125,0.525,-310.4108360095773
0.5125,0.5375,-310.56644816025886
0.5125,0.5499999999999999,-310.73453969421894
0.5125,0.5625,-310.9151290254562
0.5125,0.575,-311.10823183690485
0.5125,0.5875,-311.31386102352656
0.5125,0.6,-311.53202663673824
0.5125,0.6124999999999999,-311.762735830303
0.5125,0.625,-312.00599280780756
0.5125,0.6375,-312.2617987718536
0.5125,0.65,-312.53015187508856
0.5125,0.6625,-312.81104717319533
0.5125,0.6749999999999999,-313.1044765799645
0.5125,0.6875,-313.4104288245659
0.5125,0.7,-313.72888941113587
0.5125,0.7125,-314.0598405807936
0.5125,0.725,-314.4032612761967
0.5125,0.7374999999999999,-314.7591271087401
0.5125,0.75,-315.1274103285005
0.5125,0.7625,-315.50807979702813
0.5125,0.775,-315.90110096306944
0.5125,0.7875,-316.3064358413205
0.5125,0.8,-316.7240429942812
0.5125,0.8125,-317.1538775172971
0.5125,0.825,-317.59589102685294
0.5125,0.8375,-318.0500316521886
0.5125,0.85,-318.5162440302868
0.5125,0.8625,-318.9944693042968
0.5125,0.875,-319.4846451254247
0.5125,0.8875,-319.986705658341
0.5125,0.9,-320.50058159012644
0.5125,0.9125,-321.0262001427854
0.5125,0.925,-321.5634850893381
0.5125,0.9375,-322.1123567735046
0.5125,0.95,-322.67273213297574
0.5125,0.9625,-323.2445247262699
0.5125,0.975,-323.8276447631554
0.5125,0.9875,-324.42199913862095
0.5125,1.0,-325.02749147035917
0.525,0.0,-314.2337856175538
0.525,0.0125,-313.909008792538
0.525,0.025,-313.59426773077763
0.525,0.037500000000000006,-313.2896429090924
0.525,0.05,-312.99521429605755
0.525,0.0625,-312.711061321862
0.525,0.07500000000000001,-312.4372628467233
0.525,0.08750000000000001,-312.1738971278465
0.525,0.1,-311.92104178491434
0.525,0.1125,-311.67877376411127
0.525,0.125,-311.4471693006706
0.525,0.1375,-311.22630387994803
0.525,0.15000000000000002,-311.0162521970307
0.525,0.1625,-310.8170881148815
0.525,0.17500000000000002,-310.6288846210407
0.525,0.1875,-310.45171378289245
0.525,0.2,-310.2856467015228
0.525,0.21250000000000002,-310.13075346419004
0.525,0.225,-309.9871030954361
0.525,0.23750000000000002,-309.8547635068756
0.525,0.25,-309.7338014456939
0.525,0.2625,-309.62428244190124
0.525,0.275,-309.5262707543867
0.525,0.28750000000000003,-309.439829315821
0.525,0.30000000000000004,-309.3650196764682
0.525,0.3125,-309.3019019469598
0.525,0.325,-309.25053474009854
0.525,0.3375,-309.2109751117618
0.525,0.35000000000000003,-309.1832785009727
0.525,0.36250000000000004,-309.1674986692202
0.525,0.375,-309.1636876391078
0.525,0.3875,-309.17189563241584
0.525,0.4,-309.1921710076687
0.525,0.41250000000000003,-309.2245601972973
0.525,0.42500000000000004,-309.2691076444981
0.525,0.4375,-309.32585573988644
0.525,0.45,-309.3948447580473
0.525,0.4625,-309.4761127940966
0.525,0.47500000000000003,-309.5696957003568
0.525,0.48750000000000004,-309.67562702326506
0.525,0.5,-309.7939379406277
0.525,0.5125,-309.92465719933915
0.525,0.525,-310.067811053688
0.525,0.5375,-310.2234232043697
0.525,0.5499999999999999,-310.39151473832965
0.525,0.5625,-310.57210406956693
0.525,0.575,-310.7652068810155
0.525,0.5875,-310.97083606763726
0.525,0.6,-311.1890016808491
0.525,0.6124999999999999,-311.41971087441374
0.525,0.625,-311.6629678519184
0.525,0.6375,-311.91877381596436
0.525,0.65,-312.18712691919916
0.525,0.6625,-312.46802221730593
0.525,0.6749999999999999,-312.7614516240752
0.525,0.6875,-313.0674038686767
0.525,0.7,-313.3858644552468
0.525,0.7125,-313.71681562490426
0.525,0.725,-314.0602363203076
0.525,0.7374999999999999,-314.41610215285067
0.525,0.75,-314.7843853726113
0.525,0.7625,-315.1650548411387
0.525,0.775,-315.5580760071802
0.525,0.7875,-315.9634108854315
0.525,0.8,-316.3810180383919
0.525,0.8125,-316.81085256140767
0.525,0.825,-317.2528660709637
0.525,0.8375,-317.70700669629923
0.525,0.85,-318.1732190743976
0.525,0.8625,-318.65144434840744
0.525,0.875,-319.1416201695355
0.525,0.8875,-319.6436807024515
0.525,0.9,-320.1575566342371
0.525,0.9125,-320.68317518689616
0.525,0.925,-321.2204601334489
0.525,0.9375,-321.7693318176153
0.525,0.95,-322.3297071770865
0.525,0.9625,-322.9014997703806
0.525,0.975,-323.48461980726614
0.525,0.9875,-324.07897418273154
0.525,1.0,-324.68446651446976
0.5375,0.0,-313.91213407445946
0.5375,0.0125,-313.5873572494437
0.5375,0.025,-313.2726161876833
0.5375,0.037500000000000006,-312.9679913659981
0.5375,0.05,-312.67356275296316
0.5375,0.0625,-312.3894097787678
0.5375,0.07500000000000001,-312.11561130362924
0.5375,0.08750000000000001,-311.8522455847521
0.5375,0.1,-311.59939024181995
0.5375,0.1125,-311.35712222101705
0.5375,0.125,-311.1255177575762
0.5375,0.1375,-310.9046523368539
0.5375,0.15000000000000002,-310.6946006539365
0.5375,0.1625,-310.4954365717872
0.5375,0.17500000000000002,-310.3072330779464
0.5375,0.1875,-310.1300622397981
0.5375,0.2,-309.9639951584286
0.5375,0.21250000000000002,-309.80910192109576
0.5375,0.225,-309.6654515523419
0.5375,0.23750000000000002,-309.5331119637814
0.5375,0.25,-309.41214990259965
0.5375,0.2625,-309.30263089880714
0.5375,0.275,-309.20461921129225
0.5375,0.28750000000000003,-309.1181777727268
0.5375,0.30000000000000004,-309.04336813337414
0.5375,0.3125,-308.98025040386534
0.5375,0.325,-308.92888319700427
0.5375,0.3375,-308.8893235686675
0.5375,0.35000000000000003,-308.8616269578784
0.5375,0.36250000000000004,-308.84584712612593
0.5375,0.375,-308.8420360960135
0.5375,0.3875,-308.85024408932173
0.5375,0.4,-308.87051946457433
0.5375,0.41250000000000003,-308.90290865420303
0.5375,0.42500000000000004,-308.9474561014039
0.5375,0.4375,-309.0042041967923
0.5375,0.45,-309.07319321495316
0.5375,0.4625,-309.1544612510023
0.5375,0.47500000000000003,-309.24804415726254
0.5375,0.48750000000000004,-309.35397548017085
0.5375,0.5,-309.4722863975333
0.5375,0.5125,-309.6030056562449
0.5375,0.525,-309.74615951059377
0.5375,0.5375,-309.90177166127523
0.5375,0.5499999999999999,-310.0698631952353
0.5375,0.5625,-310.2504525264726
0.5375,0.575,-310.4435553379214
0.5375,0.5875,-310.64918452454276
0.5375,0.6,-310.86735013775467
0.5375,0.6124999999999999,-311.0980593313196
0.5375,0.625,-311.34131630882405
0.5375,0.6375,-311.59712227286997
0.5375,0.65,-311.86547537610477
0.5375,0.6625,-312.1463706742117
0.5375,0.6749999999999999,-312.439800080981
0.5375,0.6875,-312.74575232558254
0.5375,0.7,-313.0642129121522
0.5375,0.7125,-313.39516408181004
0.5375,0.725,-313.7385847772134
0.5375,0.7374999999999999,-314.09445060975645
0.5375,0.75,-314.462733829517
0.5375,0.7625,-314.84340329804445
0.5375,0.775,-315.2364244640859
0.5375,0.7875,-315.6417593423371
0.5375,0.8,-316.05936649529764
0.5375,0.8125,-316.48920101831345
0.5375,0.825,-316.93121452786943
0.5375,0.8375,-317.3853551532049
0.5375,0.85,-317.85156753130343
0.5375,0.8625,-318.3297928053131
0.5375,0.875,-318.8199686264409
0.5375,0.8875,-319.32202915935727
0.5375,0.9,-319.83590509114276
0.5375,0.9125,-320.3615236438018
0.5375,0.925,-320.89880859035463
0.5375,0.9375,-321.447680274521
0.5375,0.95,-322.0080556339921
0.5375,0.9625,-322.57984822728633
0.5375,0.975,-323.16296826417187
0.5375,0.9875,-323.75732263963727
0.5375,1.0,-324.36281497137554
0.5499999999999999,0.0,-313.6120334186319
0.5499999999999999,0.0125,-313.28725659361606
0.5499999999999999,0.025,-312.9725155318556
0.5499999999999999,0.037500000000000006,-312.66789071017024
0.5499999999999999,0.05,-312.37346209713536
0.5499999999999999,0.0625,-312.08930912293994
0.5499999999999999,0.07500000000000001,-311.81551064780143
0.5499999999999999,0.08750000000000001,-311.55214492892435
0.5499999999999999,0.1,-311.29928958599214
0.5499999999999999,0.1125,-311.0570215651891
0.5499999999999999,0.125,-310.8254171017484
0.5499999999999999,0.1375,-310.60455168102607
0.5499999999999999,0.15000000000000002,-310.3944999981086
0.5499999999999999,0.1625,-310.1953359159595
0.5499999999999999,0.17500000000000002,-310.0071324221187
0.5499999999999999,0.1875,-309.82996158397043
0.5499999999999999,0.2,-309.66389450260084
0.5499999999999999,0.21250000000000002,-309.5090012652678
0.5499999999999999,0.225,-309.36535089651414
0.5499999999999999,0.23750000000000002,-309.2330113079537
0.5499999999999999,0.25,-309.1120492467719
0.5499999999999999,0.2625,-309.0025302429795
0.5499999999999999,0.275,-308.9045185554647
0.5499999999999999,0.28750000000000003,-308.818077116899
0.5499999999999999,0.30000000000000004,-308.7432674775462
0.5499999999999999,0.3125,-308.68014974803765
0.5499999999999999,0.325,-308.6287825411765
0.5499999999999999,0.3375,-308.58922291283966
0.5499999999999999,0.35000000000000003,-308.5615263020506
0.5499999999999999,0.36250000000000004,-308.54574647029835
0.5499999999999999,0.375,-308.54193544018585
0.5499999999999999,0.3875,-308.5501434334939
0.5499999999999999,0.4,-308.57041880874647
0.5499999999999999,0.41250000000000003,-308.6028079983753
0.5499999999999999,0.42500000000000004,-308.6473554455762
0.5499999999999999,0.4375,-308.70410354096447
0.5499999999999999,0.45,-308.77309255912536
0.5499999999999999,0.4625,-308.8543605951745
0.5499999999999999,0.47500000000000003,-308.94794350143485
0.5499999999999999,0.48750000000000004,-309.05387482434304
0.5499999999999999,0.5,-309.1721857417056
0.5499999999999999,0.5125,-309.30290500041707
0.5499999999999999,0.525,-309.446058854766
0.5499999999999999,0.5375,-309.60167100544743
0.5499999999999999,0.5499999999999999,-309.7697625394075
0.5499999999999999,0.5625,-309.9503518706449
0.5499999999999999,0.575,-310.1434546820936
0.5499999999999999,0.5875,-310.3490838687151
0.5499999999999999,0.6,-310.5672494819271
0.5499999999999999,0.6124999999999999,-310.7979586754917
0.5499999999999999,0.625,-311.0412156529962
0.5499999999999999,0.6375,-311.2970216170421
0.5499999999999999,0.65,-311.56537472027725
0.5499999999999999,0.6625,-311.8462700183838
0.5499999999999999,0.6749999999999999,-312.1396994251533
0.5499999999999999,0.6875,-312.4456516697547
0.5499999999999999,0.7,-312.76411225632467
0.5499999999999999,0.7125,-313.09506342598246
0.5499999999999999,0.725,-313.43848412138567
0.5499999999999999,0.7374999999999999,-313.79434995392876
0.5499999999999999,0.75,-314.16263317368936
0.5499999999999999,0.7625,-314.5433026422166
0.5499999999999999,0.775,-314.93632380825824
0.5499999999999999,0.7875,-315.34165868650933
0.5499999999999999,0.8,-315.75926583946983
0.5499999999999999,0.8125,-316.18910036248565
0.5499999999999999,0.825,-316.63111387204157
0.5499999999999999,0.8375,-317.08525449737726
0.5499999999999999,0.85,-317.5514668754756
0.5499999999999999,0.8625,-318.0296921494853
0.5499999999999999,0.875,-318.51986797061323
0.5499999999999999,0.8875,-319.0219285035296
0.5499999999999999,0.9,-319.535804435315
0.5499999999999999,0.9125,-320.0614229879741
0.5499999999999999,0.925,-320.59870793452683
0.5499999999999999,0.9375,-321.1475796186932
0.5499999999999999,0.95,-321.7079549781645
0.5499999999999999,0.9625,-322.2797475714586
0.5499999999999999,0.975,-322.86286760834423
0.5499999999999999,0.9875,-323.45722198380946
0.5499999999999999,1.0,-324.0627143155477
0.5625,0.0,-313.3336553049646
0.5625,0.0125,-313.0088784799488
0.5625,0.025,-312.69413741818835
0.5625,0.037500000000000006,-312.389512596503
0.5625,0.05,-312.09508398346816
0.5625,0.0625,-311.8109310092728
0.5625,0.07500000000000001,-311.53713253413434
0.5625,0.08750000000000001,-311.2737668152571
0.5625,0.1,-311.02091147232505
0.5625,0.1125,-310.7786434515221
0.5625,0.125,-310.5470389880813
0.5625,0.1375,-310.3261735673589
0.5625,0.15000000000000002,-310.11612188444144
0.5625,0.1625,-309.9169578022925
0.5625,0.17500000000000002,-309.72875430845147
0.5625,0.1875,-309.5515834703033
0.5625,0.2,-309.3855163889334
0.5625,0.21250000000000002,-309.2306231516007
0.5625,0.225,-309.0869727828469
0.5625,0.23750000000000002,-308.9546331942865
0.5625,0.25,-308.83367113310464
0.5625,0.2625,-308.72415212931224
0.5625,0.275,-308.6261404417974
0.5625,0.28750000000000003,-308.5396990032319
0.5625,0.30000000000000004,-308.46488936387897
0.5625,0.3125,-308.4017716343705
0.5625,0.325,-308.35040442750926
0.5625,0.3375,-308.3108447991727
0.5625,0.35000000000000003,-308.28314818838345
0.5625,0.36250000000000004,-308.26736835663115
0.5625,0.375,-308.2635573265186
0.5625,0.3875,-308.2717653198268
0.5625,0.4,-308.2920406950794
0.5625,0.41250000000000003,-308.32442988470797
0.5625,0.42500000000000004,-308.3689773319091
0.5625,0.4375,-308.4257254272972
0.5625,0.45,-308.49471444545804
0.5625,0.4625,-308.5759824815074
0.5625,0.47500000000000003,-308.66956538776753
0.5625,0.48750000000000004,-308.77549671067595
0.5625,0.5,-308.8938076280383
0.5625,0.5125,-309.0245268867501
0.5625,0.525,-309.167680741099
0.5625,0.5375,-309.3232928917802
0.5625,0.5499999999999999,-309.4913844257403
0.5625,0.5625,-309.6719737569779
0.5625,0.575,-309.86507656842616
0.5625,0.5875,-310.070705755048
0.5625,0.6,-310.2888713682598
0.5625,0.6124999999999999,-310.5195805618247
0.5625,0.625,-310.76283753932904
0.5625,0.6375,-311.0186435033752
0.5625,0.65,-311.28699660660993
0.5625,0.6625,-311.5678919047167
0.5625,0.6749999999999999,-311.861321311486
0.5625,0.6875,-312.1672735560874
0.5625,0.7,-312.48573414265746
0.5625,0.7125,-312.8166853123151
0.5625,0.725,-313.16010600771847
0.5625,0.7374999999999999,-313.5159718402615
0.5625,0.75,-313.88425506002204
0.5625,0.7625,-314.26492452854967
0.5625,0.775,-314.65794569459086
0.5625,0.7875,-315.06328057284213
0.5625,0.8,-315.4808877258027
0.5625,0.8125,-315.9107222488183
0.5625,0.825,-316.35273575837454
0.5625,0.8375,-316.8068763837101
0.5625,0.85,-317.2730887618084
0.5625,0.8625,-317.75131403581827
0.5625,0.875,-318.2414898569461
0.5625,0.8875,-318.7435503898623
0.5625,0.9,-319.2574263216479
0.5625,0.9125,-319.78304487430677
0.5625,0.925,-320.3203298208595
0.5625,0.9375,-320.86920150502596
0.5625,0.95,-321.42957686449716
0.5625,0.9625,-322.00136945779144
0.5625,0.975,-322.5844894946771
0.5625,0.9875,-323.17884387014243
0.5625,1.0,-323.78433620188036
0.575,0.0,-313.07716538096025
0.575,0.0125,-312.7523885559444
0.575,0.025,-312.4376474941839
0.575,0.037500000000000006,-312.1330226724988
0.575,0.05,-311.83859405946373
0.575,0.0625,-311.55444108526837
0.575,0.07500000000000001,-311.28064261012986
0.575,0.08750000000000001,-311.01727689125283
0.575,0.1,-310.76442154832057
0.575,0.1125,-310.5221535275177
0.575,0.125,-310.29054906407674
0.575,0.1375,-310.06968364335455
0.575,0.15000000000000002,-309.8596319604371
0.575,0.1625,-309.660467878288
0.575,0.17500000000000002,-309.47226438444716
0.575,0.1875,-309.2950935462987
0.575,0.2,-309.1290264649293
0.575,0.21250000000000002,-308.9741332275963
0.575,0.225,-308.8304828588425
0.575,0.23750000000000002,-308.69814327028206
0.575,0.25,-308.57718120910033
0.575,0.2625,-308.4676622053079
0.575,0.275,-308.3696505177931
0.575,0.28750000000000003,-308.28320907922745
0.575,0.30000000000000004,-308.2083994398746
0.575,0.3125,-308.1452817103661
0.575,0.325,-308.093914503505
0.575,0.3375,-308.0543548751684
0.575,0.35000000000000003,-308.0266582643789
0.575,0.36250000000000004,-308.01087843262667
0.575,0.375,-308.0070674025141
0.575,0.3875,-308.01527539582236
0.575,0.4,-308.0355507710751
0.575,0.41250000000000003,-308.06793996070365
0.575,0.42500000000000004,-308.1124874079048
0.575,0.4375,-308.16923550329284
0.575,0.45,-308.2382245214537
0.575,0.4625,-308.31949255750317
0.575,0.47500000000000003,-308.4130754637631
0.575,0.48750000000000004,-308.5190067866715
0.575,0.5,-308.63731770403405
0.575,0.5125,-308.76803696274555
0.575,0.525,-308.91119081709456
0.575,0.5375,-309.06680296777597
0.575,0.5499999999999999,-309.23489450173616
0.575,0.5625,-309.41548383297345
0.575,0.575,-309.60858664442196
0.575,0.5875,-309.8142158310434
0.575,0.6,-310.0323814442553
0.575,0.6124999999999999,-310.26309063782026
0.575,0.625,-310.5063476153245
0.575,0.6375,-310.76215357937065
0.575,0.65,-311.03050668260545
0.575,0.6625,-311.31140198071233
0.575,0.6749999999999999,-311.6048313874818
0.575,0.6875,-311.91078363208305
0.575,0.7,-312.229244218653
0.575,0.7125,-312.56019538831083
0.575,0.725,-312.90361608371376
0.575,0.7374999999999999,-313.25948191625713
0.575,0.75,-313.62776513601773
0.575,0.7625,-314.0084346045452
0.575,0.775,-314.4014557705868
0.575,0.7875,-314.8067906488379
0.575,0.8,-315.2243978017983
0.575,0.8125,-315.65423232481396
0.575,0.825,-316.09624583437017
0.575,0.8375,-316.55038645970575
0.575,0.85,-317.016598837804
0.575,0.8625,-317.4948241118138
0.575,0.875,-317.9849999329417
0.575,0.8875,-318.48706046585784
0.575,0.9,-319.00093639764344
0.575,0.9125,-319.52655495030245
0.575,0.925,-320.0638398968553
0.575,0.9375,-320.6127115810216
0.575,0.95,-321.1730869404927
0.575,0.9625,-321.744879533787
0.575,0.975,-322.3279995706726
0.575,0.9875,-322.92235394613795
0.575,1.0,-323.52784627787617
0.5875,0.0,-312.8427231025121
0.5875,0.0125,-312.5179462774962
0.5875,0.025,-312.2032052157358
0.5875,0.037500000000000006,-311.8985803940506
0.5875,0.05,-311.6041517810156
0.5875,0.0625,-311.31999880682025
0.5875,0.07500000000000001,-311.0462003316818
0.5875,0.08750000000000001,-310.7828346128047
0.5875,0.1,-310.52997926987246
0.5875,0.1125,-310.2877112490696
0.5875,0.125,-310.05610678562863
0.5875,0.1375,-309.8352413649064
0.5875,0.15000000000000002,-309.62518968198896
0.5875,0.1625,-309.42602559983976
0.5875,0.17500000000000002,-309.237822105999
0.5875,0.1875,-309.06065126785074
0.5875,0.2,-308.89458418648104
0.5875,0.21250000000000002,-308.7396909491481
0.5875,0.225,-308.59604058039434
0.5875,0.23750000000000002,-308.4637009918338
0.5875,0.25,-308.34273893065233
0.5875,0.2625,-308.2332199268596
0.5875,0.275,-308.13520823934493
0.5875,0.28750000000000003,-308.0487668007794
0.5875,0.30000000000000004,-307.9739571614266
0.5875,0.3125,-307.91083943191796
0.5875,0.325,-307.8594722250568
0.5875,0.3375,-307.8199125967201
0.5875,0.35000000000000003,-307.79221598593097
0.5875,0.36250000000000004,-307.7764361541787
0.5875,0.375,-307.772625124066
0.5875,0.3875,-307.78083311737436
0.5875,0.4,-307.80110849262695
0.5875,0.41250000000000003,-307.8334976822555
0.5875,0.42500000000000004,-307.8780451294565
0.5875,0.4375,-307.93479322484467
0.5875,0.45,-308.00378224300556
0.5875,0.4625,-308.08505027905477
0.5875,0.47500000000000003,-308.178633185315
0.5875,0.48750000000000004,-308.2845645082233
0.5875,0.5,-308.4028754255858
0.5875,0.5125,-308.53359468429755
0.5875,0.525,-308.6767485386462
0.5875,0.5375,-308.8323606893278
0.5875,0.5499999999999999,-309.0004522232878
0.5875,0.5625,-309.1810415545252
0.5875,0.575,-309.37414436597373
0.5875,0.5875,-309.57977355259544
0.5875,0.6,-309.7979391658072
0.5875,0.6124999999999999,-310.0286483593722
0.5875,0.625,-310.2719053368766
0.5875,0.6375,-310.5277113009226
0.5875,0.65,-310.79606440415733
0.5875,0.6625,-311.07695970226416
0.5875,0.6749999999999999,-311.37038910903334
0.5875,0.6875,-311.6763413536348
0.5875,0.7,-311.9948019402049
0.5875,0.7125,-312.3257531098626
0.5875,0.725,-312.66917380526587
0.5875,0.7374999999999999,-313.02503963780924
0.5875,0.75,-313.3933228575697
0.5875,0.7625,-313.77399232609696
0.5875,0.775,-314.1670134921386
0.5875,0.7875,-314.57234837038953
0.5875,0.8,-314.9899555233502
0.5875,0.8125,-315.41979004636585
0.5875,0.825,-315.8618035559222
0.5875,0.8375,-316.31594418125763
0.5875,0.85,-316.782156559356
0.5875,0.8625,-317.26038183336595
0.5875,0.875,-317.75055765449366
0.5875,0.8875,-318.2526181874099
0.5875,0.9,-318.7664941191954
0.5875,0.9125,-319.29211267185434
0.5875,0.925,-319.8293976184072
0.5875,0.9375,-320.37826930257364
0.5875,0.95,-320.93864466204457
0.5875,0.9625,-321.51043725533873
0.5875,0.975,-322.09355729222455
0.5875,0.9875,-322.6879116676899
0.5875,1.0,-323.29340399942816
0.6,0.0,-312.6304815536035
0.6,0.0125,-312.30570472858767
0.6,0.025,-311.9909636668272
0.6,0.037500000000000006,-311.68633884514185
0.6,0.05,-311.3919102321068
0.6,0.0625,-311.1077572579115
0.6,0.07500000000000001,-310.83395878277315
0.6,0.08750000000000001,-310.5705930638961
0.6,0.1,-310.31773772096386
0.6,0.1125,-310.07546970016085
0.6,0.125,-309.84386523672003
0.6,0.1375,-309.6229998159975
0.6,0.15000000000000002,-309.4129481330803
0.6,0.1625,-309.2137840509311
0.6,0.17500000000000002,-309.02558055709034
0.6,0.1875,-308.84840971894204
0.6,0.2,-308.6823426375724
0.6,0.21250000000000002,-308.5274494002395
0.6,0.225,-308.38379903148564
0.6,0.23750000000000002,-308.25145944292535
0.6,0.25,-308.1304973817435
0.6,0.2625,-308.02097837795094
0.6,0.275,-307.9229666904364
0.6,0.28750000000000003,-307.8365252518708
0.6,0.30000000000000004,-307.7617156125179
0.6,0.3125,-307.69859788300926
0.6,0.325,-307.6472306761481
0.6,0.3375,-307.6076710478115
0.6,0.35000000000000003,-307.5799744370224
0.6,0.36250000000000004,-307.56419460526985
0.6,0.375,-307.5603835751575
0.6,0.3875,-307.5685915684656
0.6,0.4,-307.58886694371813
0.6,0.41250000000000003,-307.62125613334683
0.6,0.42500000000000004,-307.66580358054773
0.6,0.4375,-307.72255167593596
0.6,0.45,-307.7915406940969
0.6,0.4625,-307.87280873014635
0.6,0.47500000000000003,-307.9663916364063
0.6,0.48750000000000004,-308.0723229593147
0.6,0.5,-308.19063387667717
0.6,0.5125,-308.32135313538873
0.6,0.525,-308.4645069897377
0.6,0.5375,-308.62011914041904
0.6,0.5499999999999999,-308.7882106743792
0.6,0.5625,-308.9688000056167
0.6,0.575,-309.16190281706514
0.6,0.5875,-309.3675320036866
0.6,0.6,-309.5856976168986
0.6,0.6124999999999999,-309.8164068104635
0.6,0.625,-310.05966378796774
0.6,0.6375,-310.3154697520138
0.6,0.65,-310.58382285524874
0.6,0.6625,-310.8647181533556
0.6,0.6749999999999999,-311.15814756012486
0.6,0.6875,-311.46409980472623
0.6,0.7,-311.7825603912962
0.6,0.7125,-312.1135115609541
0.6,0.725,-312.4569322563573
0.6,0.7374999999999999,-312.8127980889004
0.6,0.75,-313.18108130866096
0.6,0.7625,-313.5617507771884
0.6,0.775,-313.95477194322996
0.6,0.7875,-314.36010682148077
0.6,0.8,-314.77771397444155
0.6,0.8125,-315.2075484974573
0.6,0.825,-315.6495620070134
0.6,0.8375,-316.1037026323487
0.6,0.85,-316.56991501044735
0.6,0.8625,-317.0481402844572
0.6,0.875,-317.53831610558507
0.6,0.8875,-318.0403766385013
0.6,0.9,-318.55425257028674
0.6,0.9125,-319.0798711229457
0.6,0.925,-319.61715606949844
0.6,0.9375,-320.16602775366493
0.6,0.95,-320.72640311313586
0.6,0.9625,-321.2981957064303
0.6,0.975,-321.8813157433158
0.6,0.9875,-322.4756701187813
0.6,1.0,-323.08116245051946
0.6124999999999999,0.0,-312.44058727023753
0.6124999999999999,0.0125,-312.1158104452219
0.6124999999999999,0.025,-311.8010693834614
0.6124999999999999,0.037500000000000006,-311.496444561776
0.6124999999999999,0.05,-311.20201594874106
0.6124999999999999,0.0625,-310.9178629745456
0.6124999999999999,0.07500000000000001,-310.64406449940714
0.6124999999999999,0.08750000000000001,-310.3806987805301
0.6124999999999999,0.1,-310.1278434375979
0.6124999999999999,0.1125,-309.8855754167948
0.6124999999999999,0.125,-309.6539709533542
0.6124999999999999,0.1375,-309.43310553263177
0.6124999999999999,0.15000000000000002,-309.2230538497144
0.6124999999999999,0.1625,-309.0238897675652
0.6124999999999999,0.17500000000000002,-308.8356862737246
0.6124999999999999,0.1875,-308.6585154355761
0.6124999999999999,0.2,-308.49244835420654
0.6124999999999999,0.21250000000000002,-308.33755511687355
0.6124999999999999,0.225,-308.1939047481199
0.6124999999999999,0.23750000000000002,-308.0615651595593
0.6124999999999999,0.25,-307.9406030983777
0.6124999999999999,0.2625,-307.8310840945852
0.6124999999999999,0.275,-307.7330724070705
0.6124999999999999,0.28750000000000003,-307.6466309685047
0.6124999999999999,0.30000000000000004,-307.57182132915193
0.6124999999999999,0.3125,-307.5087035996434
0.6124999999999999,0.325,-307.4573363927823
0.6124999999999999,0.3375,-307.41777676444553
0.6124999999999999,0.35000000000000003,-307.3900801536565
0.6124999999999999,0.36250000000000004,-307.37430032190423
0.6124999999999999,0.375,-307.3704892917916
0.6124999999999999,0.3875,-307.3786972850998
0.6124999999999999,0.4,-307.39897266035246
0.6124999999999999,0.41250000000000003,-307.4313618499808
0.6124999999999999,0.42500000000000004,-307.4759092971821
0.6124999999999999,0.4375,-307.53265739257023
0.6124999999999999,0.45,-307.6016464107311
0.6124999999999999,0.4625,-307.68291444678016
0.6124999999999999,0.47500000000000003,-307.7764973530406
0.6124999999999999,0.48750000000000004,-307.8824286759489
0.6124999999999999,0.5,-308.0007395933113
0.6124999999999999,0.5125,-308.13145885202294
0.6124999999999999,0.525,-308.27461270637184
0.6124999999999999,0.5375,-308.4302248570532
0.6124999999999999,0.5499999999999999,-308.59831639101327
0.6124999999999999,0.5625,-308.77890572225067
0.6124999999999999,0.575,-308.97200853369924
0.6124999999999999,0.5875,-309.17763772032094
0.6124999999999999,0.6,-309.39580333353274
0.6124999999999999,0.6124999999999999,-309.6265125270975
0.6124999999999999,0.625,-309.86976950460206
0.6124999999999999,0.6375,-310.125575468648
0.6124999999999999,0.65,-310.3939285718827
0.6124999999999999,0.6625,-310.6748238699897
0.6124999999999999,0.6749999999999999,-310.968253276759
0.6124999999999999,0.6875,-311.2742055213605
0.6124999999999999,0.7,-311.5926661079302
0.6124999999999999,0.7125,-311.923617277588
0.6124999999999999,0.725,-312.2670379729915
0.6124999999999999,0.7374999999999999,-312.6229038055345
0.6124999999999999,0.75,-312.99118702529506
0.6124999999999999,0.7625,-313.3718564938225
0.6124999999999999,0.775,-313.7648776598639
0.6124999999999999,0.7875,-314.1702125381151
0.6124999999999999,0.8,-314.58781969107565
0.6124999999999999,0.8125,-315.01765421409135
0.6124999999999999,0.825,-315.4596677236475
0.6124999999999999,0.8375,-315.9138083489829
0.6124999999999999,0.85,-316.3800207270814
0.6124999999999999,0.8625,-316.85824600109146
0.6124999999999999,0.875,-317.3484218222191
0.6124999999999999,0.8875,-317.8504823551354
0.6124999999999999,0.9,-318.36435828692083
0.6124999999999999,0.9125,-318.88997683957984
0.6124999999999999,0.925,-319.4272617861326
0.6124999999999999,0.9375,-319.97613347029903
0.6124999999999999,0.95,-320.53650882977007
0.6124999999999999,0.9625,-321.10830142306423
0.6124999999999999,0.975,-321.69142145995
0.6124999999999999,0.9875,-322.2857758354154
0.6124999999999999,1.0,-322.8912681671534
0.625,0.0,-312.27318006891284
0.625,0.0125,-311.9484032438972
0.625,0.025,-311.63366218213673
0.625,0.037500000000000006,-311.32903736045154
0.625,0.05,-311.03460874741654
0.625,0.0625,-310.75045577322095
0.625,0.07500000000000001,-310.4766572980827
0.625,0.08750000000000001,-310.21329157920553
0.625,0.1,-309.9604362362735
0.625,0.1125,-309.7181682154704
0.625,0.125,-309.48656375202955
0.625,0.1375,-309.26569833130725
0.625,0.15000000000000002,-309.0556466483897
0.625,0.1625,-308.85648256624086
0.625,0.17500000000000002,-308.6682790723998
0.625,0.1875,-308.49110823425156
0.625,0.2,-308.32504115288197
0.625,0.21250000000000002,-308.17014791554897
0.625,0.225,-308.0264975467952
0.625,0.23750000000000002,-307.89415795823476
0.625,0.25,-307.77319589705303
0.625,0.2625,-307.66367689326074
0.625,0.275,-307.56566520574603
0.625,0.28750000000000003,-307.4792237671802
0.625,0.30000000000000004,-307.4044141278275
0.625,0.3125,-307.3412963983188
0.625,0.325,-307.28992919145765
0.625,0.3375,-307.25036956312107
0.625,0.35000000000000003,-307.22267295233206
0.625,0.36250000000000004,-307.20689312057954
0.625,0.375,-307.2030820904669
0.625,0.3875,-307.2112900837751
0.625,0.4,-307.2315654590278
0.625,0.41250000000000003,-307.26395464865635
0.625,0.42500000000000004,-307.3085020958574
0.625,0.4375,-307.36525019124565
0.625,0.45,-307.43423920940637
0.625,0.4625,-307.51550724545564
0.625,0.47500000000000003,-307.6090901517161
0.625,0.48750000000000004,-307.7150214746241
0.625,0.5,-307.8333323919867
0.625,0.5125,-307.96405165069837
0.625,0.525,-308.10720550504743
0.625,0.5375,-308.2628176557287
0.625,0.5499999999999999,-308.4309091896888
0.625,0.5625,-308.6114985209259
0.625,0.575,-308.80460133237466
0.625,0.5875,-309.01023051899625
0.625,0.6,-309.2283961322082
0.625,0.6124999999999999,-309.4591053257729
0.625,0.625,-309.7023623032772
0.625,0.6375,-309.95816826732323
0.625,0.65,-310.2265213705583
0.625,0.6625,-310.5074166686651
0.625,0.6749999999999999,-310.80084607543444
0.625,0.6875,-311.1067983200357
0.625,0.7,-311.4252589066058
0.625,0.7125,-311.7562100762635
0.625,0.725,-312.09963077166674
0.625,0.7374999999999999,-312.45549660421
0.625,0.75,-312.8237798239706
0.625,0.7625,-313.2044492924979
0.625,0.775,-313.5974704585395
0.625,0.7875,-314.00280533679046
0.625,0.8,-314.4204124897511
0.625,0.8125,-314.8502470127667
0.625,0.825,-315.29226052232303
0.625,0.8375,-315.7464011476581
0.625,0.85,-316.2126135257568
0.625,0.8625,-316.69083879976665
0.625,0.875,-317.1810146208944
0.625,0.8875,-317.6830751538107
0.625,0.9,-318.1969510855962
0.625,0.9125,-318.7225696382551
0.625,0.925,-319.25985458480795
0.625,0.9375,-319.80872626897434
0.625,0.95,-320.3691016284456
0.625,0.9625,-320.94089422173965
0.625,0.975,-321.52401425862547
0.625,0.9875,-322.11836863409064
0.625,1.0,-322.723860965829
0.6375,0.0,-312.1283928799528
0.6375,0.0125,-311.803616054937
0.6375,0.025,-311.4888749931767
0.6375,0.037500000000000006,-311.1842501714911
0.6375,0.05,-310.8898215584563
0.6375,0.0625,-310.6056685842608
0.6375,0.07500000000000001,-310.3318701091226
0.6375,0.08750000000000001,-310.06850439024515
0.6375,0.1,-309.81564904731283
0.6375,0.1125,-309.57338102651005
0.6375,0.125,-309.34177656306935
0.6375,0.1375,-309.1209111423471
0.6375,0.15000000000000002,-308.91085945942973
0.6375,0.1625,-308.7116953772804
0.6375,0.17500000000000002,-308.52349188343936
0.6375,0.1875,-308.3463210452912
0.6375,0.2,-308.18025396392153
0.6375,0.21250000000000002,-308.0253607265887
0.6375,0.225,-307.88171035783506
0.6375,0.23750000000000002,-307.74937076927455
0.6375,0.25,-307.6284087080928
0.6375,0.2625,-307.5188897043002
0.6375,0.275,-307.4208780167855
0.6375,0.28750000000000003,-307.33443657821994
0.6375,0.30000000000000004,-307.25962693886714
0.6375,0.3125,-307.1965092093586
0.6375,0.325,-307.14514200249744
0.6375,0.3375,-307.1055823741607
0.6375,0.35000000000000003,-307.0778857633715
0.6375,0.36250000000000004,-307.0621059316192
0.6375,0.375,-307.0582949015067
0.6375,0.3875,-307.06650289481496
0.6375,0.4,-307.08677827006767
0.6375,0.41250000000000003,-307.1191674596963
0.6375,0.42500000000000004,-307.1637149068971
0.6375,0.4375,-307.2204630022854
0.6375,0.45,-307.2894520204463
0.6375,0.4625,-307.3707200564955
0.6375,0.47500000000000003,-307.46430296275565
0.6375,0.48750000000000004,-307.57023428566407
0.6375,0.5,-307.68854520302665
0.6375,0.5125,-307.81926446173793
0.6375,0.525,-307.96241831608694
0.6375,0.5375,-308.11803046676835
0.6375,0.5499999999999999,-308.2861220007284
0.6375,0.5625,-308.4667113319659
0.6375,0.575,-308.6598141434144
0.6375,0.5875,-308.8654433300361
0.6375,0.6,-309.0836089432478
0.6375,0.6124999999999999,-309.3143181368127
0.6375,0.625,-309.55757511431716
0.6375,0.6375,-309.8133810783632
0.6375,0.65,-310.081734181598
0.6375,0.6625,-310.3626294797048
0.6375,0.6749999999999999,-310.65605888647394
0.6375,0.6875,-310.96201113107566
0.6375,0.7,-311.2804717176456
0.6375,0.7125,-311.61142288730315
0.6375,0.725,-311.95484358270636
0.6375,0.7374999999999999,-312.31070941524956
0.6375,0.75,-312.6789926350103
0.6375,0.7625,-313.0596621035378
0.6375,0.775,-313.45268326957915
0.6375,0.7875,-313.8580181478303
0.6375,0.8,-314.2756253007909
0.6375,0.8125,-314.70545982380673
0.6375,0.825,-315.1474733333624
0.6375,0.8375,-315.6016139586981
0.6375,0.85,-316.06782633679654
0.6375,0.8625,-316.5460516108064
0.6375,0.875,-317.03622743193426
0.6375,0.8875,-317.5382879648503
0.6375,0.9,-318.0521638966359
0.6375,0.9125,-318.5777824492949
0.6375,0.925,-319.11506739584786
0.6375,0.9375,-319.663939080014
0.6375,0.95,-320.2243144394854
0.6375,0.9625,-320.7961070327795
0.6375,0.975,-321.37922706966503
0.6375,0.9875,-321.9735814451307
0.6375,1.0,-322.57907377686865
0.65,0.0,-312.006351585992
0.65,0.0125,-311.68157476097616
0.65,0.025,-311.36683369921576
0.65,0.037500000000000006,-311.06220887753045
0.65,0.05,-310.7677802644956
0.65,0.0625,-310.4836272903002
0.65,0.07500000000000001,-310.20982881516187
0.65,0.08750000000000001,-309.9464630962845
0.65,0.1,-309.6936077533523
0.65,0.1125,-309.45133973254934
0.65,0.125,-309.2197352691085
0.65,0.1375,-308.9988698483863
0.65,0.15000000000000002,-308.78881816546885
0.65,0.1625,-308.5896540833198
0.65,0.17500000000000002,-308.4014505894787
0.65,0.1875,-308.2242797513305
0.65,0.2,-308.0582126699611
0.65,0.21250000000000002,-307.90331943262794
0.65,0.225,-307.7596690638743
0.65,0.23750000000000002,-307.6273294753138
0.65,0.25,-307.5063674141321
0.65,0.2625,-307.3968484103396
0.65,0.275,-307.2988367228248
0.65,0.28750000000000003,-307.2123952842591
0.65,0.30000000000000004,-307.1375856449064
0.65,0.3125,-307.0744679153979
0.65,0.325,-307.02310070853656
0.65,0.3375,-306.98354108020004
0.65,0.35000000000000003,-306.9558444694108
0.65,0.36250000000000004,-306.9400646376585
0.65,0.375,-306.93625360754606
0.65,0.3875,-306.9444616008541
0.65,0.4,-306.9647369761068
0.65,0.41250000000000003,-306.9971261657353
0.65,0.42500000000000004,-307.04167361293645
0.65,0.4375,-307.0984217083246
0.65,0.45,-307.16741072648546
0.65,0.4625,-307.24867876253455
0.65,0.47500000000000003,-307.34226166879495
0.65,0.48750000000000004,-307.44819299170325
0.65,0.5,-307.56650390906583
0.65,0.5125,-307.6972231677773
0.65,0.525,-307.84037702212606
0.65,0.5375,-307.9959891728077
0.65,0.5499999999999999,-308.1640807067677
0.65,0.5625,-308.3446700380052
0.65,0.575,-308.5377728494538
0.65,0.5875,-308.74340203607534
0.65,0.6,-308.96156764928713
0.65,0.6124999999999999,-309.19227684285187
0.65,0.625,-309.4355338203565
0.65,0.6375,-309.6913397844023
0.65,0.65,-309.95969288763735
0.65,0.6625,-310.24058818574406
0.65,0.6749999999999999,-310.5340175925133
0.65,0.6875,-310.83996983711484
0.65,0.7,-311.1584304236847
0.65,0.7125,-311.48938159334256
0.65,0.725,-311.83280228874577
0.65,0.7374999999999999,-312.18866812128886
0.65,0.75,-312.55695134104946
0.65,0.7625,-312.93762080957697
0.65,0.775,-313.33064197561845
0.65,0.7875,-313.73597685386943
0.65,0.8,-314.15358400682993
0.65,0.8125,-314.5834185298458
0.65,0.825,-315.0254320394018
0.65,0.8375,-315.47957266473736
0.65,0.85,-315.94578504283555
0.65,0.8625,-316.4240103168455
0.65,0.875,-316.91418613797356
0.65,0.8875,-317.41624667088985
0.65,0.9,-317.93012260267534
0.65,0.9125,-318.45574115533407
0.65,0.925,-318.9930261018868
0.65,0.9375,-319.5418977860533
0.65,0.95,-320.10227314552446
0.65,0.9625,-320.6740657388186
0.65,0.975,-321.2571857757043
0.65,0.9875,-321.8515401511697
0.65,1.0,-322.457032482908
0.6625,0.0,-311.90717486592354
0.6625,0.0125,-311.5823980409077
0.6625,0.025,-311.2676569791474
0.6625,0.037500000000000006,-310.96303215746207
0.6625,0.05,-310.66860354442724
0.6625,0.0625,-310.3844505702316
0.6625,0.07500000000000001,-310.1106520950931
0.6625,0.08750000000000001,-309.84728637621606
0.6625,0.1,-309.5944310332839
0.6625,0.1125,-309.35216301248096
0.6625,0.125,-309.1205585490402
0.6625,0.1375,-308.8996931283179
0.6625,0.15000000000000002,-308.6896414454004
0.6625,0.1625,-308.4904773632512
0.6625,0.17500000000000002,-308.3022738694103
0.6625,0.1875,-308.1251030312621
0.6625,0.2,-307.95903594989244
0.6625,0.21250000000000002,-307.80414271255955
0.6625,0.225,-307.66049234380574
0.6625,0.23750000000000002,-307.52815275524523
0.6625,0.25,-307.4071906940638
0.6625,0.2625,-307.29767169027105
0.6625,0.275,-307.1996600027563
0.6625,0.28750000000000003,-307.1132185641908
0.6625,0.30000000000000004,-307.0384089248378
0.6625,0.3125,-306.9752911953293
0.6625,0.325,-306.9239239884681
0.6625,0.3375,-306.88436436013137
0.6625,0.35000000000000003,-306.85666774934253
0.6625,0.36250000000000004,-306.84088791758984
0.6625,0.375,-306.8370768874775
0.6625,0.3875,-306.8452848807856
0.6625,0.4,-306.8655602560383
0.6625,0.41250000000000003,-306.897949445667
0.6625,0.42500000000000004,-306.94249689286784
0.6625,0.4375,-306.999244988256
0.6625,0.45,-307.06823400641696
0.6625,0.4625,-307.1495020424661
0.6625,0.47500000000000003,-307.2430849487264
0.6625,0.48750000000000004,-307.3490162716346
0.6625,0.5,-307.4673271889974
0.6625,0.5125,-307.59804644770867
0.6625,0.525,-307.7412003020576
0.6625,0.5375,-307.89681245273914
0.6625,0.5499999999999999,-308.06490398669905
0.6625,0.5625,-308.2454933179366
0.6625,0.575,-308.43859612938525
0.6625,0.5875,-308.64422531600667
0.6625,0.6,-308.8623909292186
0.6625,0.6124999999999999,-309.09310012278354
0.6625,0.625,-309.3363571002881
0.6625,0.6375,-309.5921630643339
0.6625,0.65,-309.8605161675688
0.6625,0.6625,-310.14141146567556
0.6625,0.6749999999999999,-310.4348408724448
0.6625,0.6875,-310.74079311704634
0.6625,0.7,-311.0592537036164
0.6625,0.7125,-311.39020487327406
0.6625,0.725,-311.73362556867716
0.6625,0.7374999999999999,-312.0894914012204
0.6625,0.75,-312.457774620981
0.6625,0.7625,-312.8384440895082
0.6625,0.775,-313.2314652555501
0.6625,0.7875,-313.63680013380093
0.6625,0.8,-314.05440728676143
0.6625,0.8125,-314.48424180977736
0.6625,0.825,-314.92625531933345
0.6625,0.8375,-315.38039594466886
0.6625,0.85,-315.8466083227674
0.6625,0.8625,-316.3248335967771
0.6625,0.875,-316.8150094179051
0.6625,0.8875,-317.3170699508213
0.6625,0.9,-317.8309458826067
0.6625,0.9125,-318.35656443526557
0.6625,0.925,-318.89384938181854
0.6625,0.9375,-319.44272106598487
0.6625,0.95,-320.00309642545614
0.6625,0.9625,-320.5748890187503
0.6625,0.975,-321.158009055636
0.6625,0.9875,-321.75236343110123
0.6625,1.0,-322.3578557628394
0.6749999999999999,0.0,-311.8309740445931
0.6749999999999999,0.0125,-311.5061972195775
0.6749999999999999,0.025,-311.19145615781696
0.6749999999999999,0.037500000000000006,-310.88683133613154
0.6749999999999999,0.05,-310.59240272309665
0.6749999999999999,0.0625,-310.30824974890123
0.6749999999999999,0.07500000000000001,-310.03445127376284
0.6749999999999999,0.08750000000000001,-309.7710855548856
0.6749999999999999,0.1,-309.51823021195355
0.6749999999999999,0.1125,-309.27596219115054
0.6749999999999999,0.125,-309.04435772770984
0.6749999999999999,0.1375,-308.8234923069872
0.6749999999999999,0.15000000000000002,-308.6134406240702
0.6749999999999999,0.1625,-308.41427654192086
0.6749999999999999,0.17500000000000002,-308.22607304807997
0.6749999999999999,0.1875,-308.0489022099317
0.6749999999999999,0.2,-307.88283512856214
0.6749999999999999,0.21250000000000002,-307.7279418912292
0.6749999999999999,0.225,-307.5842915224756
0.6749999999999999,0.23750000000000002,-307.45195193391515
0.6749999999999999,0.25,-307.33098987273326
0.6749999999999999,0.2625,-307.2214708689408
0.6749999999999999,0.275,-307.123459181426
0.6749999999999999,0.28750000000000003,-307.0370177428604
0.6749999999999999,0.30000000000000004,-306.9622081035077
0.6749999999999999,0.3125,-306.89909037399894
0.6749999999999999,0.325,-306.84772316713793
0.6749999999999999,0.3375,-306.80816353880107
0.6749999999999999,0.35000000000000003,-306.78046692801183
0.6749999999999999,0.36250000000000004,-306.7646870962596
0.6749999999999999,0.375,-306.7608760661472
0.6749999999999999,0.3875,-306.7690840594553
0.6749999999999999,0.4,-306.78935943470805
0.6749999999999999,0.41250000000000003,-306.82174862433675
0.6749999999999999,0.42500000000000004,-306.86629607153753
0.6749999999999999,0.4375,-306.9230441669259
0.6749999999999999,0.45,-306.99203318508654
0.6749999999999999,0.4625,-307.073301221136
0.6749999999999999,0.47500000000000003,-307.16688412739614
0.6749999999999999,0.48750000000000004,-307.2728154503044
0.6749999999999999,0.5,-307.3911263676671
0.6749999999999999,0.5125,-307.5218456263786
0.6749999999999999,0.525,-307.66499948072743
0.6749999999999999,0.5375,-307.8206116314087
0.6749999999999999,0.5499999999999999,-307.9887031653691
0.6749999999999999,0.5625,-308.16929249660654
0.6749999999999999,0.575,-308.36239530805483
0.6749999999999999,0.5875,-308.56802449467637
0.6749999999999999,0.6,-308.7861901078883
0.6749999999999999,0.6124999999999999,-309.01689930145307
0.6749999999999999,0.625,-309.26015627895765
0.6749999999999999,0.6375,-309.5159622430035
0.6749999999999999,0.65,-309.7843153462385
0.6749999999999999,0.6625,-310.06521064434514
0.6749999999999999,0.6749999999999999,-310.35864005111466
0.6749999999999999,0.6875,-310.6645922957162
0.6749999999999999,0.7,-310.9830528822859
0.6749999999999999,0.7125,-311.3140040519438
0.6749999999999999,0.725,-311.6574247473469
0.6749999999999999,0.7374999999999999,-312.01329057989
0.6749999999999999,0.75,-312.38157379965077
0.6749999999999999,0.7625,-312.76224326817805
0.6749999999999999,0.775,-313.1552644342196
0.6749999999999999,0.7875,-313.56059931247063
0.6749999999999999,0.8,-313.9782064654314
0.6749999999999999,0.8125,-314.40804098844694
0.6749999999999999,0.825,-314.85005449800315
0.6749999999999999,0.8375,-315.30419512333856
0.6749999999999999,0.85,-315.77040750143715
0.6749999999999999,0.8625,-316.2486327754469
0.6749999999999999,0.875,-316.7388085965746
0.6749999999999999,0.8875,-317.2408691294908
0.6749999999999999,0.9,-317.75474506127654
0.6749999999999999,0.9125,-318.28036361393555
0.6749999999999999,0.925,-318.8176485604883
0.6749999999999999,0.9375,-319.36652024465474
0.6749999999999999,0.95,-319.92689560412583
0.6749999999999999,0.9625,-320.4986881974199
0.6749999999999999,0.975,-321.0818082343056
0.6749999999999999,0.9875,-321.6761626097709
0.6749999999999999,1.0,-322.2816549415091
0.6875,0.0,-311.7778529485312
0.6875,0.0125,-311.45307612351553
0.6875,0.025,-311.1383350617552
0.6875,0.037500000000000006,-310.8337102400697
0.6875,0.05,-310.53928162703465
0.6875,0.0625,-310.2551286528394
0.6875,0.07500000000000001,-309.98133017770095
0.6875,0.08750000000000001,-309.7179644588239
0.6875,0.1,-309.4651091158917
0.6875,0.1125,-309.2228410950887
0.6875,0.125,-308.9912366316478
0.6875,0.1375,-308.77037121092553
0.6875,0.15000000000000002,-308.560319528008
0.6875,0.1625,-308.36115544585897
0.6875,0.17500000000000002,-308.17295195201814
0.6875,0.1875,-307.9957811138698
0.6875,0.2,-307.82971403250014
0.6875,0.21250000000000002,-307.67482079516725
0.6875,0.225,-307.53117042641344
0.6875,0.23750000000000002,-307.3988308378531
0.6875,0.25,-307.27786877667137
0.6875,0.2625,-307.16834977287897
0.6875,0.275,-307.0703380853642
0.6875,0.28750000000000003,-306.9838966467987
0.6875,0.30000000000000004,-306.90908700744586
0.6875,0.3125,-306.8459692779373
0.6875,0.325,-306.79460207107604
0.6875,0.3375,-306.75504244273924
0.6875,0.35000000000000003,-306.7273458319501
0.6875,0.36250000000000004,-306.7115660001977
0.6875,0.375,-306.70775497008526
0.6875,0.3875,-306.7159629633934
0.6875,0.4,-306.73623833864616
0.6875,0.41250000000000003,-306.76862752827464
0.6875,0.42500000000000004,-306.81317497547565
0.6875,0.4375,-306.8699230708638
0.6875,0.45,-306.93891208902477
0.6875,0.4625,-307.0201801250741
0.6875,0.47500000000000003,-307.1137630313343
0.6875,0.48750000000000004,-307.2196943542425
0.6875,0.5,-307.3380052716052
0.6875,0.5125,-307.46872453031665
0.6875,0.525,-307.6118783846656
0.6875,0.5375,-307.76749053534684
0.6875,0.5499999999999999,-307.93558206930715
0.6875,0.5625,-308.11617140054443
0.6875,0.575,-308.309274211993
0.6875,0.5875,-308.51490339861454
0.6875,0.6,-308.7330690118264
0.6875,0.6124999999999999,-308.96377820539135
0.6875,0.625,-309.2070351828957
0.6875,0.6375,-309.4628411469417
0.6875,0.65,-309.7311942501766
0.6875,0.6625,-310.0120895482834
0.6875,0.6749999999999999,-310.3055189550527
0.6875,0.6875,-310.61147119965415
0.6875,0.7,-310.9299317862241
0.6875,0.7125,-311.2608829558819
0.6875,0.725,-311.60430365128497
0.6875,0.7374999999999999,-311.96016948382817
0.6875,0.75,-312.32845270358865
0.6875,0.7625,-312.70912217211617
0.6875,0.775,-313.10214333815793
0.6875,0.7875,-313.50747821640874
0.6875,0.8,-313.9250853693694
0.6875,0.8125,-314.3549198923853
0.6875,0.825,-314.7969334019414
0.6875,0.8375,-315.25107402727656
0.6875,0.85,-315.71728640537515
0.6875,0.8625,-316.1955116793849
0.6875,0.875,-316.68568750051264
0.6875,0.8875,-317.18774803342893
0.6875,0.9,-317.7016239652145
0.6875,0.9125,-318.2272425178733
0.6875,0.925,-318.7645274644263
0.6875,0.9375,-319.31339914859274
0.6875,0.95,-319.8737745080639
0.6875,0.9625,-320.44556710135794
0.6875,0.975,-321.02868713824364
0.6875,0.9875,-321.62304151370904
0.6875,1.0,-322.2285338454474
0.7,0.0,-311.7479077679978
0.7,0.0125,-311.4231309429822
0.7,0.025,-311.1083898812218
0.7,0.037500000000000006,-310.80376505953626
0.7,0.05,-310.5093364465014
0.7,0.0625,-310.22518347230584
0.7,0.07500000000000001,-309.9513849971677
0.7,0.08750000000000001,-309.68801927829054
0.7,0.1,-309.43516393535833
0.7,0.1125,-309.1928959145552
0.7,0.125,-308.9612914511146
0.7,0.1375,-308.74042603039214
0.7,0.15000000000000002,-308.53037434747466
0.7,0.1625,-308.33121026532564
0.7,0.17500000000000002,-308.1430067714846
0.7,0.1875,-307.96583593333634
0.7,0.2,-307.799768851967
0.7,0.21250000000000002,-307.644875614634
0.7,0.225,-307.50122524588005
0.7,0.23750000000000002,-307.3688856573196
0.7,0.25,-307.2479235961378
0.7,0.2625,-307.13840459234535
0.7,0.275,-307.04039290483087
0.7,0.28750000000000003,-306.9539514662651
0.7,0.30000000000000004,-306.8791418269122
0.7,0.3125,-306.8160240974038
0.7,0.325,-306.7646568905425
0.7,0.3375,-306.72509726220585
0.7,0.35000000000000003,-306.69740065141684
0.7,0.36250000000000004,-306.6816208196643
0.7,0.375,-306.67780978955193
0.7,0.3875,-306.68601778286
0.7,0.4,-306.7062931581126
0.7,0.41250000000000003,-306.73868234774136
0.7,0.42500000000000004,-306.78322979494226
0.7,0.4375,-306.8399778903305
0.7,0.45,-306.9089669084914
0.7,0.4625,-306.99023494454065
0.7,0.47500000000000003,-307.08381785080076
0.7,0.48750000000000004,-307.18974917370923
0.7,0.5,-307.30806009107147
0.7,0.5125,-307.4387793497833
0.7,0.525,-307.58193320413227
0.7,0.5375,-307.7375453548135
0.7,0.5499999999999999,-307.9056368887737
0.7,0.5625,-308.0862262200111
0.7,0.575,-308.2793290314596
0.7,0.5875,-308.48495821808115
0.7,0.6,-308.70312383129306
0.7,0.6124999999999999,-308.9338330248579
0.7,0.625,-309.17709000236226
0.7,0.6375,-309.4328959664083
0.7,0.65,-309.70124906964327
0.7,0.6625,-309.98214436775015
0.7,0.6749999999999999,-310.2755737745193
0.7,0.6875,-310.58152601912053
0.7,0.7,-310.8999866056905
0.7,0.7125,-311.2309377753485
0.7,0.725,-311.5743584707517
0.7,0.7374999999999999,-311.9302243032948
0.7,0.75,-312.2985075230554
0.7,0.7625,-312.67917699158284
0.7,0.775,-313.07219815762437
0.7,0.7875,-313.47753303587535
0.7,0.8,-313.8951401888359
0.7,0.8125,-314.3249747118516
0.7,0.825,-314.7669882214077
0.7,0.8375,-315.2211288467432
0.7,0.85,-315.68734122484176
0.7,0.8625,-316.16556649885143
0.7,0.875,-316.6557423199794
0.7,0.8875,-317.1578028528956
0.7,0.9,-317.671678784681
0.7,0.9125,-318.19729733734
0.7,0.925,-318.7345822838929
0.7,0.9375,-319.28345396805923
0.7,0.95,-319.8438293275304
0.7,0.9625,-320.4156219208246
0.7,0.975,-320.99874195771014
0.7,0.9875,-321.59309633317565
0.7,1.0,-322.1985886649139
0.7125,0.0,-311.74122692561
0.7125,0.0125,-311.4164501005944
0.7125,0.025,-311.1017090388338
0.7125,0.037500000000000006,-310.79708421714844
0.7125,0.05,-310.50265560411356
0.7125,0.0625,-310.21850262991813
0.7125,0.07500000000000001,-309.94470415477974
0.7125,0.08750000000000001,-309.6813384359025
0.7125,0.1,-309.4284830929704
0.7125,0.1125,-309.18621507216756
0.7125,0.125,-308.95461060872674
0.7125,0.1375,-308.7337451880043
0.7125,0.15000000000000002,-308.523693505087
0.7125,0.1625,-308.3245294229377
0.7125,0.17500000000000002,-308.1363259290969
0.7125,0.1875,-307.95915509094846
0.7125,0.2,-307.79308800957904
0.7125,0.21250000000000002,-307.6381947722459
0.7125,0.225,-307.49454440349217
0.7125,0.23750000000000002,-307.36220481493194
0.7125,0.25,-307.2412427537501
0.7125,0.2625,-307.13172374995764
0.7125,0.275,-307.03371206244276
0.7125,0.28750000000000003,-306.9472706238772
0.7125,0.30000000000000004,-306.8724609845244
0.7125,0.3125,-306.8093432550161
0.7125,0.325,-306.7579760481548
0.7125,0.3375,-306.7184164198181
0.7125,0.35000000000000003,-306.6907198090288
0.7125,0.36250000000000004,-306.6749399772765
0.7125,0.375,-306.67112894716405
0.7125,0.3875,-306.67933694047207
0.7125,0.4,-306.6996123157249
0.7125,0.41250000000000003,-306.73200150535337
0.7125,0.42500000000000004,-306.7765489525543
0.7125,0.4375,-306.83329704794284
0.7125,0.45,-306.90228606610356
0.7125,0.4625,-306.9835541021528
0.7125,0.47500000000000003,-307.0771370084131
0.7125,0.48750000000000004,-307.1830683313213
0.7125,0.5,-307.3013792486838
0.7125,0.5125,-307.43209850739527
0.7125,0.525,-307.5752523617442
0.7125,0.5375,-307.73086451242574
0.7125,0.5499999999999999,-307.8989560463859
0.7125,0.5625,-308.0795453776231
0.7125,0.575,-308.27264818907173
0.7125,0.5875,-308.47827737569344
0.7125,0.6,-308.69644298890523
0.7125,0.6124999999999999,-308.92715218246997
0.7125,0.625,-309.1704091599744
0.7125,0.6375,-309.42621512402053
0.7125,0.65,-309.6945682272553
0.7125,0.6625,-309.97546352536204
0.7125,0.6749999999999999,-310.26889293213134
0.7125,0.6875,-310.574845176733
0.7125,0.7,-310.89330576330264
0.7125,0.7125,-311.2242569329606
0.7125,0.725,-311.56767762836375
0.7125,0.7374999999999999,-311.92354346090696
0.7125,0.75,-312.29182668066755
0.7125,0.7625,-312.67249614919507
0.7125,0.775,-313.0655173152365
0.7125,0.7875,-313.47085219348764
0.7125,0.8,-313.88845934644826
0.7125,0.8125,-314.31829386946407
0.7125,0.825,-314.7603073790198
0.7125,0.8375,-315.2144480043554
0.7125,0.85,-315.6806603824539
0.7125,0.8625,-316.15888565646367
0.7125,0.875,-316.6490614775916
0.7125,0.8875,-317.1511220105079
0.7125,0.9,-317.6649979422931
0.7125,0.9125,-318.19061649495245
0.7125,0.925,-318.72790144150497
0.7125,0.9375,-319.27677312567147
0.7125,0.95,-319.8371484851426
0.7125,0.9625,-320.4089410784368
0.7125,0.975,-320.9920611153224
0.7125,0.9875,-321.586415490788
0.7125,1.0,-322.19190782252616
0.725,0.0,-311.75789095181216
0.725,0.0125,-311.4331141267965
0.725,0.025,-311.11837306503594
0.725,0.037500000000000006,-310.81374824335063
0.725,0.05,-310.51931963031586
0.725,0.0625,-310.2351666561203
0.725,0.07500000000000001,-309.9613681809818
0.725,0.08750000000000001,-309.6980024621048
0.725,0.1,-309.44514711917253
0.725,0.1125,-309.2028790983695
0.725,0.125,-308.97127463492893
0.725,0.1375,-308.75040921420634
0.725,0.15000000000000002,-308.54035753128903
0.725,0.1625,-308.34119344913984
0.725,0.17500000000000002,-308.15298995529906
0.725,0.1875,-307.9758191171508
0.725,0.2,-307.8097520357811
0.725,0.21250000000000002,-307.6548587984483
0.725,0.225,-307.5112084296944
0.725,0.23750000000000002,-307.3788688411339
0.725,0.25,-307.25790677995224
0.725,0.2625,-307.14838777615984
0.725,0.275,-307.050376088645
0.725,0.28750000000000003,-306.96393465007935
0.725,0.30000000000000004,-306.8891250107265
0.725,0.3125,-306.82600728121815
0.725,0.325,-306.7746400743568
0.725,0.3375,-306.7350804460201
0.725,0.35000000000000003,-306.70738383523127
0.725,0.36250000000000004,-306.69160400347886
0.725,0.375,-306.68779297336613
0.725,0.3875,-306.6960009666742
0.725,0.4,-306.71627634192697
0.725,0.41250000000000003,-306.7486655315556
0.725,0.42500000000000004,-306.7932129787565
0.725,0.4375,-306.84996107414474
0.725,0.45,-306.91895009230564
0.725,0.4625,-307.00021812835485
0.725,0.47500000000000003,-307.0938010346151
0.725,0.48750000000000004,-307.19973235752354
0.725,0.5,-307.318043274886
0.725,0.5125,-307.4487625335976
0.725,0.525,-307.5919163879464
0.725,0.5375,-307.7475285386278
0.725,0.5499999999999999,-307.9156200725882
0.725,0.5625,-308.0962094038254
0.725,0.575,-308.28931221527404
0.725,0.5875,-308.4949414018954
0.725,0.6,-308.7131070151072
0.725,0.6124999999999999,-308.9438162086722
0.725,0.625,-309.18707318617675
0.725,0.6375,-309.44287915022255
0.725,0.65,-309.7112322534574
0.725,0.6625,-309.9921275515644
0.725,0.6749999999999999,-310.2855569583336
0.725,0.6875,-310.59150920293496
0.725,0.7,-310.909969789505
0.725,0.7125,-311.24092095916274
0.725,0.725,-311.58434165456595
0.725,0.7374999999999999,-311.9402074871089
0.725,0.75,-312.3084907068697
0.725,0.7625,-312.6891601753969
0.725,0.775,-313.08218134143874
0.725,0.7875,-313.48751621968955
0.725,0.8,-313.90512337265034
0.725,0.8125,-314.3349578956661
0.725,0.825,-314.7769714052221
0.725,0.8375,-315.2311120305574
0.725,0.85,-315.6973244086559
0.725,0.8625,-316.1755496826659
0.725,0.875,-316.6657255037935
0.725,0.8875,-317.16778603671014
0.725,0.9,-317.6816619684956
0.725,0.9125,-318.2072805211544
0.725,0.925,-318.7445654677073
0.725,0.9375,-319.29343715187355
0.725,0.95,-319.8538125113449
0.725,0.9625,-320.4256051046389
0.725,0.975,-321.00872514152456
0.725,0.9875,-321.60307951699
0.725,1.0,-322.208571848728
0.7374999999999999,0.0,-311.7979723674372
0.7374999999999999,0.0125,-311.47319554242125
0.7374999999999999,0.025,-311.158454480661
0.7374999999999999,0.037500000000000006,-310.8538296589757
0.7374999999999999,0.05,-310.55940104594066
0.7374999999999999,0.0625,-310.27524807174535
0.7374999999999999,0.07500000000000001,-310.00144959660713
0.7374999999999999,0.08750000000000001,-309.7380838777299
0.7374999999999999,0.1,-309.48522853479767
0.7374999999999999,0.1125,-309.2429605139947
0.7374999999999999,0.125,-309.01135605055373
0.7374999999999999,0.1375,-308.7904906298315
0.7374999999999999,0.15000000000000002,-308.580438946914
0.7374999999999999,0.1625,-308.38127486476515
0.7374999999999999,0.17500000000000002,-308.19307137092403
0.7374999999999999,0.1875,-308.01590053277585
0.7374999999999999,0.2,-307.84983345140625
0.7374999999999999,0.21250000000000002,-307.6949402140733
0.7374999999999999,0.225,-307.55128984531956
0.7374999999999999,0.23750000000000002,-307.4189502567591
0.7374999999999999,0.25,-307.2979881955772
0.7374999999999999,0.2625,-307.1884691917849
0.7374999999999999,0.275,-307.0904575042702
0.7374999999999999,0.28750000000000003,-307.0040160657045
0.7374999999999999,0.30000000000000004,-306.9292064263519
0.7374999999999999,0.3125,-306.8660886968432
0.7374999999999999,0.325,-306.8147214899819
0.7374999999999999,0.3375,-306.7751618616452
0.7374999999999999,0.35000000000000003,-306.747465250856
0.7374999999999999,0.36250000000000004,-306.7316854191035
0.7374999999999999,0.375,-306.7278743889913
0.7374999999999999,0.3875,-306.73608238229934
0.7374999999999999,0.4,-306.75635775755194
0.7374999999999999,0.41250000000000003,-306.7887469471807
0.7374999999999999,0.42500000000000004,-306.83329439438177
0.7374999999999999,0.4375,-306.89004248976994
0.7374999999999999,0.45,-306.9590315079308
0.7374999999999999,0.4625,-307.0402995439801
0.7374999999999999,0.47500000000000003,-307.1338824502402
0.7374999999999999,0.48750000000000004,-307.2398137731485
0.7374999999999999,0.5,-307.3581246905111
0.7374999999999999,0.5125,-307.4888439492226
0.7374999999999999,0.525,-307.6319978035716
0.7374999999999999,0.5375,-307.78760995425284
0.7374999999999999,0.5499999999999999,-307.95570148821315
0.7374999999999999,0.5625,-308.1362908194505
0.7374999999999999,0.575,-308.32939363089906
0.7374999999999999,0.5875,-308.53502281752054
0.7374999999999999,0.6,-308.75318843073245
0.7374999999999999,0.6124999999999999,-308.9838976242974
0.7374999999999999,0.625,-309.22715460180166
0.7374999999999999,0.6375,-309.4829605658477
0.7374999999999999,0.65,-309.7513136690828
0.7374999999999999,0.6625,-310.0322089671895
0.7374999999999999,0.6749999999999999,-310.3256383739587
0.7374999999999999,0.6875,-310.63159061856015
0.7374999999999999,0.7,-310.9500512051301
0.7374999999999999,0.7125,-311.2810023747877
0.7374999999999999,0.725,-311.6244230701909
0.7374999999999999,0.7374999999999999,-311.98028890273423
0.7374999999999999,0.75,-312.3485721224947
0.7374999999999999,0.7625,-312.72924159102223
0.7374999999999999,0.775,-313.12226275706377
0.7374999999999999,0.7875,-313.5275976353147
0.7374999999999999,0.8,-313.9452047882754
0.7374999999999999,0.8125,-314.3750393112911
0.7374999999999999,0.825,-314.8170528208473
0.7374999999999999,0.8375,-315.2711934461825
0.7374999999999999,0.85,-315.7374058242812
0.7374999999999999,0.8625,-316.21563109829094
0.7374999999999999,0.875,-316.7058069194188
0.7374999999999999,0.8875,-317.207867452335
0.7374999999999999,0.9,-317.7217433841203
0.7374999999999999,0.9125,-318.24736193677955
0.7374999999999999,0.925,-318.7846468833322
0.7374999999999999,0.9375,-319.3335185674987
0.7374999999999999,0.95,-319.8938939269698
0.7374999999999999,0.9625,-320.46568652026406
0.7374999999999999,0.975,-321.0488065571495
0.7374999999999999,0.9875,-321.643160932615
0.7374999999999999,1.0,-322.2486532643532
0.75,0.0,-311.86153557359853
0.75,0.0125,-311.5367587485827
0.75,0.025,-311.2220176868223
0.75,0.037500000000000006,-310.9173928651371
0.75,0.05,-310.6229642521022
0.75,0.0625,-310.33881127790664
0.75,0.07500000000000001,-310.0650128027682
0.75,0.08750000000000001,-309.80164708389117
0.75,0.1,-309.5487917409589
0.75,0.1125,-309.30652372015606
0.75,0.125,-309.07491925671513
0.75,0.1375,-308.8540538359929
0.75,0.15000000000000002,-308.64400215307546
0.75,0.1625,-308.44483807092627
0.75,0.17500000000000002,-308.2566345770854
0.75,0.1875,-308.0794637389372
0.75,0.2,-307.91339665756755
0.75,0.21250000000000002,-307.75850342023466
0.75,0.225,-307.61485305148074
0.75,0.23750000000000002,-307.48251346292045
0.75,0.25,-307.36155140173855
0.75,0.2625,-307.25203239794604
0.75,0.275,-307.15402071043127
0.75,0.28750000000000003,-307.0675792718657
0.75,0.30000000000000004,-306.99276963251316
0.75,0.3125,-306.9296519030044
0.75,0.325,-306.8782846961433
0.75,0.3375,-306.8387250678064
0.75,0.35000000000000003,-306.81102845701747
0.75,0.36250000000000004,-306.79524862526483
0.75,0.375,-306.7914375951526
0.75,0.3875,-306.79964558846063
0.75,0.4,-306.81992096371334
0.75,0.41250000000000003,-306.85231015334205
0.75,0.42500000000000004,-306.8968576005428
0.75,0.4375,-306.9536056959311
0.75,0.45,-307.0225947140921
0.75,0.4625,-307.1038627501412
0.75,0.47500000000000003,-307.19744565640127
0.75,0.48750000000000004,-307.30337697930986
0.75,0.5,-307.4216878966724
0.75,0.5125,-307.55240715538395
0.75,0.525,-307.69556100973284
0.75,0.5375,-307.85117316041413
0.75,0.5499999999999999,-308.0192646943744
0.75,0.5625,-308.19985402561167
0.75,0.575,-308.39295683706035
0.75,0.5875,-308.59858602368183
0.75,0.6,-308.8167516368936
0.75,0.6124999999999999,-309.04746083045853
0.75,0.625,-309.290717807963
0.75,0.6375,-309.5465237720089
0.75,0.65,-309.81487687524384
0.75,0.6625,-310.0957721733506
0.75,0.6749999999999999,-310.3892015801199
0.75,0.6875,-310.69515382472133
0.75,0.7,-311.01361441129126
0.75,0.7125,-311.34456558094917
0.75,0.725,-311.6879862763523
0.75,0.7374999999999999,-312.0438521088954
0.75,0.75,-312.412135328656
0.75,0.7625,-312.7928047971834
0.75,0.775,-313.1858259632251
0.75,0.7875,-313.5911608414759
0.75,0.8,-314.0087679944366
0.75,0.8125,-314.4386025174524
0.75,0.825,-314.88061602700856
0.75,0.8375,-315.33475665234386
0.75,0.85,-315.8009690304424
0.75,0.8625,-316.2791943044521
0.75,0.875,-316.7693701255801
0.75,0.8875,-317.27143065849634
0.75,0.9,-317.7853065902816
0.75,0.9125,-318.31092514294085
0.75,0.925,-318.84821008949365
0.75,0.9375,-319.3970817736598
0.75,0.95,-319.95745713313124
0.75,0.9625,-320.52924972642523
0.75,0.975,-321.1123697633108
0.75,0.9875,-321.7067241387764
0.75,1.0,-322.3122164705145
0.7625,0.0,-311.94863674913785
0.7625,0.0125,-311.6238599241221
0.7625,0.025,-311.30911886236163
0.7625,0.037500000000000006,-311.0044940406764
0.7625,0.05,-310.7100654276414
0.7625,0.0625,-310.42591245344613
0.7625,0.07500000000000001,-310.15211397830774
0.7625,0.08750000000000001,-309.88874825943054
0.7625,0.1,-309.6358929164984
0.7625,0.1125,-309.3936248956951
0.7625,0.125,-309.1620204322545
0.7625,0.1375,-308.9411550115322
0.7625,0.15000000000000002,-308.7311033286148
0.7625,0.1625,-308.53193924646587
0.7625,0.17500000000000002,-308.3437357526248
0.7625,0.1875,-308.16656491447657
0.7625,0.2,-308.00049783310703
0.7625,0.21250000000000002,-307.84560459577403
0.7625,0.225,-307.7019542270203
0.7625,0.23750000000000002,-307.5696146384597
0.7625,0.25,-307.44865257727815
0.7625,0.2625,-307.33913357348564
0.7625,0.275,-307.2411218859707
0.7625,0.28750000000000003,-307.15468044740527
0.7625,0.30000000000000004,-307.0798708080525
0.7625,0.3125,-307.01675307854384
0.7625,0.325,-306.96538587168266
0.7625,0.3375,-306.92582624334614
0.7625,0.35000000000000003,-306.89812963255685
0.7625,0.36250000000000004,-306.88234980080443
0.7625,0.375,-306.8785387706921
0.7625,0.3875,-306.886746764
0.7625,0.4,-306.90702213925294
0.7625,0.41250000000000003,-306.93941132888136
0.7625,0.42500000000000004,-306.9839587760825
0.7625,0.4375,-307.04070687147055
0.7625,0.45,-307.1096958896315
0.7625,0.4625,-307.19096392568076
0.7625,0.47500000000000003,-307.2845468319411
0.7625,0.48750000000000004,-307.39047815484923
0.7625,0.5,-307.5087890722118
0.7625,0.5125,-307.63950833092326
0.7625,0.525,-307.7826621852722
0.7625,0.5375,-307.9382743359537
0.7625,0.5499999999999999,-308.10636586991376
0.7625,0.5625,-308.28695520115105
0.7625,0.575,-308.4800580125998
0.7625,0.5875,-308.6856871992212
0.7625,0.6,-308.903852812433
0.7625,0.6124999999999999,-309.13456200599785
0.7625,0.625,-309.37781898350244
0.7625,0.6375,-309.6336249475483
0.7625,0.65,-309.9019780507832
0.7625,0.6625,-310.1828733488899
0.7625,0.6749999999999999,-310.47630275565945
0.7625,0.6875,-310.78225500026076
0.7625,0.7,-311.10071558683074
0.7625,0.7125,-311.4316667564884
0.7625,0.725,-311.7750874518917
0.7625,0.7374999999999999,-312.1309532844349
0.7625,0.75,-312.49923650419555
0.7625,0.7625,-312.879905972723
0.7625,0.775,-313.27292713876454
0.7625,0.7875,-313.6782620170154
0.7625,0.8,-314.0958691699762
0.7625,0.8125,-314.52570369299184
0.7625,0.825,-314.967717202548
0.7625,0.8375,-315.4218578278834
0.7625,0.85,-315.88807020598153
0.7625,0.8625,-316.36629547999155
0.7625,0.875,-316.8564713011195
0.7625,0.8875,-317.3585318340357
0.7625,0.9,-317.8724077658212
0.7625,0.9125,-318.3980263184801
0.7625,0.925,-318.935311265033
0.7625,0.9375,-319.48418294919935
0.7625,0.95,-320.0445583086707
0.7625,0.9625,-320.61635090196484
0.7625,0.975,-321.1994709388505
0.7625,0.9875,-321.79382531431594
0.7625,1.0,-322.39931764605376
0.775,0.0,-312.05932375584604
0.775,0.0125,-311.7345469308303
0.775,0.025,-311.41980586906976
0.775,0.037500000000000006,-311.1151810473844
0.775,0.05,-310.8207524343496
0.775,0.0625,-310.53659946015404
0.775,0.07500000000000001,-310.2628009850157
0.775,0.08750000000000001,-309.9994352661386
0.775,0.1,-309.74657992320635
0.775,0.1125,-309.50431190240346
0.775,0.125,-309.2727074389625
0.775,0.1375,-309.0518420182403
0.775,0.15000000000000002,-308.8417903353228
0.775,0.1625,-308.64262625317383
0.775,0.17500000000000002,-308.45442275933283
0.775,0.1875,-308.2772519211846
0.775,0.2,-308.1111848398149
0.775,0.21250000000000002,-307.956291602482
0.775,0.225,-307.8126412337281
0.775,0.23750000000000002,-307.6803016451678
0.775,0.25,-307.5593395839861
0.775,0.2625,-307.44982058019355
0.775,0.275,-307.35180889267883
0.775,0.28750000000000003,-307.2653674541132
0.775,0.30000000000000004,-307.19055781476044
0.775,0.3125,-307.12744008525186
0.775,0.325,-307.07607287839073
0.775,0.3375,-307.03651325005393
0.775,0.35000000000000003,-307.00881663926486
0.775,0.36250000000000004,-306.99303680751245
0.775,0.375,-306.9892257774
0.775,0.3875,-306.9974337707081
0.775,0.4,-307.0177091459607
0.775,0.41250000000000003,-307.05009833558944
0.775,0.42500000000000004,-307.09464578279045
0.775,0.4375,-307.1513938781786
0.775,0.45,-307.22038289633946
0.775,0.4625,-307.30165093238867
0.775,0.47500000000000003,-307.3952338386489
0.775,0.48750000000000004,-307.5011651615572
0.775,0.5,-307.61947607891966
0.775,0.5125,-307.75019533763117
0.775,0.525,-307.8933491919803
0.775,0.5375,-308.04896134266164
0.775,0.5499999999999999,-308.21705287662184
0.775,0.5625,-308.3976422078591
0.775,0.575,-308.59074501930775
0.775,0.5875,-308.7963742059293
0.775,0.6,-309.0145398191411
0.775,0.6124999999999999,-309.245249012706
0.775,0.625,-309.48850599021057
0.775,0.6375,-309.74431195425643
0.775,0.65,-310.0126650574912
0.775,0.6625,-310.2935603555982
0.775,0.6749999999999999,-310.58698976236735
0.775,0.6875,-310.8929420069689
0.775,0.7,-311.2114025935387
0.775,0.7125,-311.5423537631967
0.775,0.725,-311.8857744585997
0.775,0.7374999999999999,-312.24164029114286
0.775,0.75,-312.6099235109033
0.775,0.7625,-312.99059297943074
0.775,0.775,-313.38361414547245
0.775,0.7875,-313.7889490237234
0.775,0.8,-314.20655617668405
0.775,0.8125,-314.6363906996999
0.775,0.825,-315.0784042092559
0.775,0.8375,-315.53254483459125
0.775,0.85,-315.99875721268984
0.775,0.8625,-316.4769824866996
0.775,0.875,-316.9671583078276
0.775,0.8875,-317.469218840744
0.775,0.9,-317.9830947725293
0.775,0.9125,-318.5087133251882
0.775,0.925,-319.0459982717411
0.775,0.9375,-319.59486995590714
0.775,0.95,-320.15524531537864
0.775,0.9625,-320.7270379086727
0.775,0.975,-321.3101579455582
0.775,0.9875,-321.9045123210238
0.775,1.0,-322.51000465276206
0.7875,0.0,-312.19363605165375
0.7875,0.0125,-311.868859226638
0.7875,0.025,-311.5541181648775
0.7875,0.037500000000000006,-311.24949334319217
0.7875,0.05,-310.9550647301572
0.7875,0.0625,-310.670911755962
0.7875,0.07500000000000001,-310.3971132808233
0.7875,0.08750000000000001,-310.13374756194617
0.7875,0.1,-309.88089221901413
0.7875,0.1125,-309.6386241982111
0.7875,0.125,-309.40701973477024
0.7875,0.1375,-309.18615431404805
0.7875,0.15000000000000002,-308.9761026311307
0.7875,0.1625,-308.77693854898155
0.7875,0.17500000000000002,-308.5887350551406
0.7875,0.1875,-308.41156421699225
0.7875,0.2,-308.24549713562266
0.7875,0.21250000000000002,-308.09060389828977
0.7875,0.225,-307.94695352953613
0.7875,0.23750000000000002,-307.8146139409755
0.7875,0.25,-307.6936518797939
0.7875,0.2625,-307.5841328760013
0.7875,0.275,-307.4861211884867
0.7875,0.28750000000000003,-307.399679749921
0.7875,0.30000000000000004,-307.3248701105683
0.7875,0.3125,-307.2617523810596
0.7875,0.325,-307.2103851741985
0.7875,0.3375,-307.1708255458619
0.7875,0.35000000000000003,-307.1431289350725
0.7875,0.36250000000000004,-307.1273491033203
0.7875,0.375,-307.12353807320767
0.7875,0.3875,-307.1317460665161
0.7875,0.4,-307.15202144176874
0.7875,0.41250000000000003,-307.1844106313971
0.7875,0.42500000000000004,-307.22895807859805
0.7875,0.4375,-307.28570617398634
0.7875,0.45,-307.35469519214723
0.7875,0.4625,-307.43596322819644
0.7875,0.47500000000000003,-307.5295461344567
0.7875,0.48750000000000004,-307.6354774573651
0.7875,0.5,-307.7537883747276
0.7875,0.5125,-307.88450763343917
0.7875,0.525,-308.0276614877879
0.7875,0.5375,-308.18327363846925
0.7875,0.5499999999999999,-308.3513651724295
0.7875,0.5625,-308.531954503667
0.7875,0.575,-308.7250573151153
0.7875,0.5875,-308.93068650173694
0.7875,0.6,-309.14885211494874
0.7875,0.6124999999999999,-309.37956130851376
0.7875,0.625,-309.6228182860183
0.7875,0.6375,-309.8786242500642
0.7875,0.65,-310.1469773532989
0.7875,0.6625,-310.42787265140566
0.7875,0.6749999999999999,-310.7213020581752
0.7875,0.6875,-311.0272543027767
0.7875,0.7,-311.34571488934654
0.7875,0.7125,-311.6766660590043
0.7875,0.725,-312.0200867544075
0.7875,0.7374999999999999,-312.3759525869507
0.7875,0.75,-312.7442358067112
0.7875,0.7625,-313.1249052752386
0.7875,0.775,-313.5179264412802
0.7875,0.7875,-313.92326131953126
0.7875,0.8,-314.340868472492
0.7875,0.8125,-314.77070299550775
0.7875,0.825,-315.2127165050637
0.7875,0.8375,-315.666857130399
0.7875,0.85,-316.1330695084978
0.7875,0.8625,-316.61129478250746
0.7875,0.875,-317.1014706036352
0.7875,0.8875,-317.60353113655157
0.7875,0.9,-318.117407068337
0.7875,0.9125,-318.6430256209959
0.7875,0.925,-319.18031056754893
0.7875,0.9375,-319.7291822517151
0.7875,0.95,-320.2895576111863
0.7875,0.9625,-320.86135020448046
0.7875,0.975,-321.44447024136616
0.7875,0.9875,-322.03882461683156
0.7875,1.0,-322.64431694856967
0.8,0.0,-312.35160461198615
0.8,0.0125,-312.0268277869704
0.8,0.025,-311.7120867252099
0.8,0.037500000000000006,-311.40746190352456
0.8,0.05,-311.1130332904896
0.8,0.0625,-310.82888031629426
0.8,0.07500000000000001,-310.5550818411559
0.8,0.08750000000000001,-310.2917161222788
0.8,0.1,-310.03886077934646
0.8,0.1125,-309.79659275854345
0.8,0.125,-309.5649882951027
0.8,0.1375,-309.34412287438033
0.8,0.15000000000000002,-309.134071191463
0.8,0.1625,-308.9349071093138
0.8,0.17500000000000002,-308.746703615473
0.8,0.1875,-308.5695327773248
0.8,0.2,-308.403465695955
0.8,0.21250000000000002,-308.24857245862216
0.8,0.225,-308.10492208986847
0.8,0.23750000000000002,-307.9725825013079
0.8,0.25,-307.8516204401262
0.8,0.2625,-307.74210143633354
0.8,0.275,-307.64408974881906
0.8,0.28750000000000003,-307.5576483102533
0.8,0.30000000000000004,-307.48283867090066
0.8,0.3125,-307.4197209413919
0.8,0.325,-307.36835373453084
0.8,0.3375,-307.3287941061941
0.8,0.35000000000000003,-307.30109749540503
0.8,0.36250000000000004,-307.2853176636526
0.8,0.375,-307.28150663354023
0.8,0.3875,-307.28971462684825
0.8,0.4,-307.3099900021007
0.8,0.41250000000000003,-307.3423791917296
0.8,0.42500000000000004,-307.3869266389307
0.8,0.4375,-307.4436747343189
0.8,0.45,-307.5126637524797
0.8,0.4625,-307.5939317885288
0.8,0.47500000000000003,-307.6875146947892
0.8,0.48750000000000004,-307.7934460176973
0.8,0.5,-307.9117569350598
0.8,0.5125,-308.04247619377156
0.8,0.525,-308.18563004812034
0.8,0.5375,-308.34124219880175
0.8,0.5499999999999999,-308.50933373276183
0.8,0.5625,-308.6899230639994
0.8,0.575,-308.88302587544786
0.8,0.5875,-309.0886550620694
0.8,0.6,-309.3068206752812
0.8,0.6124999999999999,-309.53752986884615
0.8,0.625,-309.7807868463505
0.8,0.6375,-310.0365928103966
0.8,0.65,-310.30494591363146
0.8,0.6625,-310.58584121173817
0.8,0.6749999999999999,-310.8792706185077
0.8,0.6875,-311.18522286310906
0.8,0.7,-311.5036834496789
0.8,0.7125,-311.83463461933667
0.8,0.725,-312.17805531474005
0.8,0.7374999999999999,-312.533921147283
0.8,0.75,-312.9022043670438
0.8,0.7625,-313.2828738355711
0.8,0.775,-313.6758950016127
0.8,0.7875,-314.0812298798636
0.8,0.8,-314.4988370328244
0.8,0.8125,-314.92867155583997
0.8,0.825,-315.3706850653962
0.8,0.8375,-315.8248256907314
0.8,0.85,-316.29103806882995
0.8,0.8625,-316.76926334283985
0.8,0.875,-317.25943916396756
0.8,0.8875,-317.761499696884
0.8,0.9,-318.2753756286694
0.8,0.9125,-318.8009941813282
0.8,0.925,-319.3382791278811
0.8,0.9375,-319.88715081204754
0.8,0.95,-320.4475261715188
0.8,0.9625,-321.0193187648129
0.8,0.975,-321.6024388016986
0.8,0.9875,-322.1967931771637
0.8,1.0,-322.80228550890195
0.8125,0.0,-312.53325185944846
0.8125,0.0125,-312.2084750344328
0.8125,0.025,-311.8937339726722
0.8125,0.037500000000000006,-311.58910915098687
0.8125,0.05,-311.29468053795205
0.8125,0.0625,-311.0105275637568
0.8125,0.07500000000000001,-310.7367290886183
0.8125,0.08750000000000001,-310.47336336974126
0.8125,0.1,-310.2205080268091
0.8125,0.1125,-309.97824000600605
0.8125,0.125,-309.7466355425651
0.8125,0.1375,-309.5257701218429
0.8125,0.15000000000000002,-309.3157184389255
0.8125,0.1625,-309.11655435677625
0.8125,0.17500000000000002,-308.92835086293553
0.8125,0.1875,-308.7511800247872
0.8125,0.2,-308.58511294341736
0.8125,0.21250000000000002,-308.4302197060847
0.8125,0.225,-308.28656933733095
0.8125,0.23750000000000002,-308.15422974877026
0.8125,0.25,-308.03326768758876
0.8125,0.2625,-307.92374868379613
0.8125,0.275,-307.8257369962814
0.8125,0.28750000000000003,-307.7392955577159
0.8125,0.30000000000000004,-307.6644859183632
0.8125,0.3125,-307.6013681888544
0.8125,0.325,-307.5500009819933
0.8125,0.3375,-307.5104413536565
0.8125,0.35000000000000003,-307.48274474286757
0.8125,0.36250000000000004,-307.46696491111504
0.8125,0.375,-307.46315388100265
0.8125,0.3875,-307.4713618743106
0.8125,0.4,-307.49163724956344
0.8125,0.41250000000000003,-307.52402643919197
0.8125,0.42500000000000004,-307.56857388639315
0.8125,0.4375,-307.6253219817811
0.8125,0.45,-307.6943109999421
0.8125,0.4625,-307.77557903599126
0.8125,0.47500000000000003,-307.8691619422515
0.8125,0.48750000000000004,-307.97509326516
0.8125,0.5,-308.0934041825225
0.8125,0.5125,-308.2241234412338
0.8125,0.525,-308.36727729558277
0.8125,0.5375,-308.52288944626423
0.8125,0.5499999999999999,-308.6909809802243
0.8125,0.5625,-308.87157031146165
0.8125,0.575,-309.06467312291045
0.8125,0.5875,-309.2703023095319
0.8125,0.6,-309.4884679227438
0.8125,0.6124999999999999,-309.7191771163087
0.8125,0.625,-309.9624340938131
0.8125,0.6375,-310.2182400578589
0.8125,0.65,-310.4865931610938
0.8125,0.6625,-310.7674884592007
0.8125,0.6749999999999999,-311.06091786596994
0.8125,0.6875,-311.3668701105714
0.8125,0.7,-311.68533069714124
0.8125,0.7125,-312.0162818667992
0.8125,0.725,-312.35970256220224
0.8125,0.7374999999999999,-312.71556839474545
0.8125,0.75,-313.08385161450616
0.8125,0.7625,-313.46452108303345
0.8125,0.775,-313.85754224907515
0.8125,0.7875,-314.2628771273261
0.8125,0.8,-314.68048428028686
0.8125,0.8125,-315.11031880330245
0.8125,0.825,-315.5523323128586
0.8125,0.8375,-316.00647293819407
0.8125,0.85,-316.4726853162925
0.8125,0.8625,-316.9509105903021
0.8125,0.875,-317.44108641143004
0.8125,0.8875,-317.94314694434655
0.8125,0.9,-318.45702287613176
0.8125,0.9125,-318.98264142879077
0.8125,0.925,-319.51992637534374
0.8125,0.9375,-320.06879805951
0.8125,0.95,-320.6291734189812
0.8125,0.9625,-321.20096601227544
0.8125,0.975,-321.784086049161
0.8125,0.9875,-322.37844042462626
0.8125,1.0,-322.9839327563646
0.825,0.0,-312.73859160200664
0.825,0.0125,-312.41381477699065
0.825,0.025,-312.09907371523013
0.825,0.037500000000000006,-311.79444889354505
0.825,0.05,-311.50002028051017
0.825,0.0625,-311.21586730631446
0.825,0.07500000000000001,-310.94206883117624
0.825,0.08750000000000001,-310.678703112299
0.825,0.1,-310.4258477693668
0.825,0.1125,-310.183579748564
0.825,0.125,-309.951975285123
0.825,0.1375,-309.7311098644007
0.825,0.15000000000000002,-309.52105818148345
0.825,0.1625,-309.32189409933414
0.825,0.17500000000000002,-309.13369060549337
0.825,0.1875,-308.956519767345
0.825,0.2,-308.7904526859756
0.825,0.21250000000000002,-308.63555944864237
0.825,0.225,-308.49190907988896
0.825,0.23750000000000002,-308.3595694913283
0.825,0.25,-308.23860743014666
0.825,0.2625,-308.1290884263541
0.825,0.275,-308.03107673883943
0.825,0.28750000000000003,-307.94463530027366
0.825,0.30000000000000004,-307.86982566092115
0.825,0.3125,-307.8067079314124
0.825,0.325,-307.75534072455105
0.825,0.3375,-307.7157810962144
0.825,0.35000000000000003,-307.6880844854253
0.825,0.36250000000000004,-307.672304653673
0.825,0.375,-307.6684936235605
0.825,0.3875,-307.67670161686857
0.825,0.4,-307.69697699212134
0.825,0.41250000000000003,-307.72936618174987
0.825,0.42500000000000004,-307.7739136289509
0.825,0.4375,-307.8306617243391
0.825,0.45,-307.8996507425001
0.825,0.4625,-307.98091877854915
0.825,0.47500000000000003,-308.07450168480943
0.825,0.48750000000000004,-308.18043300771785
0.825,0.5,-308.29874392508026
0.825,0.5125,-308.4294631837919
0.825,0.525,-308.5726170381406
0.825,0.5375,-308.7282291888221
0.825,0.5499999999999999,-308.8963207227824
0.825,0.5625,-309.07691005401966
0.825,0.575,-309.2700128654681
0.825,0.5875,-309.47564205208994
0.825,0.6,-309.69380766530173
0.825,0.6124999999999999,-309.9245168588665
0.825,0.625,-310.16777383637094
0.825,0.6375,-310.4235798004169
0.825,0.65,-310.6919329036518
0.825,0.6625,-310.97282820175866
0.825,0.6749999999999999,-311.26625760852795
0.825,0.6875,-311.5722098531294
0.825,0.7,-311.89067043969914
0.825,0.7125,-312.221621609357
0.825,0.725,-312.56504230476025
0.825,0.7374999999999999,-312.9209081373035
0.825,0.75,-313.28919135706406
0.825,0.7625,-313.66986082559146
0.825,0.775,-314.0628819916331
0.825,0.7875,-314.46821686988415
0.825,0.8,-314.8858240228446
0.825,0.8125,-315.31565854586023
0.825,0.825,-315.75767205541655
0.825,0.8375,-316.2118126807519
0.825,0.85,-316.67802505885027
0.825,0.8625,-317.15625033286005
0.825,0.875,-317.64642615398793
0.825,0.8875,-318.1484866869042
0.825,0.9,-318.6623626186898
0.825,0.9125,-319.1879811713487
0.825,0.925,-319.72526611790147
0.825,0.9375,-320.27413780206786
0.825,0.95,-320.8345131615391
0.825,0.9625,-321.40630575483306
0.825,0.975,-321.98942579171893
0.825,0.9875,-322.58378016718433
0.825,1.0,-323.1892724989225
0.8375,0.0,-312.9676289798008
0.8375,0.0125,-312.64285215478515
0.8375,0.025,-312.32811109302475
0.8375,0.037500000000000006,-312.02348627133944
0.8375,0.05,-311.7290576583045
0.8375,0.0625,-311.44490468410896
0.8375,0.07500000000000001,-311.17110620897046
0.8375,0.08750000000000001,-310.9077404900936
0.8375,0.1,-310.6548851471614
0.8375,0.1125,-310.4126171263582
0.8375,0.125,-310.18101266291745
0.8375,0.1375,-309.9601472421952
0.8375,0.15000000000000002,-309.75009555927767
0.8375,0.1625,-309.5509314771286
0.8375,0.17500000000000002,-309.3627279832877
0.8375,0.1875,-309.18555714513946
0.8375,0.2,-309.01949006376975
0.8375,0.21250000000000002,-308.86459682643704
0.8375,0.225,-308.7209464576832
0.8375,0.23750000000000002,-308.5886068691227
0.8375,0.25,-308.467644807941
0.8375,0.2625,-308.35812580414836
0.8375,0.275,-308.2601141166338
0.8375,0.28750000000000003,-308.1736726780681
0.8375,0.30000000000000004,-308.09886303871514
0.8375,0.3125,-308.0357453092069
0.8375,0.325,-307.9843781023456
0.8375,0.3375,-307.94481847400885
0.8375,0.35000000000000003,-307.91712186321985
0.8375,0.36250000000000004,-307.9013420314672
0.8375,0.375,-307.89753100135493
0.8375,0.3875,-307.9057389946629
0.8375,0.4,-307.9260143699158
0.8375,0.41250000000000003,-307.95840355954437
0.8375,0.42500000000000004,-308.0029510067453
0.8375,0.4375,-308.0596991021337
0.8375,0.45,-308.12868812029427
0.8375,0.4625,-308.20995615634365
0.8375,0.47500000000000003,-308.303539062604
0.8375,0.48750000000000004,-308.40947038551207
0.8375,0.5,-308.52778130287487
0.8375,0.5125,-308.65850056158604
0.8375,0.525,-308.801654415935
0.8375,0.5375,-308.9572665666165
0.8375,0.5499999999999999,-309.12535810057676
0.8375,0.5625,-309.30594743181416
0.8375,0.575,-309.4990502432627
0.8375,0.5875,-309.70467942988404
0.8375,0.6,-309.9228450430961
0.8375,0.6124999999999999,-310.1535542366608
0.8375,0.625,-310.3968112141654
0.8375,0.6375,-310.6526171782113
0.8375,0.65,-310.9209702814462
0.8375,0.6625,-311.2018655795531
0.8375,0.6749999999999999,-311.4952949863222
0.8375,0.6875,-311.80124723092376
0.8375,0.7,-312.11970781749363
0.8375,0.7125,-312.4506589871515
0.8375,0.725,-312.79407968255447
0.8375,0.7374999999999999,-313.14994551509784
0.8375,0.75,-313.5182287348585
0.8375,0.7625,-313.89889820338567
0.8375,0.775,-314.2919193694274
0.8375,0.7875,-314.69725424767853
0.8375,0.8,-315.11486140063914
0.8375,0.8125,-315.5446959236548
0.8375,0.825,-315.9867094332109
0.8375,0.8375,-316.44085005854623
0.8375,0.85,-316.90706243664476
0.8375,0.8625,-317.3852877106543
0.8375,0.875,-317.8754635317824
0.8375,0.8875,-318.3775240646985
0.8375,0.9,-318.89139999648404
0.8375,0.9125,-319.41701854914317
0.8375,0.925,-319.9543034956959
0.8375,0.9375,-320.5031751798623
0.8375,0.95,-321.0635505393336
0.8375,0.9625,-321.6353431326277
0.8375,0.975,-322.2184631695133
0.8375,0.9875,-322.8128175449786
0.8375,1.0,-323.4183098767167
0.85,0.0,-313.22036042072745
0.85,0.0125,-312.8955835957117
0.85,0.025,-312.58084253395117
0.85,0.037500000000000006,-312.2762177122658
0.85,0.05,-311.9817890992309
0.85,0.0625,-311.69763612503544
0.85,0.07500000000000001,-311.42383764989717
0.85,0.08750000000000001,-311.16047193102014
0.85,0.1,-310.9076165880878
0.85,0.1125,-310.66534856728464
0.85,0.125,-310.4337441038438
0.85,0.1375,-310.2128786831217
0.85,0.15000000000000002,-310.0028270002041
0.85,0.1625,-309.8036629180551
0.85,0.17500000000000002,-309.61545942421424
0.85,0.1875,-309.438288586066
0.85,0.2,-309.27222150469623
0.85,0.21250000000000002,-309.11732826736346
0.85,0.225,-308.9736778986097
0.85,0.23750000000000002,-308.84133831004914
0.85,0.25,-308.72037624886747
0.85,0.2625,-308.6108572450749
0.85,0.275,-308.5128455575603
0.85,0.28750000000000003,-308.4264041189947
0.85,0.30000000000000004,-308.3515944796419
0.85,0.3125,-308.2884767501334
0.85,0.325,-308.2371095432721
0.85,0.3375,-308.19754991493534
0.85,0.35000000000000003,-308.1698533041464
0.85,0.36250000000000004,-308.15407347239375
0.85,0.375,-308.1502624422814
0.85,0.3875,-308.1584704355896
0.85,0.4,-308.1787458108423
0.85,0.41250000000000003,-308.21113500047096
0.85,0.42500000000000004,-308.25568244767186
0.85,0.4375,-308.3124305430599
0.85,0.45,-308.3814195612208
0.85,0.4625,-308.4626875972702
0.85,0.47500000000000003,-308.5562705035304
0.85,0.48750000000000004,-308.6622018264387
0.85,0.5,-308.7805127438013
0.85,0.5125,-308.9112320025128
0.85,0.525,-309.05438585686164
0.85,0.5375,-309.2099980075429
0.85,0.5499999999999999,-309.37808954150313
0.85,0.5625,-309.5586788727406
0.85,0.575,-309.75178168418927
0.85,0.5875,-309.9574108708108
0.85,0.6,-310.1755764840224
0.85,0.6124999999999999,-310.40628567758756
0.85,0.625,-310.6495426550919
0.85,0.6375,-310.9053486191378
0.85,0.65,-311.17370172237264
0.85,0.6625,-311.45459702047947
0.85,0.6749999999999999,-311.7480264272489
0.85,0.6875,-312.05397867185025
0.85,0.7,-312.3724392584203
0.85,0.7125,-312.7033904280782
0.85,0.725,-313.0468111234813
0.85,0.7374999999999999,-313.4026769560244
0.85,0.75,-313.7709601757851
0.85,0.7625,-314.1516296443123
0.85,0.775,-314.54465081035386
0.85,0.7875,-314.94998568860467
0.85,0.8,-315.3675928415656
0.85,0.8125,-315.7974273645812
0.85,0.825,-316.2394408741375
0.85,0.8375,-316.69358149947277
0.85,0.85,-317.15979387757125
0.85,0.8625,-317.63801915158103
0.85,0.875,-318.12819497270897
0.85,0.8875,-318.630255505625
0.85,0.9,-319.1441314374107
0.85,0.9125,-319.66974999006965
0.85,0.925,-320.2070349366225
0.85,0.9375,-320.75590662078883
0.85,0.95,-321.31628198025993
0.85,0.9625,-321.88807457355415
0.85,0.975,-322.4711946104399
0.85,0.9875,-323.06554898590514
0.85,1.0,-323.6710413176433
0.8625,0.0,-313.49677360489056
0.8625,0.0125,-313.17199677987475
0.8625,0.025,-312.8572557181143
0.8625,0.037500000000000006,-312.5526308964292
0.8625,0.05,-312.2582022833942
0.8625,0.0625,-311.97404930919873
0.8625,0.07500000000000001,-311.70025083406034
0.8625,0.08750000000000001,-311.43688511518314
0.8625,0.1,-311.18402977225094
0.8625,0.1125,-310.9417617514481
0.8625,0.125,-310.71015728800705
0.8625,0.1375,-310.48929186728515
0.8625,0.15000000000000002,-310.27924018436755
0.8625,0.1625,-310.08007610221847
0.8625,0.17500000000000002,-309.89187260837735
0.8625,0.1875,-309.7147017702293
0.8625,0.2,-309.54863468885975
0.8625,0.21250000000000002,-309.39374145152664
0.8625,0.225,-309.2500910827728
0.8625,0.23750000000000002,-309.1177514942123
0.8625,0.25,-308.9967894330307
0.8625,0.2625,-308.88727042923813
0.8625,0.275,-308.78925874172353
0.8625,0.28750000000000003,-308.7028173031579
0.8625,0.30000000000000004,-308.6280076638051
0.8625,0.3125,-308.56488993429656
0.8625,0.325,-308.5135227274352
0.8625,0.3375,-308.4739630990986
0.8625,0.35000000000000003,-308.44626648830945
0.8625,0.36250000000000004,-308.4304866565571
0.8625,0.375,-308.42667562644465
0.8625,0.3875,-308.4348836197528
0.8625,0.4,-308.4551589950055
0.8625,0.41250000000000003,-308.4875481846341
0.8625,0.42500000000000004,-308.53209563183503
0.8625,0.4375,-308.5888437272232
0.8625,0.45,-308.6578327453841
0.8625,0.4625,-308.7391007814334
0.8625,0.47500000000000003,-308.8326836876936
0.8625,0.48750000000000004,-308.9386150106018
0.8625,0.5,-309.05692592796424
0.8625,0.5125,-309.187645186676
0.8625,0.525,-309.33079904102493
0.8625,0.5375,-309.48641119170657
0.8625,0.5499999999999999,-309.6545027256665
0.8625,0.5625,-309.83509205690376
0.8625,0.575,-310.02819486835216
0.8625,0.5875,-310.233824054974
0.8625,0.6,-310.4519896681857
0.8625,0.6124999999999999,-310.6826988617506
0.8625,0.625,-310.925955839255
0.8625,0.6375,-311.1817618033011
0.8625,0.65,-311.45011490653604
0.8625,0.6625,-311.73101020464276
0.8625,0.6749999999999999,-312.02443961141194
0.8625,0.6875,-312.3303918560134
0.8625,0.7,-312.6488524425833
0.8625,0.7125,-312.9798036122411
0.8625,0.725,-313.32322430764447
0.8625,0.7374999999999999,-313.67909014018744
0.8625,0.75,-314.0473733599481
0.8625,0.7625,-314.42804282847555
0.8625,0.775,-314.82106399451703
0.8625,0.7875,-315.22639887276813
0.8625,0.8,-315.6440060257286
0.8625,0.8125,-316.07384054874444
0.8625,0.825,-316.51585405830065
0.8625,0.8375,-316.96999468363595
0.8625,0.85,-317.43620706173436
0.8625,0.8625,-317.9144323357443
0.8625,0.875,-318.40460815687214
0.8625,0.8875,-318.9066686897884
0.8625,0.9,-319.42054462157387
0.8625,0.9125,-319.9461631742328
0.8625,0.925,-320.4834481207857
0.8625,0.9375,-321.0323198049521
0.8625,0.95,-321.5926951644232
0.8625,0.9625,-322.1644877577172
0.8625,0.975,-322.7476077946028
0.8625,0.9875,-323.34196217006854
0.8625,1.0,-323.94745450180676
0.875,0.0,-313.79684743802727
0.875,0.0125,-313.4720706130115
0.875,0.025,-313.15732955125117
0.875,0.037500000000000006,-312.852704729566
0.875,0.05,-312.55827611653075
0.875,0.0625,-312.27412314233544
0.875,0.07500000000000001,-312.0003246671971
0.875,0.08750000000000001,-311.7369589483199
0.875,0.1,-311.4841036053877
0.875,0.1125,-311.24183558458475
0.875,0.125,-311.01023112114405
0.875,0.1375,-310.78936570042157
0.875,0.15000000000000002,-310.5793140175042
0.875,0.1625,-310.38014993535523
0.875,0.17500000000000002,-310.19194644151423
0.875,0.1875,-310.0147756033659
0.875,0.2,-309.84870852199634
0.875,0.21250000000000002,-309.69381528466346
0.875,0.225,-309.5501649159095
0.875,0.23750000000000002,-309.41782532734914
0.875,0.25,-309.29686326616746
0.875,0.2625,-309.187344262375
0.875,0.275,-309.08933257486024
0.875,0.28750000000000003,-309.0028911362948
0.875,0.30000000000000004,-308.92808149694184
0.875,0.3125,-308.8649637674333
0.875,0.325,-308.8135965605721
0.875,0.3375,-308.77403693223545
0.875,0.35000000000000003,-308.74634032144616
0.875,0.36250000000000004,-308.7305604896937
0.875,0.375,-308.7267494595814
0.875,0.3875,-308.7349574528895
0.875,0.4,-308.75523282814225
0.875,0.41250000000000003,-308.78762201777073
0.875,0.42500000000000004,-308.8321694649717
0.875,0.4375,-308.88891756035997
0.875,0.45,-308.9579065785209
0.875,0.4625,-309.0391746145703
0.875,0.47500000000000003,-309.13275752083024
0.875,0.48750000000000004,-309.2386888437387
0.875,0.5,-309.35699976110106
0.875,0.5125,-309.4877190198126
0.875,0.525,-309.63087287416164
0.875,0.5375,-309.78648502484305
0.875,0.5499999999999999,-309.954576558803
0.875,0.5625,-310.13516589004047
0.875,0.575,-310.3282687014892
0.875,0.5875,-310.5338978881107
0.875,0.6,-310.7520635013225
0.875,0.6124999999999999,-310.9827726948874
0.875,0.625,-311.22602967239186
0.875,0.6375,-311.48183563643784
0.875,0.65,-311.75018873967264
0.875,0.6625,-312.03108403777946
0.875,0.6749999999999999,-312.324513444549
0.875,0.6875,-312.6304656891503
0.875,0.7,-312.9489262757202
0.875,0.7125,-313.279877445378
0.875,0.725,-313.6232981407811
0.875,0.7374999999999999,-313.9791639733244
0.875,0.75,-314.34744719308486
0.875,0.7625,-314.72811666161226
0.875,0.775,-315.121137827654
0.875,0.7875,-315.52647270590495
0.875,0.8,-315.94407985886545
0.875,0.8125,-316.3739143818812
0.875,0.825,-316.81592789143747
0.875,0.8375,-317.2700685167727
0.875,0.85,-317.7362808948712
0.875,0.8625,-318.2145061688809
0.875,0.875,-318.7046819900089
0.875,0.8875,-319.20674252292497
0.875,0.9,-319.7206184547107
0.875,0.9125,-320.24623700736953
0.875,0.925,-320.7835219539223
0.875,0.9375,-321.33239363808883
0.875,0.95,-321.89276899756
0.875,0.9625,-322.46456159085415
0.875,0.975,-323.0476816277396
0.875,0.9875,-323.6420360032053
0.875,1.0,-324.24752833494335
0.8875,0.0,-314.1205520339781
0.8875,0.0125,-313.79577520896197
0.8875,0.025,-313.48103414720174
0.8875,0.037500000000000006,-313.1764093255163
0.8875,0.05,-312.8819807124815
0.8875,0.0625,-312.5978277382862
0.8875,0.07500000000000001,-312.3240292631476
0.8875,0.08750000000000001,-312.06066354427037
0.8875,0.1,-311.8078082013383
0.8875,0.1125,-311.56554018053544
0.8875,0.125,-311.3339357170946
0.8875,0.1375,-311.1130702963723
0.8875,0.15000000000000002,-310.9030186134548
0.8875,0.1625,-310.7038545313057
0.8875,0.17500000000000002,-310.51565103746475
0.8875,0.1875,-310.33848019931656
0.8875,0.2,-310.17241311794703
0.8875,0.21250000000000002,-310.0175198806139
0.8875,0.225,-309.8738695118603
0.8875,0.23750000000000002,-309.74152992329977
0.8875,0.25,-309.62056786211804
0.8875,0.2625,-309.51104885832547
0.8875,0.275,-309.4130371708108
0.8875,0.28750000000000003,-309.3265957322452
0.8875,0.30000000000000004,-309.2517860928924
0.8875,0.3125,-309.1886683633838
0.8875,0.325,-309.1373011565227
0.8875,0.3375,-309.0977415281858
0.8875,0.35000000000000003,-309.07004491739673
0.8875,0.36250000000000004,-309.0542650856444
0.8875,0.375,-309.05045405553204
0.8875,0.3875,-309.05866204884023
0.8875,0.4,-309.07893742409277
0.8875,0.41250000000000003,-309.1113266137214
0.8875,0.42500000000000004,-309.1558740609224
0.8875,0.4375,-309.21262215631054
0.8875,0.45,-309.2816111744714
0.8875,0.4625,-309.36287921052076
0.8875,0.47500000000000003,-309.4564621167809
0.8875,0.48750000000000004,-309.56239343968906
0.8875,0.5,-309.68070435705175
0.8875,0.5125,-309.81142361576315
0.8875,0.525,-309.95457747011193
0.8875,0.5375,-310.1101896207935
0.8875,0.5499999999999999,-310.2782811547536
0.8875,0.5625,-310.4588704859911
0.8875,0.575,-310.6519732974397
0.8875,0.5875,-310.8576024840613
0.8875,0.6,-311.0757680972728
0.8875,0.6124999999999999,-311.30647729083796
0.8875,0.625,-311.5497342683425
0.8875,0.6375,-311.80554023238824
0.8875,0.65,-312.07389333562327
0.8875,0.6625,-312.35478863373
0.8875,0.6749999999999999,-312.6482180404994
0.8875,0.6875,-312.9541702851008
0.8875,0.7,-313.27263087167063
0.8875,0.7125,-313.60358204132854
0.8875,0.725,-313.94700273673163
0.8875,0.7374999999999999,-314.3028685692748
0.8875,0.75,-314.67115178903555
0.8875,0.7625,-315.0518212575629
0.8875,0.775,-315.4448424236045
0.8875,0.7875,-315.85017730185547
0.8875,0.8,-316.267784454816
0.8875,0.8125,-316.6976189778319
0.8875,0.825,-317.13963248738787
0.8875,0.8375,-317.5937731127234
0.8875,0.85,-318.0599854908217
0.8875,0.8625,-318.5382107648314
0.8875,0.875,-319.02838658595954
0.8875,0.8875,-319.5304471188757
0.8875,0.9,-320.0443230506611
0.8875,0.9125,-320.5699416033201
0.8875,0.925,-321.1072265498731
0.8875,0.9375,-321.6560982340393
0.8875,0.95,-322.21647359351056
0.8875,0.9625,-322.78826618680466
0.8875,0.975,-323.3713862236903
0.8875,0.9875,-323.9657405991559
0.8875,1.0,-324.571232930894
0.9,0.0,-314.467848706264
0.9,0.0125,-314.14307188124815
0.9,0.025,-313.8283308194878
0.9,0.037500000000000006,-313.5237059978026
0.9,0.05,-313.2292773847678
0.9,0.0625,-312.9451244105722
0.9,0.07500000000000001,-312.6713259354337
0.9,0.08750000000000001,-312.4079602165566
0.9,0.1,-312.1551048736244
0.9,0.1125,-311.91283685282156
0.9,0.125,-311.68123238938074
0.9,0.1375,-311.46036696865855
0.9,0.15000000000000002,-311.25031528574095
0.9,0.1625,-311.05115120359187
0.9,0.17500000000000002,-310.862947709751
0.9,0.1875,-310.6857768716025
0.9,0.2,-310.51970979023304
0.9,0.21250000000000002,-310.3648165529001
0.9,0.225,-310.22116618414634
0.9,0.23750000000000002,-310.08882659558583
0.9,0.25,-309.9678645344043
0.9,0.2625,-309.8583455306116
0.9,0.275,-309.7603338430968
0.9,0.28750000000000003,-309.67389240453133
0.9,0.30000000000000004,-309.5990827651784
0.9,0.3125,-309.5359650356699
0.9,0.325,-309.4845978288088
0.9,0.3375,-309.4450382004721
0.9,0.35000000000000003,-309.4173415896828
0.9,0.36250000000000004,-309.4015617579305
0.9,0.375,-309.3977507278181
0.9,0.3875,-309.40595872112624
0.9,0.4,-309.42623409637895
0.9,0.41250000000000003,-309.4586232860074
0.9,0.42500000000000004,-309.50317073320844
0.9,0.4375,-309.55991882859666
0.9,0.45,-309.6289078467577
0.9,0.4625,-309.71017588280665
0.9,0.47500000000000003,-309.80375878906705
0.9,0.48750000000000004,-309.90969011197535
0.9,0.5,-310.0280010293379
0.9,0.5125,-310.15872028804944
0.9,0.525,-310.3018741423983
0.9,0.5375,-310.4574862930797
0.9,0.5499999999999999,-310.6255778270398
0.9,0.5625,-310.8061671582774
0.9,0.575,-310.99926996972584
0.9,0.5875,-311.20489915634715
0.9,0.6,-311.42306476955906
0.9,0.6124999999999999,-311.6537739631241
0.9,0.625,-311.8970309406285
0.9,0.6375,-312.1528369046745
0.9,0.65,-312.42119000790944
0.9,0.6625,-312.70208530601616
0.9,0.6749999999999999,-312.99551471278545
0.9,0.6875,-313.3014669573869
0.9,0.7,-313.61992754395675
0.9,0.7125,-313.9508787136148
0.9,0.725,-314.2942994090177
0.9,0.7374999999999999,-314.6501652415611
0.9,0.75,-315.0184484613215
0.9,0.7625,-315.39911792984896
0.9,0.775,-315.7921390958906
0.9,0.7875,-316.19747397414164
0.9,0.8,-316.61508112710226
0.9,0.8125,-317.04491565011796
0.9,0.825,-317.48692915967393
0.9,0.8375,-317.94106978500935
0.9,0.85,-318.4072821631078
0.9,0.8625,-318.8855074371177
0.9,0.875,-319.3756832582456
0.9,0.8875,-319.8777437911618
0.9,0.9,-320.39161972294727
0.9,0.9125,-320.9172382756061
0.9,0.925,-321.4545232221591
0.9,0.9375,-322.0033949063254
0.9,0.95,-322.56377026579656
0.9,0.9625,-323.13556285909067
0.9,0.975,-323.71868289597654
0.9,0.9875,-324.31303727144194
0.9,1.0,-324.91852960318
0.9125,0.0,-314.8386899688185
0.9125,0.0125,-314.5139131438026
0.9125,0.025,-314.199172082042
0.9125,0.037500000000000006,-313.894547260357
0.9125,0.05,-313.600118647322
0.9125,0.0625,-313.3159656731265
0.9125,0.07500000000000001,-313.0421671979881
0.9125,0.08750000000000001,-312.77880147911105
0.9125,0.1,-312.525946136179
0.9125,0.1125,-312.2836781153758
0.9125,0.125,-312.05207365193496
0.9125,0.1375,-311.8312082312126
0.9125,0.15000000000000002,-311.6211565482953
0.9125,0.1625,-311.421992466146
0.9125,0.17500000000000002,-311.2337889723051
0.9125,0.1875,-311.056618134157
0.9125,0.2,-310.8905510527874
0.9125,0.21250000000000002,-310.7356578154543
0.9125,0.225,-310.5920074467005
0.9125,0.23750000000000002,-310.45966785814016
0.9125,0.25,-310.33870579695855
0.9125,0.2625,-310.22918679316604
0.9125,0.275,-310.1311751056512
0.9125,0.28750000000000003,-310.0447336670858
0.9125,0.30000000000000004,-309.96992402773276
0.9125,0.3125,-309.90680629822435
0.9125,0.325,-309.85543909136305
0.9125,0.3375,-309.8158794630263
0.9125,0.35000000000000003,-309.78818285223736
0.9125,0.36250000000000004,-309.7724030204849
0.9125,0.375,-309.7685919903725
0.9125,0.3875,-309.77679998368035
0.9125,0.4,-309.79707535893317
0.9125,0.41250000000000003,-309.8294645485617
0.9125,0.42500000000000004,-309.8740119957627
0.9125,0.4375,-309.93076009115106
0.9125,0.45,-309.99974910931195
0.9125,0.4625,-310.08101714536105
0.9125,0.47500000000000003,-310.1746000516212
0.9125,0.48750000000000004,-310.2805313745297
0.9125,0.5,-310.3988422918922
0.9125,0.5125,-310.52956155060366
0.9125,0.525,-310.6727154049525
0.9125,0.5375,-310.828327555634
0.9125,0.5499999999999999,-310.9964190895942
0.9125,0.5625,-311.1770084208317
0.9125,0.575,-311.3701112322801
0.9125,0.5875,-311.57574041890166
0.9125,0.6,-311.7939060321134
0.9125,0.6124999999999999,-312.0246152256782
0.9125,0.625,-312.26787220318283
0.9125,0.6375,-312.52367816722875
0.9125,0.65,-312.7920312704637
0.9125,0.6625,-313.07292656857044
0.9125,0.6749999999999999,-313.36635597533996
0.9125,0.6875,-313.6723082199411
0.9125,0.7,-313.9907688065111
0.9125,0.7125,-314.3217199761689
0.9125,0.725,-314.66514067157226
0.9125,0.7374999999999999,-315.02100650411546
0.9125,0.75,-315.3892897238758
0.9125,0.7625,-315.76995919240323
0.9125,0.775,-316.1629803584448
0.9125,0.7875,-316.56831523669587
0.9125,0.8,-316.9859223896566
0.9125,0.8125,-317.4157569126723
0.9125,0.825,-317.85777042222844
0.9125,0.8375,-318.31191104756385
0.9125,0.85,-318.7781234256622
0.9125,0.8625,-319.256348699672
0.9125,0.875,-319.7465245208001
0.9125,0.8875,-320.2485850537162
0.9125,0.9,-320.7624609855015
0.9125,0.9125,-321.2880795381607
0.9125,0.925,-321.8253644847134
0.9125,0.9375,-322.3742361688797
0.9125,0.95,-322.9346115283511
0.9125,0.9625,-323.50640412164506
0.9125,0.975,-324.08952415853076
0.9125,0.9875,-324.68387853399605
0.9125,1.0,-325.2893708657344
0.925,0.0,-315.2330195458885
0.925,0.0125,-314.9082427208728
0.925,0.025,-314.5935016591124
0.925,0.037500000000000006,-314.28887683742715
0.925,0.05,-313.9944482243921
0.925,0.0625,-313.7102952501967
0.925,0.07500000000000001,-313.43649677505806
0.925,0.08750000000000001,-313.1731310561814
0.925,0.1,-312.9202757132488
0.925,0.1125,-312.678007692446
0.925,0.125,-312.44640322900517
0.925,0.1375,-312.22553780828275
0.925,0.15000000000000002,-312.0154861253653
0.925,0.1625,-311.8163220432163
0.925,0.17500000000000002,-311.6281185493755
0.925,0.1875,-311.45094771122723
0.925,0.2,-311.2848806298574
0.925,0.21250000000000002,-311.1299873925247
0.925,0.225,-310.986337023771
0.925,0.23750000000000002,-310.85399743521043
0.925,0.25,-310.73303537402865
0.925,0.2625,-310.6235163702363
0.925,0.275,-310.52550468272136
0.925,0.28750000000000003,-310.4390632441559
0.925,0.30000000000000004,-310.3642536048031
0.925,0.3125,-310.30113587529445
0.925,0.325,-310.2497686684332
0.925,0.3375,-310.2102090400966
0.925,0.35000000000000003,-310.18251242930756
0.925,0.36250000000000004,-310.16673259755504
0.925,0.375,-310.1629215674426
0.925,0.3875,-310.1711295607507
0.925,0.4,-310.19140493600344
0.925,0.41250000000000003,-310.2237941256322
0.925,0.42500000000000004,-310.268341572833
0.925,0.4375,-310.32508966822115
0.925,0.45,-310.3940786863821
0.925,0.4625,-310.4753467224314
0.925,0.47500000000000003,-310.56892962869154
0.925,0.48750000000000004,-310.6748609515998
0.925,0.5,-310.7931718689624
0.925,0.5125,-310.92389112767404
0.925,0.525,-311.0670449820229
0.925,0.5375,-311.22265713270417
0.925,0.5499999999999999,-311.39074866666436
0.925,0.5625,-311.57133799790176
0.925,0.575,-311.7644408093502
0.925,0.5875,-311.97006999597187
0.925,0.6,-312.1882356091837
0.925,0.6124999999999999,-312.41894480274874
0.925,0.625,-312.6622017802533
0.925,0.6375,-312.9180077442989
0.925,0.65,-313.1863608475338
0.925,0.6625,-313.4672561456408
0.925,0.6749999999999999,-313.76068555241005
0.925,0.6875,-314.0666377970113
0.925,0.7,-314.3850983835813
0.925,0.7125,-314.71604955323915
0.925,0.725,-315.0594702486421
0.925,0.7374999999999999,-315.4153360811856
0.925,0.75,-315.78361930094616
0.925,0.7625,-316.1642887694734
0.925,0.775,-316.55730993551515
0.925,0.7875,-316.96264481376636
0.925,0.8,-317.38025196672675
0.925,0.8125,-317.81008648974245
0.925,0.825,-318.2520999992986
0.925,0.8375,-318.70624062463395
0.925,0.85,-319.1724530027325
0.925,0.8625,-319.65067827674204
0.925,0.875,-320.14085409787015
0.925,0.8875,-320.6429146307864
0.925,0.9,-321.15679056257204
0.925,0.9125,-321.6824091152307
0.925,0.925,-322.2196940617837
0.925,0.9375,-322.76856574594996
0.925,0.95,-323.3289411054212
0.925,0.9625,-323.90073369871556
0.925,0.975,-324.48385373560086
0.925,0.9875,-325.07820811106643
0.925,1.0,-325.68370044280465
0.9375,0.0,-315.6507723911249
0.9375,0.0125,-315.32599556610927
0.9375,0.025,-315.0112545043488
0.9375,0.037500000000000006,-314.7066296826634
0.9375,0.05,-314.41220106962845
0.9375,0.0625,-314.12804809543303
0.9375,0.07500000000000001,-313.8542496202946
0.9375,0.08750000000000001,-313.5908839014177
0.9375,0.1,-313.3380285584853
0.9375,0.1125,-313.0957605376823
0.9375,0.125,-312.8641560742416
0.9375,0.1375,-312.64329065351916
0.9375,0.15000000000000002,-312.43323897060196
0.9375,0.1625,-312.23407488845277
0.9375,0.17500000000000002,-312.04587139461194
0.9375,0.1875,-311.8687005564636
0.9375,0.2,-311.70263347509405
0.9375,0.21250000000000002,-311.547740237761
0.9375,0.225,-311.4040898690073
0.9375,0.23750000000000002,-311.27175028044667
0.9375,0.25,-311.15078821926517
0.9375,0.2625,-311.0412692154725
0.9375,0.275,-310.9432575279577
0.9375,0.28750000000000003,-310.8568160893924
0.9375,0.30000000000000004,-310.7820064500394
0.9375,0.3125,-310.7188887205308
0.9375,0.325,-310.6675215136696
0.9375,0.3375,-310.62796188533304
0.9375,0.35000000000000003,-310.60026527454374
0.9375,0.36250000000000004,-310.58448544279156
0.9375,0.375,-310.580674412679
0.9375,0.3875,-310.58888240598725
0.9375,0.4,-310.60915778123973
0.9375,0.41250000000000003,-310.64154697086843
0.9375,0.42500000000000004,-310.6860944180694
0.9375,0.4375,-310.74284251345756
0.9375,0.45,-310.8118315316184
0.9375,0.4625,-310.8930995676676
0.9375,0.47500000000000003,-310.9866824739279
0.9375,0.48750000000000004,-311.0926137968363
0.9375,0.5,-311.21092471419877
0.9375,0.5125,-311.34164397291033
0.9375,0.525,-311.4847978272593
0.9375,0.5375,-311.64040997794064
0.9375,0.5499999999999999,-311.8085015119007
0.9375,0.5625,-311.9890908431382
0.9375,0.575,-312.18219365458674
0.9375,0.5875,-312.38782284120816
0.9375,0.6,-312.6059884544201
0.9375,0.6124999999999999,-312.83669764798503
0.9375,0.625,-313.0799546254895
0.9375,0.6375,-313.3357605895356
0.9375,0.65,-313.6041136927703
0.9375,0.6625,-313.885008990877
0.9375,0.6749999999999999,-314.1784383976461
0.9375,0.6875,-314.4843906422478
0.9375,0.7,-314.80285122881776
0.9375,0.7125,-315.1338023984755
0.9375,0.725,-315.4772230938789
0.9375,0.7374999999999999,-315.8330889264219
0.9375,0.75,-316.2013721461824
0.9375,0.7625,-316.58204161470996
0.9375,0.775,-316.9750627807516
0.9375,0.7875,-317.38039765900254
0.9375,0.8,-317.79800481196327
0.9375,0.8125,-318.2278393349789
0.9375,0.825,-318.66985284453483
0.9375,0.8375,-319.1239934698704
0.9375,0.85,-319.5902058479689
0.9375,0.8625,-320.0684311219786
0.9375,0.875,-320.55860694310655
0.9375,0.8875,-321.0606674760227
0.9375,0.9,-321.5745434078084
0.9375,0.9125,-322.1001619604672
0.9375,0.925,-322.63744690702
0.9375,0.9375,-323.1863185911865
0.9375,0.95,-323.74669395065763
0.9375,0.9625,-324.3184865439517
0.9375,0.975,-324.9016065808373
0.9375,0.9875,-325.49596095630284
0.9375,1.0,-326.101453288041
0.95,0.0,-316.09187471584033
0.95,0.0125,-315.76709789082435
0.95,0.025,-315.4523568290642
0.95,0.037500000000000006,-315.14773200737875
0.95,0.05,-314.8533033943438
0.95,0.0625,-314.5691504201486
0.95,0.07500000000000001,-314.29535194501
0.95,0.08750000000000001,-314.03198622613286
0.95,0.1,-313.77913088320065
0.95,0.1125,-313.5368628623978
0.95,0.125,-313.3052583989568
0.95,0.1375,-313.0843929782347
0.95,0.15000000000000002,-312.8743412953172
0.95,0.1625,-312.6751772131682
0.95,0.17500000000000002,-312.4869737193271
0.95,0.1875,-312.30980288117894
0.95,0.2,-312.14373579980924
0.95,0.21250000000000002,-311.9888425624763
0.95,0.225,-311.8451921937226
0.95,0.23750000000000002,-311.712852605162
0.95,0.25,-311.5918905439805
0.95,0.2625,-311.48237154018796
0.95,0.275,-311.38435985267313
0.95,0.28750000000000003,-311.2979184141074
0.95,0.30000000000000004,-311.2231087747549
0.95,0.3125,-311.1599910452461
0.95,0.325,-311.10862383838503
0.95,0.3375,-311.0690642100484
0.95,0.35000000000000003,-311.04136759925916
0.95,0.36250000000000004,-311.0255877675068
0.95,0.375,-311.02177673739436
0.95,0.3875,-311.02998473070255
0.95,0.4,-311.0502601059552
0.95,0.41250000000000003,-311.0826492955837
0.95,0.42500000000000004,-311.1271967427849
0.95,0.4375,-311.183944838173
0.95,0.45,-311.25293385633375
0.95,0.4625,-311.334201892383
0.95,0.47500000000000003,-311.42778479864324
0.95,0.48750000000000004,-311.5337161215515
0.95,0.5,-311.65202703891424
0.95,0.5125,-311.78274629762564
0.95,0.525,-311.9259001519744
0.95,0.5375,-312.08151230265617
0.95,0.5499999999999999,-312.24960383661613
0.95,0.5625,-312.4301931678534
0.95,0.575,-312.623295979302
0.95,0.5875,-312.8289251659237
0.95,0.6,-313.0470907791355
0.95,0.6124999999999999,-313.2777999727005
0.95,0.625,-313.5210569502047
0.95,0.6375,-313.7768629142507
0.95,0.65,-314.0452160174855
0.95,0.6625,-314.3261113155925
0.95,0.6749999999999999,-314.6195407223617
0.95,0.6875,-314.92549296696325
0.95,0.7,-315.2439535535332
0.95,0.7125,-315.5749047231909
0.95,0.725,-315.91832541859395
0.95,0.7374999999999999,-316.2741912511374
0.95,0.75,-316.64247447089787
0.95,0.7625,-317.02314393942515
0.95,0.775,-317.4161651054669
0.95,0.7875,-317.8214999837179
0.95,0.8,-318.2391071366785
0.95,0.8125,-318.66894165969416
0.95,0.825,-319.1109551692505
0.95,0.8375,-319.5650957945856
0.95,0.85,-320.03130817268413
0.95,0.8625,-320.5095334466939
0.95,0.875,-320.9997092678217
0.95,0.8875,-321.50176980073815
0.95,0.9,-322.0156457325236
0.95,0.9125,-322.54126428518236
0.95,0.925,-323.0785492317355
0.95,0.9375,-323.62742091590167
0.95,0.95,-324.1877962753729
0.95,0.9625,-324.7595888686669
0.95,0.975,-325.3427089055527
0.95,0.9875,-325.9370632810181
0.95,1.0,-326.5425556127562
0.9625,0.0,-316.55624402641325
0.9625,0.0125,-316.23146720139744
0.9625,0.025,-315.9167261396369
0.9625,0.037500000000000006,-315.6121013179517
0.9625,0.05,-315.3176727049168
0.9625,0.0625,-315.0335197307214
0.9625,0.07500000000000001,-314.7597212555829
0.9625,0.08750000000000001,-314.49635553670566
0.9625,0.1,-314.2435001937735
0.9625,0.1125,-314.0012321729707
0.9625,0.125,-313.7696277095297
0.9625,0.1375,-313.5487622888075
0.9625,0.15000000000000002,-313.3387106058901
0.9625,0.1625,-313.13954652374105
0.9625,0.17500000000000002,-312.95134302990004
0.9625,0.1875,-312.7741721917517
0.9625,0.2,-312.6081051103821
0.9625,0.21250000000000002,-312.45321187304927
0.9625,0.225,-312.30956150429563
0.9625,0.23750000000000002,-312.1772219157351
0.9625,0.25,-312.05625985455333
0.9625,0.2625,-311.94674085076076
0.9625,0.275,-311.84872916324605
0.9625,0.28750000000000003,-311.7622877246804
0.9625,0.30000000000000004,-311.68747808532765
0.9625,0.3125,-311.6243603558192
0.9625,0.325,-311.5729931489579
0.9625,0.3375,-311.53343352062114
0.9625,0.35000000000000003,-311.5057369098319
0.9625,0.36250000000000004,-311.4899570780796
0.9625,0.375,-311.48614604796717
0.9625,0.3875,-311.4943540412753
0.9625,0.4,-311.5146294165281
0.9625,0.41250000000000003,-311.5470186061567
0.9625,0.42500000000000004,-311.5915660533576
0.9625,0.4375,-311.6483141487457
0.9625,0.45,-311.71730316690673
0.9625,0.4625,-311.7985712029557
0.9625,0.47500000000000003,-311.8921541092161
0.9625,0.48750000000000004,-311.9980854321246
0.9625,0.5,-312.11639634948705
0.9625,0.5125,-312.24711560819827
0.9625,0.525,-312.3902694625474
0.9625,0.5375,-312.545881613229
0.9625,0.5499999999999999,-312.713973147189
0.9625,0.5625,-312.89456247842634
0.9625,0.575,-313.08766528987496
0.9625,0.5875,-313.2932944764966
0.9625,0.6,-313.51146008970835
0.9625,0.6124999999999999,-313.7421692832731
0.9625,0.625,-313.98542626077756
0.9625,0.6375,-314.24123222482353
0.9625,0.65,-314.50958532805845
0.9625,0.6625,-314.7904806261651
0.9625,0.6749999999999999,-315.0839100329346
0.9625,0.6875,-315.38986227753594
0.9625,0.7,-315.7083228641059
0.9625,0.7125,-316.0392740337638
0.9625,0.725,-316.38269472916693
0.9625,0.7374999999999999,-316.7385605617101
0.9625,0.75,-317.1068437814707
0.9625,0.7625,-317.4875132499982
0.9625,0.775,-317.88053441603967
0.9625,0.7875,-318.2858692942907
0.9625,0.8,-318.7034764472511
0.9625,0.8125,-319.13331097026696
0.9625,0.825,-319.5753244798229
0.9625,0.8375,-320.0294651051584
0.9625,0.85,-320.49567748325694
0.9625,0.8625,-320.97390275726667
0.9625,0.875,-321.4640785783947
0.9625,0.8875,-321.9661391113111
0.9625,0.9,-322.4800150430963
0.9625,0.9125,-323.0056335957554
0.9625,0.925,-323.5429185423081
0.9625,0.9375,-324.0917902264746
0.9625,0.95,-324.65216558594597
0.9625,0.9625,-325.22395817924007
0.9625,0.975,-325.8070782161255
0.9625,0.9875,-326.40143259159106
0.9625,1.0,-327.00692492332917
0.975,0.0,-317.04378917078856
0.975,0.0125,-316.71901234577297
0.975,0.025,-316.40427128401234
0.975,0.037500000000000006,-316.09964646232714
0.975,0.05,-315.8052178492921
0.975,0.0625,-315.5210648750966
0.975,0.07500000000000001,-315.2472663999581
0.975,0.08750000000000001,-314.98390068108114
0.975,0.1,-314.7310453381489
0.975,0.1125,-314.4887773173459
0.975,0.125,-314.25717285390516
0.975,0.1375,-314.03630743318274
0.975,0.15000000000000002,-313.8262557502654
0.975,0.1625,-313.62709166811607
0.975,0.17500000000000002,-313.43888817427523
0.975,0.1875,-313.26171733612694
0.975,0.2,-313.09565025475735
0.975,0.21250000000000002,-312.9407570174246
0.975,0.225,-312.7971066486706
0.975,0.23750000000000002,-312.66476706011036
0.975,0.25,-312.54380499892864
0.975,0.2625,-312.43428599513595
0.975,0.275,-312.33627430762135
0.975,0.28750000000000003,-312.2498328690558
0.975,0.30000000000000004,-312.1750232297029
0.975,0.3125,-312.11190550019444
0.975,0.325,-312.06053829333337
0.975,0.3375,-312.02097866499645
0.975,0.35000000000000003,-311.9932820542073
0.975,0.36250000000000004,-311.977502222455
0.975,0.375,-311.9736911923425
0.975,0.3875,-311.9818991856505
0.975,0.4,-312.0021745609034
0.975,0.41250000000000003,-312.03456375053185
0.975,0.42500000000000004,-312.0791111977329
0.975,0.4375,-312.13585929312126
0.975,0.45,-312.204848311282
0.975,0.4625,-312.28611634733113
0.975,0.47500000000000003,-312.3796992535914
0.975,0.48750000000000004,-312.4856305764997
0.975,0.5,-312.60394149386246
0.975,0.5125,-312.73466075257386
0.975,0.525,-312.8778146069229
0.975,0.5375,-313.03342675760416
0.975,0.5499999999999999,-313.2015182915642
0.975,0.5625,-313.38210762280164
0.975,0.575,-313.57521043425015
0.975,0.5875,-313.7808396208719
0.975,0.6,-313.99900523408377
0.975,0.6124999999999999,-314.22971442764845
0.975,0.625,-314.4729714051529
0.975,0.6375,-314.7287773691989
0.975,0.65,-314.9971304724337
0.975,0.6625,-315.2780257705406
0.975,0.6749999999999999,-315.57145517730993
0.975,0.6875,-315.8774074219113
0.975,0.7,-316.1958680084812
0.975,0.7125,-316.5268191781389
0.975,0.725,-316.87023987354235
0.975,0.7374999999999999,-317.22610570608543
0.975,0.75,-317.5943889258459
0.975,0.7625,-317.9750583943734
0.975,0.775,-318.3680795604149
0.975,0.7875,-318.77341443866595
0.975,0.8,-319.19102159162657
0.975,0.8125,-319.6208561146424
0.975,0.825,-320.0628696241986
0.975,0.8375,-320.51701024953394
0.975,0.85,-320.9832226276323
0.975,0.8625,-321.46144790164215
0.975,0.875,-321.95162372277
0.975,0.8875,-322.4536842556863
0.975,0.9,-322.9675601874716
0.975,0.9125,-323.4931787401307
0.975,0.925,-324.0304636866835
0.975,0.9375,-324.5793353708498
0.975,0.95,-325.13971073032104
0.975,0.9625,-325.7115033236154
0.975,0.975,-326.294623360501
0.975,0.9875,-326.8889777359662
0.975,1.0,-327.49447006770436
0.9875,0.0,-317.55441039401126
0.9875,0.0125,-317.22963356899555
0.9875,0.025,-316.914892507235
0.9875,0.037500000000000006,-316.6102676855497
0.9875,0.05,-316.3158390725148
0.9875,0.0625,-316.0316860983193
0.9875,0.07500000000000001,-315.757887623181
0.9875,0.08750000000000001,-315.49452190430384
0.9875,0.1,-315.2416665613716
0.9875,0.1125,-314.99939854056845
0.9875,0.125,-314.76779407712775
0.9875,0.1375,-314.5469286564054
0.9875,0.15000000000000002,-314.336876973488
0.9875,0.1625,-314.1377128913388
0.9875,0.17500000000000002,-313.949509397498
0.9875,0.1875,-313.77233855934975
0.9875,0.2,-313.6062714779801
0.9875,0.21250000000000002,-313.45137824064744
0.9875,0.225,-313.3077278718936
0.9875,0.23750000000000002,-313.175388283333
0.9875,0.25,-313.05442622215133
0.9875,0.2625,-312.9449072183588
0.9875,0.275,-312.84689553084405
0.9875,0.28750000000000003,-312.7604540922785
0.9875,0.30000000000000004,-312.6856444529256
0.9875,0.3125,-312.622526723417
0.9875,0.325,-312.57115951655584
0.9875,0.3375,-312.5315998882191
0.9875,0.35000000000000003,-312.50390327743014
0.9875,0.36250000000000004,-312.4881234456776
0.9875,0.375,-312.4843124155653
0.9875,0.3875,-312.49252040887336
0.9875,0.4,-312.51279578412607
0.9875,0.41250000000000003,-312.54518497375483
0.9875,0.42500000000000004,-312.5897324209556
0.9875,0.4375,-312.6464805163439
0.9875,0.45,-312.71546953450473
0.9875,0.4625,-312.7967375705539
0.9875,0.47500000000000003,-312.8903204768142
0.9875,0.48750000000000004,-312.99625179972253
0.9875,0.5,-313.11456271708505
0.9875,0.5125,-313.2452819757965
0.9875,0.525,-313.38843583014545
0.9875,0.5375,-313.54404798082686
0.9875,0.5499999999999999,-313.712139514787
0.9875,0.5625,-313.89272884602434
0.9875,0.575,-314.0858316574731
0.9875,0.5875,-314.2914608440943
0.9875,0.6,-314.5096264573063
0.9875,0.6124999999999999,-314.74033565087115
0.9875,0.625,-314.98359262837573
0.9875,0.6375,-315.23939859242176
0.9875,0.65,-315.50775169565645
0.9875,0.6625,-315.78864699376334
0.9875,0.6749999999999999,-316.08207640053286
0.9875,0.6875,-316.388028645134
0.9875,0.7,-316.70648923170387
0.9875,0.7125,-317.0374404013617
0.9875,0.725,-317.3808610967651
0.9875,0.7374999999999999,-317.73672692930813
0.9875,0.75,-318.1050101490687
0.9875,0.7625,-318.48567961759613
0.9875,0.775,-318.8787007836376
0.9875,0.7875,-319.28403566188854
0.9875,0.8,-319.70164281484944
0.9875,0.8125,-320.13147733786496
0.9875,0.825,-320.57349084742106
0.9875,0.8375,-321.0276314727566
0.9875,0.85,-321.49384385085506
0.9875,0.8625,-321.9720691248649
0.9875,0.875,-322.4622449459928
0.9875,0.8875,-322.9643054789089
0.9875,0.9,-323.47818141069445
0.9875,0.9125,-324.00379996335334
0.9875,0.925,-324.54108490990626
0.9875,0.9375,-325.08995659407265
0.9875,0.95,-325.6503319535437
0.9875,0.9625,-326.22212454683796
0.9875,0.975,-326.8052445837236
0.9875,0.9875,-327.39959895918895
0.9875,1.0,-328.00509129092717
1.0,0.0,-318.08799940271035
1.0,0.0125,-317.76322257769476
1.0,0.025,-317.4484815159342
1.0,0.037500000000000006,-317.1438566942489
1.0,0.05,-316.8494280812139
1.0,0.0625,-316.5652751070185
1.0,0.07500000000000001,-316.2914766318801
1.0,0.08750000000000001,-316.0281109130031
1.0,0.1,-315.7752555700709
1.0,0.1125,-315.5329875492677
1.0,0.125,-315.3013830858269
1.0,0.1375,-315.0805176651049
1.0,0.15000000000000002,-314.87046598218745
1.0,0.1625,-314.67130190003815
1.0,0.17500000000000002,-314.4830984061974
1.0,0.1875,-314.30592756804896
1.0,0.2,-314.1398604866793
1.0,0.21250000000000002,-313.9849672493465
1.0,0.225,-313.84131688059284
1.0,0.23750000000000002,-313.70897729203233
1.0,0.25,-313.5880152308507
1.0,0.2625,-313.47849622705803
1.0,0.275,-313.3804845395435
1.0,0.28750000000000003,-313.2940431009777
1.0,0.30000000000000004,-313.2192334616249
1.0,0.3125,-313.15611573211663
1.0,0.325,-313.1047485252552
1.0,0.3375,-313.0651888969184
1.0,0.35000000000000003,-313.0374922861294
1.0,0.36250000000000004,-313.021712454377
1.0,0.375,-313.01790142426466
1.0,0.3875,-313.02610941757257
1.0,0.4,-313.04638479282545
1.0,0.41250000000000003,-313.07877398245387
1.0,0.42500000000000004,-313.12332142965494
1.0,0.4375,-313.18006952504305
1.0,0.45,-313.2490585432041
1.0,0.4625,-313.33032657925327
1.0,0.47500000000000003,-313.4239094855134
1.0,0.48750000000000004,-313.5298408084218
1.0,0.5,-313.6481517257844
1.0,0.5125,-313.77887098449577
1.0,0.525,-313.9220248388447
1.0,0.5375,-314.07763698952607
1.0,0.5499999999999999,-314.24572852348626
1.0,0.5625,-314.4263178547238
1.0,0.575,-314.6194206661722
1.0,0.5875,-314.82504985279365
1.0,0.6,-315.0432154660056
1.0,0.6124999999999999,-315.2739246595704
1.0,0.625,-315.5171816370748
1.0,0.6375,-315.7729876011207
1.0,0.65,-316.0413407043558
1.0,0.6625,-316.3222360024626
1.0,0.6749999999999999,-316.61566540923195
1.0,0.6875,-316.92161765383344
1.0,0.7,-317.2400782404032
1.0,0.7125,-317.571029410061
1.0,0.725,-317.91445010546425
1.0,0.7374999999999999,-318.2703159380072
1.0,0.75,-318.6385991577678
1.0,0.7625,-319.0192686262954
1.0,0.775,-319.412289792337
1.0,0.7875,-319.8176246705877
1.0,0.8,-320.2352318235485
1.0,0.8125,-320.6650663465643
1.0,0.825,-321.1070798561204
1.0,0.8375,-321.56122048145585
1.0,0.85,-322.0274328595543
1.0,0.8625,-322.5056581335641
1.0,0.875,-322.995833954692
1.0,0.8875,-323.4978944876082
1.0,0.9,-324.0117704193936
1.0,0.9125,-324.5373889720527
1.0,0.925,-325.0746739186057
1.0,0.9375,-325.6235456027718
1.0,0.95,-326.18392096224295
1.0,0.9625,-326.7557135555373
1.0,0.975,-327.33883359242293
1.0,0.9875,-327.9331879678882
1.0,1.0,-328.53868029962655
